{"time":"2026-07-07T14:07:46", "level":"INFO", "message":"logger verification entry", "caller":"<stdin>:3"}
{"time":"2026-07-07T14:10:37", "level":"INFO", "message":"Shutting down the event dispatcher", "caller":"/home/hungpham/ds_env/lib/python3.11/site-packages/sqlmesh/core/analytics/dispatcher.py:159"}
{"time":"2026-07-07T14:15:30", "level":"INFO", "message":"[CONFIG] Loaded from /mnt/c/Users/Admin/Downloads/Project/Github/ETL_Project/platforms/orchestration/prefect/config/cophieu68_config.yaml", "caller":"/mnt/c/Users/Admin/Downloads/Project/Github/ETL_Project/scripts/deploy_full_pipeline.py:159"}
{"time":"2026-07-07T14:15:30", "level":"INFO", "message":"[CONFIG] Prefect config loaded successfully", "caller":"/mnt/c/Users/Admin/Downloads/Project/Github/ETL_Project/scripts/deploy_full_pipeline.py:171"}
{"time":"2026-07-07T14:15:30", "level":"INFO", "message":"[ORCHESTRATOR] Discovering all symbols from Cophieu68 extractor...", "caller":"/mnt/c/Users/Admin/Downloads/Project/Github/ETL_Project/scripts/deploy_full_pipeline.py:731"}
{"time":"2026-07-07T14:15:32", "level":"INFO", "message":"Discovered 374 symbols from market VNINDEX", "caller":"/mnt/c/Users/Admin/Downloads/Project/Github/ETL_Project/scripts/deploy_full_pipeline.py:740"}
{"time":"2026-07-07T14:15:34", "level":"INFO", "message":"Discovered 374 symbols from market HNX", "caller":"/mnt/c/Users/Admin/Downloads/Project/Github/ETL_Project/scripts/deploy_full_pipeline.py:740"}
{"time":"2026-07-07T14:15:35", "level":"INFO", "message":"Discovered 374 symbols from market UPCOM", "caller":"/mnt/c/Users/Admin/Downloads/Project/Github/ETL_Project/scripts/deploy_full_pipeline.py:740"}
{"time":"2026-07-07T14:15:38", "level":"INFO", "message":"Discovered 374 symbols from market VN30", "caller":"/mnt/c/Users/Admin/Downloads/Project/Github/ETL_Project/scripts/deploy_full_pipeline.py:740"}
{"time":"2026-07-07T14:15:38", "level":"INFO", "message":"[ORCHESTRATOR] Total discovered unique symbols: 374", "caller":"/mnt/c/Users/Admin/Downloads/Project/Github/ETL_Project/scripts/deploy_full_pipeline.py:746"}
{"time":"2026-07-07T14:15:38", "level":"INFO", "message":"[ORCHESTRATOR] Starting pipeline phase=bronze run_id=run_20260707_071538_e18993 target_date=2026-07-07 symbols=['AAA', 'AAM', 'AAT', 'ABS', 'ABT', 'ACB', 'ACC', 'ACL', 'ADG', 'ADS', 'AGG', 'AGM', 'AGR', 'ANV', 'APG', 'APH', 'ASG', 'ASM', 'ASP', 'AST', 'BAF', 'BBC', 'BCE', 'BCG', 'BCM', 'BFC', 'BHN', 'BIC', 'BID', 'BKG', 'BMC', 'BMI', 'BMP', 'BRC', 'BSI', 'BTP', 'BTT', 'BVH', 'BWE', 'C32', 'C47', 'CCI', 'CCL', 'CDC', 'CHP', 'CIG', 'CII', 'CKG', 'CLC', 'CLL', 'CLW', 'CMG', 'CMV', 'CMX', 'CNG', 'COM', 'CRC', 'CRE', 'CSM', 'CSV', 'CTD', 'CTF', 'CTG', 'CTI', 'CTS', 'CVT', 'D2D', 'DAH', 'DAT', 'DBC', 'DBD', 'DBT', 'DC4', 'DCL', 'DCM', 'DGC', 'DGW', 'DHA', 'DHC', 'DHG', 'DHM', 'DIG', 'DLG', 'DMC', 'DPG', 'DPM', 'DPR', 'DQC', 'DRC', 'DRH', 'DRL', 'DSN', 'DTA', 'DTL', 'DTT', 'DVP', 'DXG', 'DXS', 'DXV', 'EIB', 'ELC', 'EVE', 'EVG', 'FCM', 'FCN', 'FDC', 'FIR', 'FIT', 'FMC', 'FPT', 'FRT', 'FTM', 'FTS', 'GAS', 'GDT', 'GEG', 'GEX', 'GIL', 'GMD', 'GSP', 'GTA', 'GVR', 'HAG', 'HAH', 'HAP', 'HAR', 'HAS', 'HAX', 'HBC', 'HCD', 'HCM', 'HDB', 'HDC', 'HDG', 'HHP', 'HHS', 'HID', 'HII', 'HMC', 'HNG', 'HPG', 'HPX', 'HQC', 'HRC', 'HSG', 'HSL', 'HT1', 'HTI', 'HTL', 'HTN', 'HTV', 'HU1', 'HUB', 'HVH', 'HVN', 'HVX', 'ICT', 'IDI', 'IJC', 'ILB', 'IMP', 'ITC', 'ITD', 'JVC', 'KBC', 'KDC', 'KDH', 'KHG', 'KHP', 'KMR', 'KOS', 'KPF', 'KSB', 'L10', 'LAF', 'LBM', 'LCG', 'LCM', 'LDG', 'LEC', 'LGC', 'LGL', 'LHG', 'LIX', 'LM8', 'LPB', 'LSS', 'MBB', 'MCP', 'MDG', 'MHC', 'MIG', 'MSB', 'MSH', 'MSN', 'MWG', 'NAF', 'NAV', 'NBB', 'NCT', 'NHA', 'NHH', 'NKG', 'NLG', 'NNC', 'NSC', 'NT2', 'NTL', 'NVL', 'NVT', 'OCB', 'OGC', 'OPC', 'ORS', 'PAC', 'PAN', 'PC1', 'PDN', 'PDR', 'PET', 'PGC', 'PGD', 'PGI', 'PHC', 'PHR', 'PIT', 'PJT', 'PLP', 'PLX', 'PMG', 'PNC', 'PNJ', 'POW', 'PPC', 'PSH', 'PTB', 'PTC', 'PTL', 'PVD', 'PVT', 'PXI', 'PXS', 'QCG', 'RAL', 'RDP', 'REE', 'RIC', 'S4A', 'SAB', 'SAM', 'SAV', 'SBA', 'SBT', 'SBV', 'SC5', 'SCR', 'SCS', 'SFC', 'SFG', 'SFI', 'SGN', 'SGR', 'SGT', 'SHA', 'SHB', 'SHI', 'SHP', 'SJD', 'SJS', 'SKG', 'SMA', 'SMB', 'SMC', 'SPM', 'SRC', 'SRF', 'SSB', 'SSC', 'SSI', 'ST8', 'STB', 'STG', 'STK', 'SVC', 'SVD', 'SVI', 'SVT', 'SZC', 'SZL', 'TBC', 'TCB', 'TCD', 'TCH', 'TCL', 'TCM', 'TCO', 'TCR', 'TCT', 'TDC', 'TDG', 'TDH', 'TDM', 'TDP', 'TDW', 'TEG', 'THG', 'TIP', 'TIX', 'TLD', 'TLG', 'TLH', 'TMP', 'TMS', 'TMT', 'TN1', 'TNC', 'TNH', 'TNI', 'TNT', 'TPB', 'TPC', 'TRA', 'TRC', 'TSC', 'TTA', 'TTE', 'TTF', 'TV2', 'TVB', 'TVS', 'TVT', 'TYA', 'UIC', 'VAF', 'VCA', 'VCB', 'VCF', 'VCG', 'VCI', 'VDP', 'VDS', 'VFG', 'VGC', 'VHC', 'VHM', 'VIB', 'VIC', 'VID', 'VIP', 'VIX', 'VJC', 'VMD', 'VND', 'VNE', 'VNG', 'VNL', 'VNM', 'VNS', 'VOS', 'VPB', 'VPD', 'VPG', 'VPH', 'VPI', 'VPS', 'VRC', 'VRE', 'VSC', 'VSH', 'VSI', 'VTB', 'VTO', 'YBM', 'YEG'] backend=polars", "caller":"/mnt/c/Users/Admin/Downloads/Project/Github/ETL_Project/scripts/deploy_full_pipeline.py:780"}
{"time":"2026-07-07T14:15:38", "level":"INFO", "message":"[RUN START] run_id=run_20260707_071538_e18993 | job=master_etl_bronze | layer=bronze | table=all_tables", "caller":"/mnt/c/Users/Admin/Downloads/Project/Github/ETL_Project/platforms/processing/base_processing_subsystem/subsystem34_metadata_repo.py:138"}
{"time":"2026-07-07T14:15:38", "level":"INFO", "message":"[BronzeExecutor] Starting bronze phase for symbols=['AAA', 'AAM', 'AAT', 'ABS', 'ABT', 'ACB', 'ACC', 'ACL', 'ADG', 'ADS', 'AGG', 'AGM', 'AGR', 'ANV', 'APG', 'APH', 'ASG', 'ASM', 'ASP', 'AST', 'BAF', 'BBC', 'BCE', 'BCG', 'BCM', 'BFC', 'BHN', 'BIC', 'BID', 'BKG', 'BMC', 'BMI', 'BMP', 'BRC', 'BSI', 'BTP', 'BTT', 'BVH', 'BWE', 'C32', 'C47', 'CCI', 'CCL', 'CDC', 'CHP', 'CIG', 'CII', 'CKG', 'CLC', 'CLL', 'CLW', 'CMG', 'CMV', 'CMX', 'CNG', 'COM', 'CRC', 'CRE', 'CSM', 'CSV', 'CTD', 'CTF', 'CTG', 'CTI', 'CTS', 'CVT', 'D2D', 'DAH', 'DAT', 'DBC', 'DBD', 'DBT', 'DC4', 'DCL', 'DCM', 'DGC', 'DGW', 'DHA', 'DHC', 'DHG', 'DHM', 'DIG', 'DLG', 'DMC', 'DPG', 'DPM', 'DPR', 'DQC', 'DRC', 'DRH', 'DRL', 'DSN', 'DTA', 'DTL', 'DTT', 'DVP', 'DXG', 'DXS', 'DXV', 'EIB', 'ELC', 'EVE', 'EVG', 'FCM', 'FCN', 'FDC', 'FIR', 'FIT', 'FMC', 'FPT', 'FRT', 'FTM', 'FTS', 'GAS', 'GDT', 'GEG', 'GEX', 'GIL', 'GMD', 'GSP', 'GTA', 'GVR', 'HAG', 'HAH', 'HAP', 'HAR', 'HAS', 'HAX', 'HBC', 'HCD', 'HCM', 'HDB', 'HDC', 'HDG', 'HHP', 'HHS', 'HID', 'HII', 'HMC', 'HNG', 'HPG', 'HPX', 'HQC', 'HRC', 'HSG', 'HSL', 'HT1', 'HTI', 'HTL', 'HTN', 'HTV', 'HU1', 'HUB', 'HVH', 'HVN', 'HVX', 'ICT', 'IDI', 'IJC', 'ILB', 'IMP', 'ITC', 'ITD', 'JVC', 'KBC', 'KDC', 'KDH', 'KHG', 'KHP', 'KMR', 'KOS', 'KPF', 'KSB', 'L10', 'LAF', 'LBM', 'LCG', 'LCM', 'LDG', 'LEC', 'LGC', 'LGL', 'LHG', 'LIX', 'LM8', 'LPB', 'LSS', 'MBB', 'MCP', 'MDG', 'MHC', 'MIG', 'MSB', 'MSH', 'MSN', 'MWG', 'NAF', 'NAV', 'NBB', 'NCT', 'NHA', 'NHH', 'NKG', 'NLG', 'NNC', 'NSC', 'NT2', 'NTL', 'NVL', 'NVT', 'OCB', 'OGC', 'OPC', 'ORS', 'PAC', 'PAN', 'PC1', 'PDN', 'PDR', 'PET', 'PGC', 'PGD', 'PGI', 'PHC', 'PHR', 'PIT', 'PJT', 'PLP', 'PLX', 'PMG', 'PNC', 'PNJ', 'POW', 'PPC', 'PSH', 'PTB', 'PTC', 'PTL', 'PVD', 'PVT', 'PXI', 'PXS', 'QCG', 'RAL', 'RDP', 'REE', 'RIC', 'S4A', 'SAB', 'SAM', 'SAV', 'SBA', 'SBT', 'SBV', 'SC5', 'SCR', 'SCS', 'SFC', 'SFG', 'SFI', 'SGN', 'SGR', 'SGT', 'SHA', 'SHB', 'SHI', 'SHP', 'SJD', 'SJS', 'SKG', 'SMA', 'SMB', 'SMC', 'SPM', 'SRC', 'SRF', 'SSB', 'SSC', 'SSI', 'ST8', 'STB', 'STG', 'STK', 'SVC', 'SVD', 'SVI', 'SVT', 'SZC', 'SZL', 'TBC', 'TCB', 'TCD', 'TCH', 'TCL', 'TCM', 'TCO', 'TCR', 'TCT', 'TDC', 'TDG', 'TDH', 'TDM', 'TDP', 'TDW', 'TEG', 'THG', 'TIP', 'TIX', 'TLD', 'TLG', 'TLH', 'TMP', 'TMS', 'TMT', 'TN1', 'TNC', 'TNH', 'TNI', 'TNT', 'TPB', 'TPC', 'TRA', 'TRC', 'TSC', 'TTA', 'TTE', 'TTF', 'TV2', 'TVB', 'TVS', 'TVT', 'TYA', 'UIC', 'VAF', 'VCA', 'VCB', 'VCF', 'VCG', 'VCI', 'VDP', 'VDS', 'VFG', 'VGC', 'VHC', 'VHM', 'VIB', 'VIC', 'VID', 'VIP', 'VIX', 'VJC', 'VMD', 'VND', 'VNE', 'VNG', 'VNL', 'VNM', 'VNS', 'VOS', 'VPB', 'VPD', 'VPG', 'VPH', 'VPI', 'VPS', 'VRC', 'VRE', 'VSC', 'VSH', 'VSI', 'VTB', 'VTO', 'YBM', 'YEG']", "caller":"/mnt/c/Users/Admin/Downloads/Project/Github/ETL_Project/scripts/deploy_full_pipeline.py:495"}
{"time":"2026-07-07T14:15:38", "level":"INFO", "message":"[BronzeExecutor] Processing symbol=AAA batch_id=batch_AAA_20260707071538_ee6eb434", "caller":"/mnt/c/Users/Admin/Downloads/Project/Github/ETL_Project/scripts/deploy_full_pipeline.py:510"}
{"time":"2026-07-07T14:15:39", "level":"INFO", "message":"[BronzeIngester:AAA] Start processing 101 records.", "caller":"/mnt/c/Users/Admin/Downloads/Project/Github/ETL_Project/scripts/deploy_full_pipeline.py:302"}
{"time":"2026-07-07T14:15:39", "level":"WARNING", "message":"[BronzeIngester:AAA] No records passed DQ checks.", "caller":"/mnt/c/Users/Admin/Downloads/Project/Github/ETL_Project/scripts/deploy_full_pipeline.py:311"}
{"time":"2026-07-07T14:15:39", "level":"WARNING", "message":"[WARNING] 101 rejected records in bronze ingestion for AAA | record_id=None", "caller":"/mnt/c/Users/Admin/Downloads/Project/Github/ETL_Project/platforms/processing/base_processing_subsystem/subsystem5_and_30_error_event_schema_and_escalate.py:114"}
{"time":"2026-07-07T14:15:39", "level":"INFO", "message":"[LINEAGE] external.cophieu68_AAA -> bronze.bronze_stock_prices | op=APPEND | rows=0", "caller":"/mnt/c/Users/Admin/Downloads/Project/Github/ETL_Project/platforms/processing/base_processing_subsystem/subsystem34_metadata_repo.py:372"}
{"time":"2026-07-07T14:15:39", "level":"INFO", "message":"[BronzeExecutor] Processing symbol=AAM batch_id=batch_AAM_20260707071539_71a14fd7", "caller":"/mnt/c/Users/Admin/Downloads/Project/Github/ETL_Project/scripts/deploy_full_pipeline.py:510"}
{"time":"2026-07-07T14:15:40", "level":"INFO", "message":"[BronzeIngester:AAM] Start processing 101 records.", "caller":"/mnt/c/Users/Admin/Downloads/Project/Github/ETL_Project/scripts/deploy_full_pipeline.py:302"}
{"time":"2026-07-07T14:15:40", "level":"WARNING", "message":"[BronzeIngester:AAM] No records passed DQ checks.", "caller":"/mnt/c/Users/Admin/Downloads/Project/Github/ETL_Project/scripts/deploy_full_pipeline.py:311"}
{"time":"2026-07-07T14:15:40", "level":"WARNING", "message":"[WARNING] 101 rejected records in bronze ingestion for AAM | record_id=None", "caller":"/mnt/c/Users/Admin/Downloads/Project/Github/ETL_Project/platforms/processing/base_processing_subsystem/subsystem5_and_30_error_event_schema_and_escalate.py:114"}
{"time":"2026-07-07T14:15:40", "level":"INFO", "message":"[LINEAGE] external.cophieu68_AAM -> bronze.bronze_stock_prices | op=APPEND | rows=0", "caller":"/mnt/c/Users/Admin/Downloads/Project/Github/ETL_Project/platforms/processing/base_processing_subsystem/subsystem34_metadata_repo.py:372"}
{"time":"2026-07-07T14:15:40", "level":"INFO", "message":"[BronzeExecutor] Processing symbol=AAT batch_id=batch_AAT_20260707071540_346d0ff1", "caller":"/mnt/c/Users/Admin/Downloads/Project/Github/ETL_Project/scripts/deploy_full_pipeline.py:510"}
{"time":"2026-07-07T14:15:40", "level":"INFO", "message":"[BronzeIngester:AAT] Start processing 101 records.", "caller":"/mnt/c/Users/Admin/Downloads/Project/Github/ETL_Project/scripts/deploy_full_pipeline.py:302"}
{"time":"2026-07-07T14:15:40", "level":"WARNING", "message":"[BronzeIngester:AAT] No records passed DQ checks.", "caller":"/mnt/c/Users/Admin/Downloads/Project/Github/ETL_Project/scripts/deploy_full_pipeline.py:311"}
{"time":"2026-07-07T14:15:40", "level":"WARNING", "message":"[WARNING] 101 rejected records in bronze ingestion for AAT | record_id=None", "caller":"/mnt/c/Users/Admin/Downloads/Project/Github/ETL_Project/platforms/processing/base_processing_subsystem/subsystem5_and_30_error_event_schema_and_escalate.py:114"}
{"time":"2026-07-07T14:15:40", "level":"INFO", "message":"[LINEAGE] external.cophieu68_AAT -> bronze.bronze_stock_prices | op=APPEND | rows=0", "caller":"/mnt/c/Users/Admin/Downloads/Project/Github/ETL_Project/platforms/processing/base_processing_subsystem/subsystem34_metadata_repo.py:372"}
{"time":"2026-07-07T14:15:40", "level":"INFO", "message":"[BronzeExecutor] Processing symbol=ABS batch_id=batch_ABS_20260707071540_a97da127", "caller":"/mnt/c/Users/Admin/Downloads/Project/Github/ETL_Project/scripts/deploy_full_pipeline.py:510"}
{"time":"2026-07-07T14:15:41", "level":"INFO", "message":"[BronzeIngester:ABS] Start processing 101 records.", "caller":"/mnt/c/Users/Admin/Downloads/Project/Github/ETL_Project/scripts/deploy_full_pipeline.py:302"}
{"time":"2026-07-07T14:15:41", "level":"WARNING", "message":"[BronzeIngester:ABS] No records passed DQ checks.", "caller":"/mnt/c/Users/Admin/Downloads/Project/Github/ETL_Project/scripts/deploy_full_pipeline.py:311"}
{"time":"2026-07-07T14:15:41", "level":"WARNING", "message":"[WARNING] 101 rejected records in bronze ingestion for ABS | record_id=None", "caller":"/mnt/c/Users/Admin/Downloads/Project/Github/ETL_Project/platforms/processing/base_processing_subsystem/subsystem5_and_30_error_event_schema_and_escalate.py:114"}
{"time":"2026-07-07T14:15:41", "level":"INFO", "message":"[LINEAGE] external.cophieu68_ABS -> bronze.bronze_stock_prices | op=APPEND | rows=0", "caller":"/mnt/c/Users/Admin/Downloads/Project/Github/ETL_Project/platforms/processing/base_processing_subsystem/subsystem34_metadata_repo.py:372"}
{"time":"2026-07-07T14:15:41", "level":"INFO", "message":"[BronzeExecutor] Processing symbol=ABT batch_id=batch_ABT_20260707071541_9a2fe32d", "caller":"/mnt/c/Users/Admin/Downloads/Project/Github/ETL_Project/scripts/deploy_full_pipeline.py:510"}
{"time":"2026-07-07T14:15:42", "level":"INFO", "message":"[BronzeIngester:ABT] Start processing 101 records.", "caller":"/mnt/c/Users/Admin/Downloads/Project/Github/ETL_Project/scripts/deploy_full_pipeline.py:302"}
{"time":"2026-07-07T14:15:42", "level":"WARNING", "message":"[BronzeIngester:ABT] No records passed DQ checks.", "caller":"/mnt/c/Users/Admin/Downloads/Project/Github/ETL_Project/scripts/deploy_full_pipeline.py:311"}
{"time":"2026-07-07T14:15:42", "level":"WARNING", "message":"[WARNING] 101 rejected records in bronze ingestion for ABT | record_id=None", "caller":"/mnt/c/Users/Admin/Downloads/Project/Github/ETL_Project/platforms/processing/base_processing_subsystem/subsystem5_and_30_error_event_schema_and_escalate.py:114"}
{"time":"2026-07-07T14:15:42", "level":"INFO", "message":"[LINEAGE] external.cophieu68_ABT -> bronze.bronze_stock_prices | op=APPEND | rows=0", "caller":"/mnt/c/Users/Admin/Downloads/Project/Github/ETL_Project/platforms/processing/base_processing_subsystem/subsystem34_metadata_repo.py:372"}
{"time":"2026-07-07T14:15:42", "level":"INFO", "message":"[BronzeExecutor] Processing symbol=ACB batch_id=batch_ACB_20260707071542_c448fa85", "caller":"/mnt/c/Users/Admin/Downloads/Project/Github/ETL_Project/scripts/deploy_full_pipeline.py:510"}
{"time":"2026-07-07T14:15:43", "level":"INFO", "message":"[BronzeIngester:ACB] Start processing 101 records.", "caller":"/mnt/c/Users/Admin/Downloads/Project/Github/ETL_Project/scripts/deploy_full_pipeline.py:302"}
{"time":"2026-07-07T14:15:43", "level":"WARNING", "message":"[BronzeIngester:ACB] No records passed DQ checks.", "caller":"/mnt/c/Users/Admin/Downloads/Project/Github/ETL_Project/scripts/deploy_full_pipeline.py:311"}
{"time":"2026-07-07T14:15:43", "level":"WARNING", "message":"[WARNING] 101 rejected records in bronze ingestion for ACB | record_id=None", "caller":"/mnt/c/Users/Admin/Downloads/Project/Github/ETL_Project/platforms/processing/base_processing_subsystem/subsystem5_and_30_error_event_schema_and_escalate.py:114"}
{"time":"2026-07-07T14:15:43", "level":"INFO", "message":"[LINEAGE] external.cophieu68_ACB -> bronze.bronze_stock_prices | op=APPEND | rows=0", "caller":"/mnt/c/Users/Admin/Downloads/Project/Github/ETL_Project/platforms/processing/base_processing_subsystem/subsystem34_metadata_repo.py:372"}
{"time":"2026-07-07T14:15:43", "level":"INFO", "message":"[BronzeExecutor] Processing symbol=ACC batch_id=batch_ACC_20260707071543_4c4f3184", "caller":"/mnt/c/Users/Admin/Downloads/Project/Github/ETL_Project/scripts/deploy_full_pipeline.py:510"}
{"time":"2026-07-07T14:15:44", "level":"INFO", "message":"[BronzeIngester:ACC] Start processing 101 records.", "caller":"/mnt/c/Users/Admin/Downloads/Project/Github/ETL_Project/scripts/deploy_full_pipeline.py:302"}
{"time":"2026-07-07T14:15:44", "level":"WARNING", "message":"[BronzeIngester:ACC] No records passed DQ checks.", "caller":"/mnt/c/Users/Admin/Downloads/Project/Github/ETL_Project/scripts/deploy_full_pipeline.py:311"}
{"time":"2026-07-07T14:15:44", "level":"WARNING", "message":"[WARNING] 101 rejected records in bronze ingestion for ACC | record_id=None", "caller":"/mnt/c/Users/Admin/Downloads/Project/Github/ETL_Project/platforms/processing/base_processing_subsystem/subsystem5_and_30_error_event_schema_and_escalate.py:114"}
{"time":"2026-07-07T14:15:44", "level":"INFO", "message":"[LINEAGE] external.cophieu68_ACC -> bronze.bronze_stock_prices | op=APPEND | rows=0", "caller":"/mnt/c/Users/Admin/Downloads/Project/Github/ETL_Project/platforms/processing/base_processing_subsystem/subsystem34_metadata_repo.py:372"}
{"time":"2026-07-07T14:15:44", "level":"INFO", "message":"[BronzeExecutor] Processing symbol=ACL batch_id=batch_ACL_20260707071544_d3936cf5", "caller":"/mnt/c/Users/Admin/Downloads/Project/Github/ETL_Project/scripts/deploy_full_pipeline.py:510"}
{"time":"2026-07-07T14:15:44", "level":"INFO", "message":"[BronzeIngester:ACL] Start processing 101 records.", "caller":"/mnt/c/Users/Admin/Downloads/Project/Github/ETL_Project/scripts/deploy_full_pipeline.py:302"}
{"time":"2026-07-07T14:15:44", "level":"WARNING", "message":"[BronzeIngester:ACL] No records passed DQ checks.", "caller":"/mnt/c/Users/Admin/Downloads/Project/Github/ETL_Project/scripts/deploy_full_pipeline.py:311"}
{"time":"2026-07-07T14:15:44", "level":"WARNING", "message":"[WARNING] 101 rejected records in bronze ingestion for ACL | record_id=None", "caller":"/mnt/c/Users/Admin/Downloads/Project/Github/ETL_Project/platforms/processing/base_processing_subsystem/subsystem5_and_30_error_event_schema_and_escalate.py:114"}
{"time":"2026-07-07T14:15:44", "level":"INFO", "message":"[LINEAGE] external.cophieu68_ACL -> bronze.bronze_stock_prices | op=APPEND | rows=0", "caller":"/mnt/c/Users/Admin/Downloads/Project/Github/ETL_Project/platforms/processing/base_processing_subsystem/subsystem34_metadata_repo.py:372"}
{"time":"2026-07-07T14:15:44", "level":"INFO", "message":"[BronzeExecutor] Processing symbol=ADG batch_id=batch_ADG_20260707071544_8a9a5166", "caller":"/mnt/c/Users/Admin/Downloads/Project/Github/ETL_Project/scripts/deploy_full_pipeline.py:510"}
{"time":"2026-07-07T14:15:45", "level":"INFO", "message":"[BronzeIngester:ADG] Start processing 101 records.", "caller":"/mnt/c/Users/Admin/Downloads/Project/Github/ETL_Project/scripts/deploy_full_pipeline.py:302"}
{"time":"2026-07-07T14:15:45", "level":"WARNING", "message":"[BronzeIngester:ADG] No records passed DQ checks.", "caller":"/mnt/c/Users/Admin/Downloads/Project/Github/ETL_Project/scripts/deploy_full_pipeline.py:311"}
{"time":"2026-07-07T14:15:45", "level":"WARNING", "message":"[WARNING] 101 rejected records in bronze ingestion for ADG | record_id=None", "caller":"/mnt/c/Users/Admin/Downloads/Project/Github/ETL_Project/platforms/processing/base_processing_subsystem/subsystem5_and_30_error_event_schema_and_escalate.py:114"}
{"time":"2026-07-07T14:15:45", "level":"INFO", "message":"[LINEAGE] external.cophieu68_ADG -> bronze.bronze_stock_prices | op=APPEND | rows=0", "caller":"/mnt/c/Users/Admin/Downloads/Project/Github/ETL_Project/platforms/processing/base_processing_subsystem/subsystem34_metadata_repo.py:372"}
{"time":"2026-07-07T14:15:45", "level":"INFO", "message":"[BronzeExecutor] Processing symbol=ADS batch_id=batch_ADS_20260707071545_d5522972", "caller":"/mnt/c/Users/Admin/Downloads/Project/Github/ETL_Project/scripts/deploy_full_pipeline.py:510"}
{"time":"2026-07-07T14:15:46", "level":"INFO", "message":"[BronzeIngester:ADS] Start processing 101 records.", "caller":"/mnt/c/Users/Admin/Downloads/Project/Github/ETL_Project/scripts/deploy_full_pipeline.py:302"}
{"time":"2026-07-07T14:15:46", "level":"WARNING", "message":"[BronzeIngester:ADS] No records passed DQ checks.", "caller":"/mnt/c/Users/Admin/Downloads/Project/Github/ETL_Project/scripts/deploy_full_pipeline.py:311"}
{"time":"2026-07-07T14:15:46", "level":"WARNING", "message":"[WARNING] 101 rejected records in bronze ingestion for ADS | record_id=None", "caller":"/mnt/c/Users/Admin/Downloads/Project/Github/ETL_Project/platforms/processing/base_processing_subsystem/subsystem5_and_30_error_event_schema_and_escalate.py:114"}
{"time":"2026-07-07T14:15:46", "level":"INFO", "message":"[LINEAGE] external.cophieu68_ADS -> bronze.bronze_stock_prices | op=APPEND | rows=0", "caller":"/mnt/c/Users/Admin/Downloads/Project/Github/ETL_Project/platforms/processing/base_processing_subsystem/subsystem34_metadata_repo.py:372"}
{"time":"2026-07-07T14:15:46", "level":"INFO", "message":"[BronzeExecutor] Processing symbol=AGG batch_id=batch_AGG_20260707071546_8266e73a", "caller":"/mnt/c/Users/Admin/Downloads/Project/Github/ETL_Project/scripts/deploy_full_pipeline.py:510"}
{"time":"2026-07-07T14:15:46", "level":"INFO", "message":"[BronzeIngester:AGG] Start processing 101 records.", "caller":"/mnt/c/Users/Admin/Downloads/Project/Github/ETL_Project/scripts/deploy_full_pipeline.py:302"}
{"time":"2026-07-07T14:15:46", "level":"WARNING", "message":"[BronzeIngester:AGG] No records passed DQ checks.", "caller":"/mnt/c/Users/Admin/Downloads/Project/Github/ETL_Project/scripts/deploy_full_pipeline.py:311"}
{"time":"2026-07-07T14:15:46", "level":"WARNING", "message":"[WARNING] 101 rejected records in bronze ingestion for AGG | record_id=None", "caller":"/mnt/c/Users/Admin/Downloads/Project/Github/ETL_Project/platforms/processing/base_processing_subsystem/subsystem5_and_30_error_event_schema_and_escalate.py:114"}
{"time":"2026-07-07T14:15:46", "level":"INFO", "message":"[LINEAGE] external.cophieu68_AGG -> bronze.bronze_stock_prices | op=APPEND | rows=0", "caller":"/mnt/c/Users/Admin/Downloads/Project/Github/ETL_Project/platforms/processing/base_processing_subsystem/subsystem34_metadata_repo.py:372"}
{"time":"2026-07-07T14:15:46", "level":"INFO", "message":"[BronzeExecutor] Processing symbol=AGM batch_id=batch_AGM_20260707071546_2879eae4", "caller":"/mnt/c/Users/Admin/Downloads/Project/Github/ETL_Project/scripts/deploy_full_pipeline.py:510"}
{"time":"2026-07-07T14:15:47", "level":"INFO", "message":"[BronzeIngester:AGM] Start processing 101 records.", "caller":"/mnt/c/Users/Admin/Downloads/Project/Github/ETL_Project/scripts/deploy_full_pipeline.py:302"}
{"time":"2026-07-07T14:15:47", "level":"WARNING", "message":"[BronzeIngester:AGM] No records passed DQ checks.", "caller":"/mnt/c/Users/Admin/Downloads/Project/Github/ETL_Project/scripts/deploy_full_pipeline.py:311"}
{"time":"2026-07-07T14:15:47", "level":"WARNING", "message":"[WARNING] 101 rejected records in bronze ingestion for AGM | record_id=None", "caller":"/mnt/c/Users/Admin/Downloads/Project/Github/ETL_Project/platforms/processing/base_processing_subsystem/subsystem5_and_30_error_event_schema_and_escalate.py:114"}
{"time":"2026-07-07T14:15:47", "level":"INFO", "message":"[LINEAGE] external.cophieu68_AGM -> bronze.bronze_stock_prices | op=APPEND | rows=0", "caller":"/mnt/c/Users/Admin/Downloads/Project/Github/ETL_Project/platforms/processing/base_processing_subsystem/subsystem34_metadata_repo.py:372"}
{"time":"2026-07-07T14:15:47", "level":"INFO", "message":"[BronzeExecutor] Processing symbol=AGR batch_id=batch_AGR_20260707071547_b89192c9", "caller":"/mnt/c/Users/Admin/Downloads/Project/Github/ETL_Project/scripts/deploy_full_pipeline.py:510"}
{"time":"2026-07-07T14:15:48", "level":"INFO", "message":"[BronzeIngester:AGR] Start processing 101 records.", "caller":"/mnt/c/Users/Admin/Downloads/Project/Github/ETL_Project/scripts/deploy_full_pipeline.py:302"}
{"time":"2026-07-07T14:15:48", "level":"WARNING", "message":"[BronzeIngester:AGR] No records passed DQ checks.", "caller":"/mnt/c/Users/Admin/Downloads/Project/Github/ETL_Project/scripts/deploy_full_pipeline.py:311"}
{"time":"2026-07-07T14:15:48", "level":"WARNING", "message":"[WARNING] 101 rejected records in bronze ingestion for AGR | record_id=None", "caller":"/mnt/c/Users/Admin/Downloads/Project/Github/ETL_Project/platforms/processing/base_processing_subsystem/subsystem5_and_30_error_event_schema_and_escalate.py:114"}
{"time":"2026-07-07T14:15:48", "level":"INFO", "message":"[LINEAGE] external.cophieu68_AGR -> bronze.bronze_stock_prices | op=APPEND | rows=0", "caller":"/mnt/c/Users/Admin/Downloads/Project/Github/ETL_Project/platforms/processing/base_processing_subsystem/subsystem34_metadata_repo.py:372"}
{"time":"2026-07-07T14:15:48", "level":"INFO", "message":"[BronzeExecutor] Processing symbol=ANV batch_id=batch_ANV_20260707071548_61235c26", "caller":"/mnt/c/Users/Admin/Downloads/Project/Github/ETL_Project/scripts/deploy_full_pipeline.py:510"}
{"time":"2026-07-07T14:15:49", "level":"INFO", "message":"[BronzeIngester:ANV] Start processing 101 records.", "caller":"/mnt/c/Users/Admin/Downloads/Project/Github/ETL_Project/scripts/deploy_full_pipeline.py:302"}
{"time":"2026-07-07T14:15:49", "level":"WARNING", "message":"[BronzeIngester:ANV] No records passed DQ checks.", "caller":"/mnt/c/Users/Admin/Downloads/Project/Github/ETL_Project/scripts/deploy_full_pipeline.py:311"}
{"time":"2026-07-07T14:15:49", "level":"WARNING", "message":"[WARNING] 101 rejected records in bronze ingestion for ANV | record_id=None", "caller":"/mnt/c/Users/Admin/Downloads/Project/Github/ETL_Project/platforms/processing/base_processing_subsystem/subsystem5_and_30_error_event_schema_and_escalate.py:114"}
{"time":"2026-07-07T14:15:49", "level":"INFO", "message":"[LINEAGE] external.cophieu68_ANV -> bronze.bronze_stock_prices | op=APPEND | rows=0", "caller":"/mnt/c/Users/Admin/Downloads/Project/Github/ETL_Project/platforms/processing/base_processing_subsystem/subsystem34_metadata_repo.py:372"}
{"time":"2026-07-07T14:15:49", "level":"INFO", "message":"[BronzeExecutor] Processing symbol=APG batch_id=batch_APG_20260707071549_a3dec924", "caller":"/mnt/c/Users/Admin/Downloads/Project/Github/ETL_Project/scripts/deploy_full_pipeline.py:510"}
{"time":"2026-07-07T14:15:49", "level":"INFO", "message":"[BronzeIngester:APG] Start processing 101 records.", "caller":"/mnt/c/Users/Admin/Downloads/Project/Github/ETL_Project/scripts/deploy_full_pipeline.py:302"}
{"time":"2026-07-07T14:15:49", "level":"WARNING", "message":"[BronzeIngester:APG] No records passed DQ checks.", "caller":"/mnt/c/Users/Admin/Downloads/Project/Github/ETL_Project/scripts/deploy_full_pipeline.py:311"}
{"time":"2026-07-07T14:15:49", "level":"WARNING", "message":"[WARNING] 101 rejected records in bronze ingestion for APG | record_id=None", "caller":"/mnt/c/Users/Admin/Downloads/Project/Github/ETL_Project/platforms/processing/base_processing_subsystem/subsystem5_and_30_error_event_schema_and_escalate.py:114"}
{"time":"2026-07-07T14:15:49", "level":"INFO", "message":"[LINEAGE] external.cophieu68_APG -> bronze.bronze_stock_prices | op=APPEND | rows=0", "caller":"/mnt/c/Users/Admin/Downloads/Project/Github/ETL_Project/platforms/processing/base_processing_subsystem/subsystem34_metadata_repo.py:372"}
{"time":"2026-07-07T14:15:49", "level":"INFO", "message":"[BronzeExecutor] Processing symbol=APH batch_id=batch_APH_20260707071549_d1479eeb", "caller":"/mnt/c/Users/Admin/Downloads/Project/Github/ETL_Project/scripts/deploy_full_pipeline.py:510"}
{"time":"2026-07-07T14:15:50", "level":"INFO", "message":"[BronzeIngester:APH] Start processing 101 records.", "caller":"/mnt/c/Users/Admin/Downloads/Project/Github/ETL_Project/scripts/deploy_full_pipeline.py:302"}
{"time":"2026-07-07T14:15:50", "level":"WARNING", "message":"[BronzeIngester:APH] No records passed DQ checks.", "caller":"/mnt/c/Users/Admin/Downloads/Project/Github/ETL_Project/scripts/deploy_full_pipeline.py:311"}
{"time":"2026-07-07T14:15:50", "level":"WARNING", "message":"[WARNING] 101 rejected records in bronze ingestion for APH | record_id=None", "caller":"/mnt/c/Users/Admin/Downloads/Project/Github/ETL_Project/platforms/processing/base_processing_subsystem/subsystem5_and_30_error_event_schema_and_escalate.py:114"}
{"time":"2026-07-07T14:15:50", "level":"INFO", "message":"[LINEAGE] external.cophieu68_APH -> bronze.bronze_stock_prices | op=APPEND | rows=0", "caller":"/mnt/c/Users/Admin/Downloads/Project/Github/ETL_Project/platforms/processing/base_processing_subsystem/subsystem34_metadata_repo.py:372"}
{"time":"2026-07-07T14:15:50", "level":"INFO", "message":"[BronzeExecutor] Processing symbol=ASG batch_id=batch_ASG_20260707071550_c138722f", "caller":"/mnt/c/Users/Admin/Downloads/Project/Github/ETL_Project/scripts/deploy_full_pipeline.py:510"}
{"time":"2026-07-07T14:15:51", "level":"INFO", "message":"[BronzeIngester:ASG] Start processing 101 records.", "caller":"/mnt/c/Users/Admin/Downloads/Project/Github/ETL_Project/scripts/deploy_full_pipeline.py:302"}
{"time":"2026-07-07T14:15:51", "level":"WARNING", "message":"[BronzeIngester:ASG] No records passed DQ checks.", "caller":"/mnt/c/Users/Admin/Downloads/Project/Github/ETL_Project/scripts/deploy_full_pipeline.py:311"}
{"time":"2026-07-07T14:15:51", "level":"WARNING", "message":"[WARNING] 101 rejected records in bronze ingestion for ASG | record_id=None", "caller":"/mnt/c/Users/Admin/Downloads/Project/Github/ETL_Project/platforms/processing/base_processing_subsystem/subsystem5_and_30_error_event_schema_and_escalate.py:114"}
{"time":"2026-07-07T14:15:51", "level":"INFO", "message":"[LINEAGE] external.cophieu68_ASG -> bronze.bronze_stock_prices | op=APPEND | rows=0", "caller":"/mnt/c/Users/Admin/Downloads/Project/Github/ETL_Project/platforms/processing/base_processing_subsystem/subsystem34_metadata_repo.py:372"}
{"time":"2026-07-07T14:15:51", "level":"INFO", "message":"[BronzeExecutor] Processing symbol=ASM batch_id=batch_ASM_20260707071551_65c53bd2", "caller":"/mnt/c/Users/Admin/Downloads/Project/Github/ETL_Project/scripts/deploy_full_pipeline.py:510"}
{"time":"2026-07-07T14:15:51", "level":"INFO", "message":"[BronzeIngester:ASM] Start processing 101 records.", "caller":"/mnt/c/Users/Admin/Downloads/Project/Github/ETL_Project/scripts/deploy_full_pipeline.py:302"}
{"time":"2026-07-07T14:15:51", "level":"WARNING", "message":"[BronzeIngester:ASM] No records passed DQ checks.", "caller":"/mnt/c/Users/Admin/Downloads/Project/Github/ETL_Project/scripts/deploy_full_pipeline.py:311"}
{"time":"2026-07-07T14:15:51", "level":"WARNING", "message":"[WARNING] 101 rejected records in bronze ingestion for ASM | record_id=None", "caller":"/mnt/c/Users/Admin/Downloads/Project/Github/ETL_Project/platforms/processing/base_processing_subsystem/subsystem5_and_30_error_event_schema_and_escalate.py:114"}
{"time":"2026-07-07T14:15:51", "level":"INFO", "message":"[LINEAGE] external.cophieu68_ASM -> bronze.bronze_stock_prices | op=APPEND | rows=0", "caller":"/mnt/c/Users/Admin/Downloads/Project/Github/ETL_Project/platforms/processing/base_processing_subsystem/subsystem34_metadata_repo.py:372"}
{"time":"2026-07-07T14:15:51", "level":"INFO", "message":"[BronzeExecutor] Processing symbol=ASP batch_id=batch_ASP_20260707071551_c389eeb1", "caller":"/mnt/c/Users/Admin/Downloads/Project/Github/ETL_Project/scripts/deploy_full_pipeline.py:510"}
{"time":"2026-07-07T14:15:52", "level":"INFO", "message":"[BronzeIngester:ASP] Start processing 101 records.", "caller":"/mnt/c/Users/Admin/Downloads/Project/Github/ETL_Project/scripts/deploy_full_pipeline.py:302"}
{"time":"2026-07-07T14:15:52", "level":"WARNING", "message":"[BronzeIngester:ASP] No records passed DQ checks.", "caller":"/mnt/c/Users/Admin/Downloads/Project/Github/ETL_Project/scripts/deploy_full_pipeline.py:311"}
{"time":"2026-07-07T14:15:52", "level":"WARNING", "message":"[WARNING] 101 rejected records in bronze ingestion for ASP | record_id=None", "caller":"/mnt/c/Users/Admin/Downloads/Project/Github/ETL_Project/platforms/processing/base_processing_subsystem/subsystem5_and_30_error_event_schema_and_escalate.py:114"}
{"time":"2026-07-07T14:15:52", "level":"INFO", "message":"[LINEAGE] external.cophieu68_ASP -> bronze.bronze_stock_prices | op=APPEND | rows=0", "caller":"/mnt/c/Users/Admin/Downloads/Project/Github/ETL_Project/platforms/processing/base_processing_subsystem/subsystem34_metadata_repo.py:372"}
{"time":"2026-07-07T14:15:52", "level":"INFO", "message":"[BronzeExecutor] Processing symbol=AST batch_id=batch_AST_20260707071552_39e6a72d", "caller":"/mnt/c/Users/Admin/Downloads/Project/Github/ETL_Project/scripts/deploy_full_pipeline.py:510"}
{"time":"2026-07-07T14:15:52", "level":"INFO", "message":"[BronzeIngester:AST] Start processing 101 records.", "caller":"/mnt/c/Users/Admin/Downloads/Project/Github/ETL_Project/scripts/deploy_full_pipeline.py:302"}
{"time":"2026-07-07T14:15:52", "level":"WARNING", "message":"[BronzeIngester:AST] No records passed DQ checks.", "caller":"/mnt/c/Users/Admin/Downloads/Project/Github/ETL_Project/scripts/deploy_full_pipeline.py:311"}
{"time":"2026-07-07T14:15:52", "level":"WARNING", "message":"[WARNING] 101 rejected records in bronze ingestion for AST | record_id=None", "caller":"/mnt/c/Users/Admin/Downloads/Project/Github/ETL_Project/platforms/processing/base_processing_subsystem/subsystem5_and_30_error_event_schema_and_escalate.py:114"}
{"time":"2026-07-07T14:15:52", "level":"INFO", "message":"[LINEAGE] external.cophieu68_AST -> bronze.bronze_stock_prices | op=APPEND | rows=0", "caller":"/mnt/c/Users/Admin/Downloads/Project/Github/ETL_Project/platforms/processing/base_processing_subsystem/subsystem34_metadata_repo.py:372"}
{"time":"2026-07-07T14:15:52", "level":"INFO", "message":"[BronzeExecutor] Processing symbol=BAF batch_id=batch_BAF_20260707071552_a177005c", "caller":"/mnt/c/Users/Admin/Downloads/Project/Github/ETL_Project/scripts/deploy_full_pipeline.py:510"}
{"time":"2026-07-07T14:15:53", "level":"INFO", "message":"[BronzeIngester:BAF] Start processing 101 records.", "caller":"/mnt/c/Users/Admin/Downloads/Project/Github/ETL_Project/scripts/deploy_full_pipeline.py:302"}
{"time":"2026-07-07T14:15:53", "level":"WARNING", "message":"[BronzeIngester:BAF] No records passed DQ checks.", "caller":"/mnt/c/Users/Admin/Downloads/Project/Github/ETL_Project/scripts/deploy_full_pipeline.py:311"}
{"time":"2026-07-07T14:15:53", "level":"WARNING", "message":"[WARNING] 101 rejected records in bronze ingestion for BAF | record_id=None", "caller":"/mnt/c/Users/Admin/Downloads/Project/Github/ETL_Project/platforms/processing/base_processing_subsystem/subsystem5_and_30_error_event_schema_and_escalate.py:114"}
{"time":"2026-07-07T14:15:53", "level":"INFO", "message":"[LINEAGE] external.cophieu68_BAF -> bronze.bronze_stock_prices | op=APPEND | rows=0", "caller":"/mnt/c/Users/Admin/Downloads/Project/Github/ETL_Project/platforms/processing/base_processing_subsystem/subsystem34_metadata_repo.py:372"}
{"time":"2026-07-07T14:15:53", "level":"INFO", "message":"[BronzeExecutor] Processing symbol=BBC batch_id=batch_BBC_20260707071553_090bc62b", "caller":"/mnt/c/Users/Admin/Downloads/Project/Github/ETL_Project/scripts/deploy_full_pipeline.py:510"}
{"time":"2026-07-07T14:15:54", "level":"INFO", "message":"[BronzeIngester:BBC] Start processing 101 records.", "caller":"/mnt/c/Users/Admin/Downloads/Project/Github/ETL_Project/scripts/deploy_full_pipeline.py:302"}
{"time":"2026-07-07T14:15:54", "level":"WARNING", "message":"[BronzeIngester:BBC] No records passed DQ checks.", "caller":"/mnt/c/Users/Admin/Downloads/Project/Github/ETL_Project/scripts/deploy_full_pipeline.py:311"}
{"time":"2026-07-07T14:15:54", "level":"WARNING", "message":"[WARNING] 101 rejected records in bronze ingestion for BBC | record_id=None", "caller":"/mnt/c/Users/Admin/Downloads/Project/Github/ETL_Project/platforms/processing/base_processing_subsystem/subsystem5_and_30_error_event_schema_and_escalate.py:114"}
{"time":"2026-07-07T14:15:54", "level":"INFO", "message":"[LINEAGE] external.cophieu68_BBC -> bronze.bronze_stock_prices | op=APPEND | rows=0", "caller":"/mnt/c/Users/Admin/Downloads/Project/Github/ETL_Project/platforms/processing/base_processing_subsystem/subsystem34_metadata_repo.py:372"}
{"time":"2026-07-07T14:15:54", "level":"INFO", "message":"[BronzeExecutor] Processing symbol=BCE batch_id=batch_BCE_20260707071554_ce1771e2", "caller":"/mnt/c/Users/Admin/Downloads/Project/Github/ETL_Project/scripts/deploy_full_pipeline.py:510"}
{"time":"2026-07-07T14:15:55", "level":"INFO", "message":"[BronzeIngester:BCE] Start processing 101 records.", "caller":"/mnt/c/Users/Admin/Downloads/Project/Github/ETL_Project/scripts/deploy_full_pipeline.py:302"}
{"time":"2026-07-07T14:15:55", "level":"WARNING", "message":"[BronzeIngester:BCE] No records passed DQ checks.", "caller":"/mnt/c/Users/Admin/Downloads/Project/Github/ETL_Project/scripts/deploy_full_pipeline.py:311"}
{"time":"2026-07-07T14:15:55", "level":"WARNING", "message":"[WARNING] 101 rejected records in bronze ingestion for BCE | record_id=None", "caller":"/mnt/c/Users/Admin/Downloads/Project/Github/ETL_Project/platforms/processing/base_processing_subsystem/subsystem5_and_30_error_event_schema_and_escalate.py:114"}
{"time":"2026-07-07T14:15:55", "level":"INFO", "message":"[LINEAGE] external.cophieu68_BCE -> bronze.bronze_stock_prices | op=APPEND | rows=0", "caller":"/mnt/c/Users/Admin/Downloads/Project/Github/ETL_Project/platforms/processing/base_processing_subsystem/subsystem34_metadata_repo.py:372"}
{"time":"2026-07-07T14:15:55", "level":"INFO", "message":"[BronzeExecutor] Processing symbol=BCG batch_id=batch_BCG_20260707071555_e143da29", "caller":"/mnt/c/Users/Admin/Downloads/Project/Github/ETL_Project/scripts/deploy_full_pipeline.py:510"}
{"time":"2026-07-07T14:15:56", "level":"INFO", "message":"[BronzeIngester:BCG] Start processing 101 records.", "caller":"/mnt/c/Users/Admin/Downloads/Project/Github/ETL_Project/scripts/deploy_full_pipeline.py:302"}
{"time":"2026-07-07T14:15:56", "level":"WARNING", "message":"[BronzeIngester:BCG] No records passed DQ checks.", "caller":"/mnt/c/Users/Admin/Downloads/Project/Github/ETL_Project/scripts/deploy_full_pipeline.py:311"}
{"time":"2026-07-07T14:15:56", "level":"WARNING", "message":"[WARNING] 101 rejected records in bronze ingestion for BCG | record_id=None", "caller":"/mnt/c/Users/Admin/Downloads/Project/Github/ETL_Project/platforms/processing/base_processing_subsystem/subsystem5_and_30_error_event_schema_and_escalate.py:114"}
{"time":"2026-07-07T14:15:56", "level":"INFO", "message":"[LINEAGE] external.cophieu68_BCG -> bronze.bronze_stock_prices | op=APPEND | rows=0", "caller":"/mnt/c/Users/Admin/Downloads/Project/Github/ETL_Project/platforms/processing/base_processing_subsystem/subsystem34_metadata_repo.py:372"}
{"time":"2026-07-07T14:15:56", "level":"INFO", "message":"[BronzeExecutor] Processing symbol=BCM batch_id=batch_BCM_20260707071556_174e4fac", "caller":"/mnt/c/Users/Admin/Downloads/Project/Github/ETL_Project/scripts/deploy_full_pipeline.py:510"}
{"time":"2026-07-07T14:15:57", "level":"INFO", "message":"[BronzeIngester:BCM] Start processing 101 records.", "caller":"/mnt/c/Users/Admin/Downloads/Project/Github/ETL_Project/scripts/deploy_full_pipeline.py:302"}
{"time":"2026-07-07T14:15:57", "level":"WARNING", "message":"[BronzeIngester:BCM] No records passed DQ checks.", "caller":"/mnt/c/Users/Admin/Downloads/Project/Github/ETL_Project/scripts/deploy_full_pipeline.py:311"}
{"time":"2026-07-07T14:15:57", "level":"WARNING", "message":"[WARNING] 101 rejected records in bronze ingestion for BCM | record_id=None", "caller":"/mnt/c/Users/Admin/Downloads/Project/Github/ETL_Project/platforms/processing/base_processing_subsystem/subsystem5_and_30_error_event_schema_and_escalate.py:114"}
{"time":"2026-07-07T14:15:57", "level":"INFO", "message":"[LINEAGE] external.cophieu68_BCM -> bronze.bronze_stock_prices | op=APPEND | rows=0", "caller":"/mnt/c/Users/Admin/Downloads/Project/Github/ETL_Project/platforms/processing/base_processing_subsystem/subsystem34_metadata_repo.py:372"}
{"time":"2026-07-07T14:15:57", "level":"INFO", "message":"[BronzeExecutor] Processing symbol=BFC batch_id=batch_BFC_20260707071557_936d739e", "caller":"/mnt/c/Users/Admin/Downloads/Project/Github/ETL_Project/scripts/deploy_full_pipeline.py:510"}
{"time":"2026-07-07T14:15:58", "level":"INFO", "message":"[BronzeIngester:BFC] Start processing 101 records.", "caller":"/mnt/c/Users/Admin/Downloads/Project/Github/ETL_Project/scripts/deploy_full_pipeline.py:302"}
{"time":"2026-07-07T14:15:58", "level":"WARNING", "message":"[BronzeIngester:BFC] No records passed DQ checks.", "caller":"/mnt/c/Users/Admin/Downloads/Project/Github/ETL_Project/scripts/deploy_full_pipeline.py:311"}
{"time":"2026-07-07T14:15:58", "level":"WARNING", "message":"[WARNING] 101 rejected records in bronze ingestion for BFC | record_id=None", "caller":"/mnt/c/Users/Admin/Downloads/Project/Github/ETL_Project/platforms/processing/base_processing_subsystem/subsystem5_and_30_error_event_schema_and_escalate.py:114"}
{"time":"2026-07-07T14:15:58", "level":"INFO", "message":"[LINEAGE] external.cophieu68_BFC -> bronze.bronze_stock_prices | op=APPEND | rows=0", "caller":"/mnt/c/Users/Admin/Downloads/Project/Github/ETL_Project/platforms/processing/base_processing_subsystem/subsystem34_metadata_repo.py:372"}
{"time":"2026-07-07T14:15:58", "level":"INFO", "message":"[BronzeExecutor] Processing symbol=BHN batch_id=batch_BHN_20260707071558_5117882c", "caller":"/mnt/c/Users/Admin/Downloads/Project/Github/ETL_Project/scripts/deploy_full_pipeline.py:510"}
{"time":"2026-07-07T14:15:59", "level":"INFO", "message":"[BronzeIngester:BHN] Start processing 101 records.", "caller":"/mnt/c/Users/Admin/Downloads/Project/Github/ETL_Project/scripts/deploy_full_pipeline.py:302"}
{"time":"2026-07-07T14:15:59", "level":"WARNING", "message":"[BronzeIngester:BHN] No records passed DQ checks.", "caller":"/mnt/c/Users/Admin/Downloads/Project/Github/ETL_Project/scripts/deploy_full_pipeline.py:311"}
{"time":"2026-07-07T14:15:59", "level":"WARNING", "message":"[WARNING] 101 rejected records in bronze ingestion for BHN | record_id=None", "caller":"/mnt/c/Users/Admin/Downloads/Project/Github/ETL_Project/platforms/processing/base_processing_subsystem/subsystem5_and_30_error_event_schema_and_escalate.py:114"}
{"time":"2026-07-07T14:15:59", "level":"INFO", "message":"[LINEAGE] external.cophieu68_BHN -> bronze.bronze_stock_prices | op=APPEND | rows=0", "caller":"/mnt/c/Users/Admin/Downloads/Project/Github/ETL_Project/platforms/processing/base_processing_subsystem/subsystem34_metadata_repo.py:372"}
{"time":"2026-07-07T14:15:59", "level":"INFO", "message":"[BronzeExecutor] Processing symbol=BIC batch_id=batch_BIC_20260707071559_d0e2e0a9", "caller":"/mnt/c/Users/Admin/Downloads/Project/Github/ETL_Project/scripts/deploy_full_pipeline.py:510"}
{"time":"2026-07-07T14:16:00", "level":"INFO", "message":"[BronzeIngester:BIC] Start processing 101 records.", "caller":"/mnt/c/Users/Admin/Downloads/Project/Github/ETL_Project/scripts/deploy_full_pipeline.py:302"}
{"time":"2026-07-07T14:16:00", "level":"WARNING", "message":"[BronzeIngester:BIC] No records passed DQ checks.", "caller":"/mnt/c/Users/Admin/Downloads/Project/Github/ETL_Project/scripts/deploy_full_pipeline.py:311"}
{"time":"2026-07-07T14:16:00", "level":"WARNING", "message":"[WARNING] 101 rejected records in bronze ingestion for BIC | record_id=None", "caller":"/mnt/c/Users/Admin/Downloads/Project/Github/ETL_Project/platforms/processing/base_processing_subsystem/subsystem5_and_30_error_event_schema_and_escalate.py:114"}
{"time":"2026-07-07T14:16:00", "level":"INFO", "message":"[LINEAGE] external.cophieu68_BIC -> bronze.bronze_stock_prices | op=APPEND | rows=0", "caller":"/mnt/c/Users/Admin/Downloads/Project/Github/ETL_Project/platforms/processing/base_processing_subsystem/subsystem34_metadata_repo.py:372"}
{"time":"2026-07-07T14:16:00", "level":"INFO", "message":"[BronzeExecutor] Processing symbol=BID batch_id=batch_BID_20260707071600_c9065fb6", "caller":"/mnt/c/Users/Admin/Downloads/Project/Github/ETL_Project/scripts/deploy_full_pipeline.py:510"}
{"time":"2026-07-07T14:16:01", "level":"INFO", "message":"[BronzeIngester:BID] Start processing 101 records.", "caller":"/mnt/c/Users/Admin/Downloads/Project/Github/ETL_Project/scripts/deploy_full_pipeline.py:302"}
{"time":"2026-07-07T14:16:01", "level":"WARNING", "message":"[BronzeIngester:BID] No records passed DQ checks.", "caller":"/mnt/c/Users/Admin/Downloads/Project/Github/ETL_Project/scripts/deploy_full_pipeline.py:311"}
{"time":"2026-07-07T14:16:01", "level":"WARNING", "message":"[WARNING] 101 rejected records in bronze ingestion for BID | record_id=None", "caller":"/mnt/c/Users/Admin/Downloads/Project/Github/ETL_Project/platforms/processing/base_processing_subsystem/subsystem5_and_30_error_event_schema_and_escalate.py:114"}
{"time":"2026-07-07T14:16:01", "level":"INFO", "message":"[LINEAGE] external.cophieu68_BID -> bronze.bronze_stock_prices | op=APPEND | rows=0", "caller":"/mnt/c/Users/Admin/Downloads/Project/Github/ETL_Project/platforms/processing/base_processing_subsystem/subsystem34_metadata_repo.py:372"}
{"time":"2026-07-07T14:16:01", "level":"INFO", "message":"[BronzeExecutor] Processing symbol=BKG batch_id=batch_BKG_20260707071601_c581be8e", "caller":"/mnt/c/Users/Admin/Downloads/Project/Github/ETL_Project/scripts/deploy_full_pipeline.py:510"}
{"time":"2026-07-07T14:16:02", "level":"INFO", "message":"[BronzeIngester:BKG] Start processing 101 records.", "caller":"/mnt/c/Users/Admin/Downloads/Project/Github/ETL_Project/scripts/deploy_full_pipeline.py:302"}
{"time":"2026-07-07T14:16:02", "level":"WARNING", "message":"[BronzeIngester:BKG] No records passed DQ checks.", "caller":"/mnt/c/Users/Admin/Downloads/Project/Github/ETL_Project/scripts/deploy_full_pipeline.py:311"}
{"time":"2026-07-07T14:16:02", "level":"WARNING", "message":"[WARNING] 101 rejected records in bronze ingestion for BKG | record_id=None", "caller":"/mnt/c/Users/Admin/Downloads/Project/Github/ETL_Project/platforms/processing/base_processing_subsystem/subsystem5_and_30_error_event_schema_and_escalate.py:114"}
{"time":"2026-07-07T14:16:02", "level":"INFO", "message":"[LINEAGE] external.cophieu68_BKG -> bronze.bronze_stock_prices | op=APPEND | rows=0", "caller":"/mnt/c/Users/Admin/Downloads/Project/Github/ETL_Project/platforms/processing/base_processing_subsystem/subsystem34_metadata_repo.py:372"}
{"time":"2026-07-07T14:16:02", "level":"INFO", "message":"[BronzeExecutor] Processing symbol=BMC batch_id=batch_BMC_20260707071602_02f7ac56", "caller":"/mnt/c/Users/Admin/Downloads/Project/Github/ETL_Project/scripts/deploy_full_pipeline.py:510"}
{"time":"2026-07-07T14:16:03", "level":"INFO", "message":"[BronzeIngester:BMC] Start processing 101 records.", "caller":"/mnt/c/Users/Admin/Downloads/Project/Github/ETL_Project/scripts/deploy_full_pipeline.py:302"}
{"time":"2026-07-07T14:16:03", "level":"WARNING", "message":"[BronzeIngester:BMC] No records passed DQ checks.", "caller":"/mnt/c/Users/Admin/Downloads/Project/Github/ETL_Project/scripts/deploy_full_pipeline.py:311"}
{"time":"2026-07-07T14:16:03", "level":"WARNING", "message":"[WARNING] 101 rejected records in bronze ingestion for BMC | record_id=None", "caller":"/mnt/c/Users/Admin/Downloads/Project/Github/ETL_Project/platforms/processing/base_processing_subsystem/subsystem5_and_30_error_event_schema_and_escalate.py:114"}
{"time":"2026-07-07T14:16:03", "level":"INFO", "message":"[LINEAGE] external.cophieu68_BMC -> bronze.bronze_stock_prices | op=APPEND | rows=0", "caller":"/mnt/c/Users/Admin/Downloads/Project/Github/ETL_Project/platforms/processing/base_processing_subsystem/subsystem34_metadata_repo.py:372"}
{"time":"2026-07-07T14:16:03", "level":"INFO", "message":"[BronzeExecutor] Processing symbol=BMI batch_id=batch_BMI_20260707071603_24283cbb", "caller":"/mnt/c/Users/Admin/Downloads/Project/Github/ETL_Project/scripts/deploy_full_pipeline.py:510"}
{"time":"2026-07-07T14:16:03", "level":"INFO", "message":"[BronzeIngester:BMI] Start processing 101 records.", "caller":"/mnt/c/Users/Admin/Downloads/Project/Github/ETL_Project/scripts/deploy_full_pipeline.py:302"}
{"time":"2026-07-07T14:16:03", "level":"WARNING", "message":"[BronzeIngester:BMI] No records passed DQ checks.", "caller":"/mnt/c/Users/Admin/Downloads/Project/Github/ETL_Project/scripts/deploy_full_pipeline.py:311"}
{"time":"2026-07-07T14:16:03", "level":"WARNING", "message":"[WARNING] 101 rejected records in bronze ingestion for BMI | record_id=None", "caller":"/mnt/c/Users/Admin/Downloads/Project/Github/ETL_Project/platforms/processing/base_processing_subsystem/subsystem5_and_30_error_event_schema_and_escalate.py:114"}
{"time":"2026-07-07T14:16:03", "level":"INFO", "message":"[LINEAGE] external.cophieu68_BMI -> bronze.bronze_stock_prices | op=APPEND | rows=0", "caller":"/mnt/c/Users/Admin/Downloads/Project/Github/ETL_Project/platforms/processing/base_processing_subsystem/subsystem34_metadata_repo.py:372"}
{"time":"2026-07-07T14:16:03", "level":"INFO", "message":"[BronzeExecutor] Processing symbol=BMP batch_id=batch_BMP_20260707071603_307da568", "caller":"/mnt/c/Users/Admin/Downloads/Project/Github/ETL_Project/scripts/deploy_full_pipeline.py:510"}
{"time":"2026-07-07T14:16:04", "level":"INFO", "message":"[BronzeIngester:BMP] Start processing 101 records.", "caller":"/mnt/c/Users/Admin/Downloads/Project/Github/ETL_Project/scripts/deploy_full_pipeline.py:302"}
{"time":"2026-07-07T14:16:04", "level":"WARNING", "message":"[BronzeIngester:BMP] No records passed DQ checks.", "caller":"/mnt/c/Users/Admin/Downloads/Project/Github/ETL_Project/scripts/deploy_full_pipeline.py:311"}
{"time":"2026-07-07T14:16:04", "level":"WARNING", "message":"[WARNING] 101 rejected records in bronze ingestion for BMP | record_id=None", "caller":"/mnt/c/Users/Admin/Downloads/Project/Github/ETL_Project/platforms/processing/base_processing_subsystem/subsystem5_and_30_error_event_schema_and_escalate.py:114"}
{"time":"2026-07-07T14:16:04", "level":"INFO", "message":"[LINEAGE] external.cophieu68_BMP -> bronze.bronze_stock_prices | op=APPEND | rows=0", "caller":"/mnt/c/Users/Admin/Downloads/Project/Github/ETL_Project/platforms/processing/base_processing_subsystem/subsystem34_metadata_repo.py:372"}
{"time":"2026-07-07T14:16:04", "level":"INFO", "message":"[BronzeExecutor] Processing symbol=BRC batch_id=batch_BRC_20260707071604_cbb76c76", "caller":"/mnt/c/Users/Admin/Downloads/Project/Github/ETL_Project/scripts/deploy_full_pipeline.py:510"}
{"time":"2026-07-07T14:16:05", "level":"INFO", "message":"[BronzeIngester:BRC] Start processing 101 records.", "caller":"/mnt/c/Users/Admin/Downloads/Project/Github/ETL_Project/scripts/deploy_full_pipeline.py:302"}
{"time":"2026-07-07T14:16:05", "level":"WARNING", "message":"[BronzeIngester:BRC] No records passed DQ checks.", "caller":"/mnt/c/Users/Admin/Downloads/Project/Github/ETL_Project/scripts/deploy_full_pipeline.py:311"}
{"time":"2026-07-07T14:16:05", "level":"WARNING", "message":"[WARNING] 101 rejected records in bronze ingestion for BRC | record_id=None", "caller":"/mnt/c/Users/Admin/Downloads/Project/Github/ETL_Project/platforms/processing/base_processing_subsystem/subsystem5_and_30_error_event_schema_and_escalate.py:114"}
{"time":"2026-07-07T14:16:05", "level":"INFO", "message":"[LINEAGE] external.cophieu68_BRC -> bronze.bronze_stock_prices | op=APPEND | rows=0", "caller":"/mnt/c/Users/Admin/Downloads/Project/Github/ETL_Project/platforms/processing/base_processing_subsystem/subsystem34_metadata_repo.py:372"}
{"time":"2026-07-07T14:16:05", "level":"INFO", "message":"[BronzeExecutor] Processing symbol=BSI batch_id=batch_BSI_20260707071605_14828eca", "caller":"/mnt/c/Users/Admin/Downloads/Project/Github/ETL_Project/scripts/deploy_full_pipeline.py:510"}
{"time":"2026-07-07T14:16:07", "level":"INFO", "message":"[BronzeIngester:BSI] Start processing 101 records.", "caller":"/mnt/c/Users/Admin/Downloads/Project/Github/ETL_Project/scripts/deploy_full_pipeline.py:302"}
{"time":"2026-07-07T14:16:07", "level":"WARNING", "message":"[BronzeIngester:BSI] No records passed DQ checks.", "caller":"/mnt/c/Users/Admin/Downloads/Project/Github/ETL_Project/scripts/deploy_full_pipeline.py:311"}
{"time":"2026-07-07T14:16:07", "level":"WARNING", "message":"[WARNING] 101 rejected records in bronze ingestion for BSI | record_id=None", "caller":"/mnt/c/Users/Admin/Downloads/Project/Github/ETL_Project/platforms/processing/base_processing_subsystem/subsystem5_and_30_error_event_schema_and_escalate.py:114"}
{"time":"2026-07-07T14:16:07", "level":"INFO", "message":"[LINEAGE] external.cophieu68_BSI -> bronze.bronze_stock_prices | op=APPEND | rows=0", "caller":"/mnt/c/Users/Admin/Downloads/Project/Github/ETL_Project/platforms/processing/base_processing_subsystem/subsystem34_metadata_repo.py:372"}
{"time":"2026-07-07T14:16:07", "level":"INFO", "message":"[BronzeExecutor] Processing symbol=BTP batch_id=batch_BTP_20260707071607_64e4da14", "caller":"/mnt/c/Users/Admin/Downloads/Project/Github/ETL_Project/scripts/deploy_full_pipeline.py:510"}
{"time":"2026-07-07T14:16:08", "level":"INFO", "message":"[BronzeIngester:BTP] Start processing 101 records.", "caller":"/mnt/c/Users/Admin/Downloads/Project/Github/ETL_Project/scripts/deploy_full_pipeline.py:302"}
{"time":"2026-07-07T14:16:08", "level":"WARNING", "message":"[BronzeIngester:BTP] No records passed DQ checks.", "caller":"/mnt/c/Users/Admin/Downloads/Project/Github/ETL_Project/scripts/deploy_full_pipeline.py:311"}
{"time":"2026-07-07T14:16:08", "level":"WARNING", "message":"[WARNING] 101 rejected records in bronze ingestion for BTP | record_id=None", "caller":"/mnt/c/Users/Admin/Downloads/Project/Github/ETL_Project/platforms/processing/base_processing_subsystem/subsystem5_and_30_error_event_schema_and_escalate.py:114"}
{"time":"2026-07-07T14:16:08", "level":"INFO", "message":"[LINEAGE] external.cophieu68_BTP -> bronze.bronze_stock_prices | op=APPEND | rows=0", "caller":"/mnt/c/Users/Admin/Downloads/Project/Github/ETL_Project/platforms/processing/base_processing_subsystem/subsystem34_metadata_repo.py:372"}
{"time":"2026-07-07T14:16:08", "level":"INFO", "message":"[BronzeExecutor] Processing symbol=BTT batch_id=batch_BTT_20260707071608_d391e6f1", "caller":"/mnt/c/Users/Admin/Downloads/Project/Github/ETL_Project/scripts/deploy_full_pipeline.py:510"}
{"time":"2026-07-07T14:16:13", "level":"INFO", "message":"[BronzeIngester:BTT] Start processing 101 records.", "caller":"/mnt/c/Users/Admin/Downloads/Project/Github/ETL_Project/scripts/deploy_full_pipeline.py:302"}
{"time":"2026-07-07T14:16:13", "level":"WARNING", "message":"[BronzeIngester:BTT] No records passed DQ checks.", "caller":"/mnt/c/Users/Admin/Downloads/Project/Github/ETL_Project/scripts/deploy_full_pipeline.py:311"}
{"time":"2026-07-07T14:16:13", "level":"WARNING", "message":"[WARNING] 101 rejected records in bronze ingestion for BTT | record_id=None", "caller":"/mnt/c/Users/Admin/Downloads/Project/Github/ETL_Project/platforms/processing/base_processing_subsystem/subsystem5_and_30_error_event_schema_and_escalate.py:114"}
{"time":"2026-07-07T14:16:13", "level":"INFO", "message":"[LINEAGE] external.cophieu68_BTT -> bronze.bronze_stock_prices | op=APPEND | rows=0", "caller":"/mnt/c/Users/Admin/Downloads/Project/Github/ETL_Project/platforms/processing/base_processing_subsystem/subsystem34_metadata_repo.py:372"}
{"time":"2026-07-07T14:16:13", "level":"INFO", "message":"[BronzeExecutor] Processing symbol=BVH batch_id=batch_BVH_20260707071613_6b96c972", "caller":"/mnt/c/Users/Admin/Downloads/Project/Github/ETL_Project/scripts/deploy_full_pipeline.py:510"}
{"time":"2026-07-07T14:16:14", "level":"INFO", "message":"[BronzeIngester:BVH] Start processing 101 records.", "caller":"/mnt/c/Users/Admin/Downloads/Project/Github/ETL_Project/scripts/deploy_full_pipeline.py:302"}
{"time":"2026-07-07T14:16:14", "level":"WARNING", "message":"[BronzeIngester:BVH] No records passed DQ checks.", "caller":"/mnt/c/Users/Admin/Downloads/Project/Github/ETL_Project/scripts/deploy_full_pipeline.py:311"}
{"time":"2026-07-07T14:16:14", "level":"WARNING", "message":"[WARNING] 101 rejected records in bronze ingestion for BVH | record_id=None", "caller":"/mnt/c/Users/Admin/Downloads/Project/Github/ETL_Project/platforms/processing/base_processing_subsystem/subsystem5_and_30_error_event_schema_and_escalate.py:114"}
{"time":"2026-07-07T14:16:14", "level":"INFO", "message":"[LINEAGE] external.cophieu68_BVH -> bronze.bronze_stock_prices | op=APPEND | rows=0", "caller":"/mnt/c/Users/Admin/Downloads/Project/Github/ETL_Project/platforms/processing/base_processing_subsystem/subsystem34_metadata_repo.py:372"}
{"time":"2026-07-07T14:16:14", "level":"INFO", "message":"[BronzeExecutor] Processing symbol=BWE batch_id=batch_BWE_20260707071614_729688e4", "caller":"/mnt/c/Users/Admin/Downloads/Project/Github/ETL_Project/scripts/deploy_full_pipeline.py:510"}
{"time":"2026-07-07T14:16:15", "level":"INFO", "message":"[BronzeIngester:BWE] Start processing 101 records.", "caller":"/mnt/c/Users/Admin/Downloads/Project/Github/ETL_Project/scripts/deploy_full_pipeline.py:302"}
{"time":"2026-07-07T14:16:15", "level":"WARNING", "message":"[BronzeIngester:BWE] No records passed DQ checks.", "caller":"/mnt/c/Users/Admin/Downloads/Project/Github/ETL_Project/scripts/deploy_full_pipeline.py:311"}
{"time":"2026-07-07T14:16:15", "level":"WARNING", "message":"[WARNING] 101 rejected records in bronze ingestion for BWE | record_id=None", "caller":"/mnt/c/Users/Admin/Downloads/Project/Github/ETL_Project/platforms/processing/base_processing_subsystem/subsystem5_and_30_error_event_schema_and_escalate.py:114"}
{"time":"2026-07-07T14:16:15", "level":"INFO", "message":"[LINEAGE] external.cophieu68_BWE -> bronze.bronze_stock_prices | op=APPEND | rows=0", "caller":"/mnt/c/Users/Admin/Downloads/Project/Github/ETL_Project/platforms/processing/base_processing_subsystem/subsystem34_metadata_repo.py:372"}
{"time":"2026-07-07T14:16:15", "level":"INFO", "message":"[BronzeExecutor] Processing symbol=C32 batch_id=batch_C32_20260707071615_f9364fbf", "caller":"/mnt/c/Users/Admin/Downloads/Project/Github/ETL_Project/scripts/deploy_full_pipeline.py:510"}
{"time":"2026-07-07T14:16:15", "level":"INFO", "message":"[BronzeIngester:C32] Start processing 101 records.", "caller":"/mnt/c/Users/Admin/Downloads/Project/Github/ETL_Project/scripts/deploy_full_pipeline.py:302"}
{"time":"2026-07-07T14:16:15", "level":"WARNING", "message":"[BronzeIngester:C32] No records passed DQ checks.", "caller":"/mnt/c/Users/Admin/Downloads/Project/Github/ETL_Project/scripts/deploy_full_pipeline.py:311"}
{"time":"2026-07-07T14:16:15", "level":"WARNING", "message":"[WARNING] 101 rejected records in bronze ingestion for C32 | record_id=None", "caller":"/mnt/c/Users/Admin/Downloads/Project/Github/ETL_Project/platforms/processing/base_processing_subsystem/subsystem5_and_30_error_event_schema_and_escalate.py:114"}
{"time":"2026-07-07T14:16:15", "level":"INFO", "message":"[LINEAGE] external.cophieu68_C32 -> bronze.bronze_stock_prices | op=APPEND | rows=0", "caller":"/mnt/c/Users/Admin/Downloads/Project/Github/ETL_Project/platforms/processing/base_processing_subsystem/subsystem34_metadata_repo.py:372"}
{"time":"2026-07-07T14:16:15", "level":"INFO", "message":"[BronzeExecutor] Processing symbol=C47 batch_id=batch_C47_20260707071615_68a48ae5", "caller":"/mnt/c/Users/Admin/Downloads/Project/Github/ETL_Project/scripts/deploy_full_pipeline.py:510"}
{"time":"2026-07-07T14:16:16", "level":"INFO", "message":"[BronzeIngester:C47] Start processing 101 records.", "caller":"/mnt/c/Users/Admin/Downloads/Project/Github/ETL_Project/scripts/deploy_full_pipeline.py:302"}
{"time":"2026-07-07T14:16:16", "level":"WARNING", "message":"[BronzeIngester:C47] No records passed DQ checks.", "caller":"/mnt/c/Users/Admin/Downloads/Project/Github/ETL_Project/scripts/deploy_full_pipeline.py:311"}
{"time":"2026-07-07T14:16:16", "level":"WARNING", "message":"[WARNING] 101 rejected records in bronze ingestion for C47 | record_id=None", "caller":"/mnt/c/Users/Admin/Downloads/Project/Github/ETL_Project/platforms/processing/base_processing_subsystem/subsystem5_and_30_error_event_schema_and_escalate.py:114"}
{"time":"2026-07-07T14:16:16", "level":"INFO", "message":"[LINEAGE] external.cophieu68_C47 -> bronze.bronze_stock_prices | op=APPEND | rows=0", "caller":"/mnt/c/Users/Admin/Downloads/Project/Github/ETL_Project/platforms/processing/base_processing_subsystem/subsystem34_metadata_repo.py:372"}
{"time":"2026-07-07T14:16:16", "level":"INFO", "message":"[BronzeExecutor] Processing symbol=CCI batch_id=batch_CCI_20260707071616_eccc251b", "caller":"/mnt/c/Users/Admin/Downloads/Project/Github/ETL_Project/scripts/deploy_full_pipeline.py:510"}
{"time":"2026-07-07T14:16:17", "level":"INFO", "message":"[BronzeIngester:CCI] Start processing 101 records.", "caller":"/mnt/c/Users/Admin/Downloads/Project/Github/ETL_Project/scripts/deploy_full_pipeline.py:302"}
{"time":"2026-07-07T14:16:17", "level":"WARNING", "message":"[BronzeIngester:CCI] No records passed DQ checks.", "caller":"/mnt/c/Users/Admin/Downloads/Project/Github/ETL_Project/scripts/deploy_full_pipeline.py:311"}
{"time":"2026-07-07T14:16:17", "level":"WARNING", "message":"[WARNING] 101 rejected records in bronze ingestion for CCI | record_id=None", "caller":"/mnt/c/Users/Admin/Downloads/Project/Github/ETL_Project/platforms/processing/base_processing_subsystem/subsystem5_and_30_error_event_schema_and_escalate.py:114"}
{"time":"2026-07-07T14:16:17", "level":"INFO", "message":"[LINEAGE] external.cophieu68_CCI -> bronze.bronze_stock_prices | op=APPEND | rows=0", "caller":"/mnt/c/Users/Admin/Downloads/Project/Github/ETL_Project/platforms/processing/base_processing_subsystem/subsystem34_metadata_repo.py:372"}
{"time":"2026-07-07T14:16:17", "level":"INFO", "message":"[BronzeExecutor] Processing symbol=CCL batch_id=batch_CCL_20260707071617_4645c7cd", "caller":"/mnt/c/Users/Admin/Downloads/Project/Github/ETL_Project/scripts/deploy_full_pipeline.py:510"}
{"time":"2026-07-07T14:16:18", "level":"INFO", "message":"[BronzeIngester:CCL] Start processing 101 records.", "caller":"/mnt/c/Users/Admin/Downloads/Project/Github/ETL_Project/scripts/deploy_full_pipeline.py:302"}
{"time":"2026-07-07T14:16:18", "level":"WARNING", "message":"[BronzeIngester:CCL] No records passed DQ checks.", "caller":"/mnt/c/Users/Admin/Downloads/Project/Github/ETL_Project/scripts/deploy_full_pipeline.py:311"}
{"time":"2026-07-07T14:16:18", "level":"WARNING", "message":"[WARNING] 101 rejected records in bronze ingestion for CCL | record_id=None", "caller":"/mnt/c/Users/Admin/Downloads/Project/Github/ETL_Project/platforms/processing/base_processing_subsystem/subsystem5_and_30_error_event_schema_and_escalate.py:114"}
{"time":"2026-07-07T14:16:18", "level":"INFO", "message":"[LINEAGE] external.cophieu68_CCL -> bronze.bronze_stock_prices | op=APPEND | rows=0", "caller":"/mnt/c/Users/Admin/Downloads/Project/Github/ETL_Project/platforms/processing/base_processing_subsystem/subsystem34_metadata_repo.py:372"}
{"time":"2026-07-07T14:16:18", "level":"INFO", "message":"[BronzeExecutor] Processing symbol=CDC batch_id=batch_CDC_20260707071618_64139856", "caller":"/mnt/c/Users/Admin/Downloads/Project/Github/ETL_Project/scripts/deploy_full_pipeline.py:510"}
{"time":"2026-07-07T14:16:19", "level":"INFO", "message":"[BronzeIngester:CDC] Start processing 101 records.", "caller":"/mnt/c/Users/Admin/Downloads/Project/Github/ETL_Project/scripts/deploy_full_pipeline.py:302"}
{"time":"2026-07-07T14:16:19", "level":"WARNING", "message":"[BronzeIngester:CDC] No records passed DQ checks.", "caller":"/mnt/c/Users/Admin/Downloads/Project/Github/ETL_Project/scripts/deploy_full_pipeline.py:311"}
{"time":"2026-07-07T14:16:19", "level":"WARNING", "message":"[WARNING] 101 rejected records in bronze ingestion for CDC | record_id=None", "caller":"/mnt/c/Users/Admin/Downloads/Project/Github/ETL_Project/platforms/processing/base_processing_subsystem/subsystem5_and_30_error_event_schema_and_escalate.py:114"}
{"time":"2026-07-07T14:16:19", "level":"INFO", "message":"[LINEAGE] external.cophieu68_CDC -> bronze.bronze_stock_prices | op=APPEND | rows=0", "caller":"/mnt/c/Users/Admin/Downloads/Project/Github/ETL_Project/platforms/processing/base_processing_subsystem/subsystem34_metadata_repo.py:372"}
{"time":"2026-07-07T14:16:19", "level":"INFO", "message":"[BronzeExecutor] Processing symbol=CHP batch_id=batch_CHP_20260707071619_493a4bf3", "caller":"/mnt/c/Users/Admin/Downloads/Project/Github/ETL_Project/scripts/deploy_full_pipeline.py:510"}
{"time":"2026-07-07T14:16:20", "level":"INFO", "message":"[BronzeIngester:CHP] Start processing 101 records.", "caller":"/mnt/c/Users/Admin/Downloads/Project/Github/ETL_Project/scripts/deploy_full_pipeline.py:302"}
{"time":"2026-07-07T14:16:20", "level":"WARNING", "message":"[BronzeIngester:CHP] No records passed DQ checks.", "caller":"/mnt/c/Users/Admin/Downloads/Project/Github/ETL_Project/scripts/deploy_full_pipeline.py:311"}
{"time":"2026-07-07T14:16:20", "level":"WARNING", "message":"[WARNING] 101 rejected records in bronze ingestion for CHP | record_id=None", "caller":"/mnt/c/Users/Admin/Downloads/Project/Github/ETL_Project/platforms/processing/base_processing_subsystem/subsystem5_and_30_error_event_schema_and_escalate.py:114"}
{"time":"2026-07-07T14:16:20", "level":"INFO", "message":"[LINEAGE] external.cophieu68_CHP -> bronze.bronze_stock_prices | op=APPEND | rows=0", "caller":"/mnt/c/Users/Admin/Downloads/Project/Github/ETL_Project/platforms/processing/base_processing_subsystem/subsystem34_metadata_repo.py:372"}
{"time":"2026-07-07T14:16:20", "level":"INFO", "message":"[BronzeExecutor] Processing symbol=CIG batch_id=batch_CIG_20260707071620_b3760361", "caller":"/mnt/c/Users/Admin/Downloads/Project/Github/ETL_Project/scripts/deploy_full_pipeline.py:510"}
{"time":"2026-07-07T14:16:20", "level":"INFO", "message":"[BronzeIngester:CIG] Start processing 101 records.", "caller":"/mnt/c/Users/Admin/Downloads/Project/Github/ETL_Project/scripts/deploy_full_pipeline.py:302"}
{"time":"2026-07-07T14:16:20", "level":"WARNING", "message":"[BronzeIngester:CIG] No records passed DQ checks.", "caller":"/mnt/c/Users/Admin/Downloads/Project/Github/ETL_Project/scripts/deploy_full_pipeline.py:311"}
{"time":"2026-07-07T14:16:20", "level":"WARNING", "message":"[WARNING] 101 rejected records in bronze ingestion for CIG | record_id=None", "caller":"/mnt/c/Users/Admin/Downloads/Project/Github/ETL_Project/platforms/processing/base_processing_subsystem/subsystem5_and_30_error_event_schema_and_escalate.py:114"}
{"time":"2026-07-07T14:16:20", "level":"INFO", "message":"[LINEAGE] external.cophieu68_CIG -> bronze.bronze_stock_prices | op=APPEND | rows=0", "caller":"/mnt/c/Users/Admin/Downloads/Project/Github/ETL_Project/platforms/processing/base_processing_subsystem/subsystem34_metadata_repo.py:372"}
{"time":"2026-07-07T14:16:20", "level":"INFO", "message":"[BronzeExecutor] Processing symbol=CII batch_id=batch_CII_20260707071620_75fe4db4", "caller":"/mnt/c/Users/Admin/Downloads/Project/Github/ETL_Project/scripts/deploy_full_pipeline.py:510"}
{"time":"2026-07-07T14:16:19", "level":"INFO", "message":"[BronzeIngester:CII] Start processing 101 records.", "caller":"/mnt/c/Users/Admin/Downloads/Project/Github/ETL_Project/scripts/deploy_full_pipeline.py:302"}
{"time":"2026-07-07T14:16:19", "level":"WARNING", "message":"[BronzeIngester:CII] No records passed DQ checks.", "caller":"/mnt/c/Users/Admin/Downloads/Project/Github/ETL_Project/scripts/deploy_full_pipeline.py:311"}
{"time":"2026-07-07T14:16:19", "level":"WARNING", "message":"[WARNING] 101 rejected records in bronze ingestion for CII | record_id=None", "caller":"/mnt/c/Users/Admin/Downloads/Project/Github/ETL_Project/platforms/processing/base_processing_subsystem/subsystem5_and_30_error_event_schema_and_escalate.py:114"}
{"time":"2026-07-07T14:16:19", "level":"INFO", "message":"[LINEAGE] external.cophieu68_CII -> bronze.bronze_stock_prices | op=APPEND | rows=0", "caller":"/mnt/c/Users/Admin/Downloads/Project/Github/ETL_Project/platforms/processing/base_processing_subsystem/subsystem34_metadata_repo.py:372"}
{"time":"2026-07-07T14:16:19", "level":"INFO", "message":"[BronzeExecutor] Processing symbol=CKG batch_id=batch_CKG_20260707071619_5be0be5e", "caller":"/mnt/c/Users/Admin/Downloads/Project/Github/ETL_Project/scripts/deploy_full_pipeline.py:510"}
{"time":"2026-07-07T14:16:20", "level":"INFO", "message":"[BronzeIngester:CKG] Start processing 101 records.", "caller":"/mnt/c/Users/Admin/Downloads/Project/Github/ETL_Project/scripts/deploy_full_pipeline.py:302"}
{"time":"2026-07-07T14:16:20", "level":"WARNING", "message":"[BronzeIngester:CKG] No records passed DQ checks.", "caller":"/mnt/c/Users/Admin/Downloads/Project/Github/ETL_Project/scripts/deploy_full_pipeline.py:311"}
{"time":"2026-07-07T14:16:20", "level":"WARNING", "message":"[WARNING] 101 rejected records in bronze ingestion for CKG | record_id=None", "caller":"/mnt/c/Users/Admin/Downloads/Project/Github/ETL_Project/platforms/processing/base_processing_subsystem/subsystem5_and_30_error_event_schema_and_escalate.py:114"}
{"time":"2026-07-07T14:16:20", "level":"INFO", "message":"[LINEAGE] external.cophieu68_CKG -> bronze.bronze_stock_prices | op=APPEND | rows=0", "caller":"/mnt/c/Users/Admin/Downloads/Project/Github/ETL_Project/platforms/processing/base_processing_subsystem/subsystem34_metadata_repo.py:372"}
{"time":"2026-07-07T14:16:20", "level":"INFO", "message":"[BronzeExecutor] Processing symbol=CLC batch_id=batch_CLC_20260707071620_8edf737a", "caller":"/mnt/c/Users/Admin/Downloads/Project/Github/ETL_Project/scripts/deploy_full_pipeline.py:510"}
{"time":"2026-07-07T14:16:21", "level":"INFO", "message":"[BronzeIngester:CLC] Start processing 101 records.", "caller":"/mnt/c/Users/Admin/Downloads/Project/Github/ETL_Project/scripts/deploy_full_pipeline.py:302"}
{"time":"2026-07-07T14:16:21", "level":"WARNING", "message":"[BronzeIngester:CLC] No records passed DQ checks.", "caller":"/mnt/c/Users/Admin/Downloads/Project/Github/ETL_Project/scripts/deploy_full_pipeline.py:311"}
{"time":"2026-07-07T14:16:21", "level":"WARNING", "message":"[WARNING] 101 rejected records in bronze ingestion for CLC | record_id=None", "caller":"/mnt/c/Users/Admin/Downloads/Project/Github/ETL_Project/platforms/processing/base_processing_subsystem/subsystem5_and_30_error_event_schema_and_escalate.py:114"}
{"time":"2026-07-07T14:16:21", "level":"INFO", "message":"[LINEAGE] external.cophieu68_CLC -> bronze.bronze_stock_prices | op=APPEND | rows=0", "caller":"/mnt/c/Users/Admin/Downloads/Project/Github/ETL_Project/platforms/processing/base_processing_subsystem/subsystem34_metadata_repo.py:372"}
{"time":"2026-07-07T14:16:21", "level":"INFO", "message":"[BronzeExecutor] Processing symbol=CLL batch_id=batch_CLL_20260707071621_d0ccb3b5", "caller":"/mnt/c/Users/Admin/Downloads/Project/Github/ETL_Project/scripts/deploy_full_pipeline.py:510"}
{"time":"2026-07-07T14:16:21", "level":"INFO", "message":"[BronzeIngester:CLL] Start processing 101 records.", "caller":"/mnt/c/Users/Admin/Downloads/Project/Github/ETL_Project/scripts/deploy_full_pipeline.py:302"}
{"time":"2026-07-07T14:16:21", "level":"WARNING", "message":"[BronzeIngester:CLL] No records passed DQ checks.", "caller":"/mnt/c/Users/Admin/Downloads/Project/Github/ETL_Project/scripts/deploy_full_pipeline.py:311"}
{"time":"2026-07-07T14:16:21", "level":"WARNING", "message":"[WARNING] 101 rejected records in bronze ingestion for CLL | record_id=None", "caller":"/mnt/c/Users/Admin/Downloads/Project/Github/ETL_Project/platforms/processing/base_processing_subsystem/subsystem5_and_30_error_event_schema_and_escalate.py:114"}
{"time":"2026-07-07T14:16:21", "level":"INFO", "message":"[LINEAGE] external.cophieu68_CLL -> bronze.bronze_stock_prices | op=APPEND | rows=0", "caller":"/mnt/c/Users/Admin/Downloads/Project/Github/ETL_Project/platforms/processing/base_processing_subsystem/subsystem34_metadata_repo.py:372"}
{"time":"2026-07-07T14:16:21", "level":"INFO", "message":"[BronzeExecutor] Processing symbol=CLW batch_id=batch_CLW_20260707071621_dad8b96a", "caller":"/mnt/c/Users/Admin/Downloads/Project/Github/ETL_Project/scripts/deploy_full_pipeline.py:510"}
{"time":"2026-07-07T14:16:22", "level":"INFO", "message":"[BronzeIngester:CLW] Start processing 101 records.", "caller":"/mnt/c/Users/Admin/Downloads/Project/Github/ETL_Project/scripts/deploy_full_pipeline.py:302"}
{"time":"2026-07-07T14:16:22", "level":"WARNING", "message":"[BronzeIngester:CLW] No records passed DQ checks.", "caller":"/mnt/c/Users/Admin/Downloads/Project/Github/ETL_Project/scripts/deploy_full_pipeline.py:311"}
{"time":"2026-07-07T14:16:22", "level":"WARNING", "message":"[WARNING] 101 rejected records in bronze ingestion for CLW | record_id=None", "caller":"/mnt/c/Users/Admin/Downloads/Project/Github/ETL_Project/platforms/processing/base_processing_subsystem/subsystem5_and_30_error_event_schema_and_escalate.py:114"}
{"time":"2026-07-07T14:16:22", "level":"INFO", "message":"[LINEAGE] external.cophieu68_CLW -> bronze.bronze_stock_prices | op=APPEND | rows=0", "caller":"/mnt/c/Users/Admin/Downloads/Project/Github/ETL_Project/platforms/processing/base_processing_subsystem/subsystem34_metadata_repo.py:372"}
{"time":"2026-07-07T14:16:22", "level":"INFO", "message":"[BronzeExecutor] Processing symbol=CMG batch_id=batch_CMG_20260707071622_c59ce6f0", "caller":"/mnt/c/Users/Admin/Downloads/Project/Github/ETL_Project/scripts/deploy_full_pipeline.py:510"}
{"time":"2026-07-07T14:16:23", "level":"INFO", "message":"[BronzeIngester:CMG] Start processing 101 records.", "caller":"/mnt/c/Users/Admin/Downloads/Project/Github/ETL_Project/scripts/deploy_full_pipeline.py:302"}
{"time":"2026-07-07T14:16:23", "level":"WARNING", "message":"[BronzeIngester:CMG] No records passed DQ checks.", "caller":"/mnt/c/Users/Admin/Downloads/Project/Github/ETL_Project/scripts/deploy_full_pipeline.py:311"}
{"time":"2026-07-07T14:16:23", "level":"WARNING", "message":"[WARNING] 101 rejected records in bronze ingestion for CMG | record_id=None", "caller":"/mnt/c/Users/Admin/Downloads/Project/Github/ETL_Project/platforms/processing/base_processing_subsystem/subsystem5_and_30_error_event_schema_and_escalate.py:114"}
{"time":"2026-07-07T14:16:23", "level":"INFO", "message":"[LINEAGE] external.cophieu68_CMG -> bronze.bronze_stock_prices | op=APPEND | rows=0", "caller":"/mnt/c/Users/Admin/Downloads/Project/Github/ETL_Project/platforms/processing/base_processing_subsystem/subsystem34_metadata_repo.py:372"}
{"time":"2026-07-07T14:16:23", "level":"INFO", "message":"[BronzeExecutor] Processing symbol=CMV batch_id=batch_CMV_20260707071623_a21c9074", "caller":"/mnt/c/Users/Admin/Downloads/Project/Github/ETL_Project/scripts/deploy_full_pipeline.py:510"}
{"time":"2026-07-07T14:16:24", "level":"INFO", "message":"[BronzeIngester:CMV] Start processing 101 records.", "caller":"/mnt/c/Users/Admin/Downloads/Project/Github/ETL_Project/scripts/deploy_full_pipeline.py:302"}
{"time":"2026-07-07T14:16:24", "level":"WARNING", "message":"[BronzeIngester:CMV] No records passed DQ checks.", "caller":"/mnt/c/Users/Admin/Downloads/Project/Github/ETL_Project/scripts/deploy_full_pipeline.py:311"}
{"time":"2026-07-07T14:16:24", "level":"WARNING", "message":"[WARNING] 101 rejected records in bronze ingestion for CMV | record_id=None", "caller":"/mnt/c/Users/Admin/Downloads/Project/Github/ETL_Project/platforms/processing/base_processing_subsystem/subsystem5_and_30_error_event_schema_and_escalate.py:114"}
{"time":"2026-07-07T14:16:24", "level":"INFO", "message":"[LINEAGE] external.cophieu68_CMV -> bronze.bronze_stock_prices | op=APPEND | rows=0", "caller":"/mnt/c/Users/Admin/Downloads/Project/Github/ETL_Project/platforms/processing/base_processing_subsystem/subsystem34_metadata_repo.py:372"}
{"time":"2026-07-07T14:16:24", "level":"INFO", "message":"[BronzeExecutor] Processing symbol=CMX batch_id=batch_CMX_20260707071624_a54264ad", "caller":"/mnt/c/Users/Admin/Downloads/Project/Github/ETL_Project/scripts/deploy_full_pipeline.py:510"}
{"time":"2026-07-07T14:16:24", "level":"INFO", "message":"[BronzeIngester:CMX] Start processing 101 records.", "caller":"/mnt/c/Users/Admin/Downloads/Project/Github/ETL_Project/scripts/deploy_full_pipeline.py:302"}
{"time":"2026-07-07T14:16:24", "level":"WARNING", "message":"[BronzeIngester:CMX] No records passed DQ checks.", "caller":"/mnt/c/Users/Admin/Downloads/Project/Github/ETL_Project/scripts/deploy_full_pipeline.py:311"}
{"time":"2026-07-07T14:16:24", "level":"WARNING", "message":"[WARNING] 101 rejected records in bronze ingestion for CMX | record_id=None", "caller":"/mnt/c/Users/Admin/Downloads/Project/Github/ETL_Project/platforms/processing/base_processing_subsystem/subsystem5_and_30_error_event_schema_and_escalate.py:114"}
{"time":"2026-07-07T14:16:24", "level":"INFO", "message":"[LINEAGE] external.cophieu68_CMX -> bronze.bronze_stock_prices | op=APPEND | rows=0", "caller":"/mnt/c/Users/Admin/Downloads/Project/Github/ETL_Project/platforms/processing/base_processing_subsystem/subsystem34_metadata_repo.py:372"}
{"time":"2026-07-07T14:16:24", "level":"INFO", "message":"[BronzeExecutor] Processing symbol=CNG batch_id=batch_CNG_20260707071624_27dcc125", "caller":"/mnt/c/Users/Admin/Downloads/Project/Github/ETL_Project/scripts/deploy_full_pipeline.py:510"}
{"time":"2026-07-07T14:16:25", "level":"INFO", "message":"[BronzeIngester:CNG] Start processing 101 records.", "caller":"/mnt/c/Users/Admin/Downloads/Project/Github/ETL_Project/scripts/deploy_full_pipeline.py:302"}
{"time":"2026-07-07T14:16:25", "level":"WARNING", "message":"[BronzeIngester:CNG] No records passed DQ checks.", "caller":"/mnt/c/Users/Admin/Downloads/Project/Github/ETL_Project/scripts/deploy_full_pipeline.py:311"}
{"time":"2026-07-07T14:16:25", "level":"WARNING", "message":"[WARNING] 101 rejected records in bronze ingestion for CNG | record_id=None", "caller":"/mnt/c/Users/Admin/Downloads/Project/Github/ETL_Project/platforms/processing/base_processing_subsystem/subsystem5_and_30_error_event_schema_and_escalate.py:114"}
{"time":"2026-07-07T14:16:25", "level":"INFO", "message":"[LINEAGE] external.cophieu68_CNG -> bronze.bronze_stock_prices | op=APPEND | rows=0", "caller":"/mnt/c/Users/Admin/Downloads/Project/Github/ETL_Project/platforms/processing/base_processing_subsystem/subsystem34_metadata_repo.py:372"}
{"time":"2026-07-07T14:16:25", "level":"INFO", "message":"[BronzeExecutor] Processing symbol=COM batch_id=batch_COM_20260707071625_2c3742af", "caller":"/mnt/c/Users/Admin/Downloads/Project/Github/ETL_Project/scripts/deploy_full_pipeline.py:510"}
{"time":"2026-07-07T14:16:26", "level":"INFO", "message":"[BronzeIngester:COM] Start processing 101 records.", "caller":"/mnt/c/Users/Admin/Downloads/Project/Github/ETL_Project/scripts/deploy_full_pipeline.py:302"}
{"time":"2026-07-07T14:16:26", "level":"WARNING", "message":"[BronzeIngester:COM] No records passed DQ checks.", "caller":"/mnt/c/Users/Admin/Downloads/Project/Github/ETL_Project/scripts/deploy_full_pipeline.py:311"}
{"time":"2026-07-07T14:16:26", "level":"WARNING", "message":"[WARNING] 101 rejected records in bronze ingestion for COM | record_id=None", "caller":"/mnt/c/Users/Admin/Downloads/Project/Github/ETL_Project/platforms/processing/base_processing_subsystem/subsystem5_and_30_error_event_schema_and_escalate.py:114"}
{"time":"2026-07-07T14:16:26", "level":"INFO", "message":"[LINEAGE] external.cophieu68_COM -> bronze.bronze_stock_prices | op=APPEND | rows=0", "caller":"/mnt/c/Users/Admin/Downloads/Project/Github/ETL_Project/platforms/processing/base_processing_subsystem/subsystem34_metadata_repo.py:372"}
{"time":"2026-07-07T14:16:26", "level":"INFO", "message":"[BronzeExecutor] Processing symbol=CRC batch_id=batch_CRC_20260707071626_f837ceb0", "caller":"/mnt/c/Users/Admin/Downloads/Project/Github/ETL_Project/scripts/deploy_full_pipeline.py:510"}
{"time":"2026-07-07T14:16:27", "level":"INFO", "message":"[BronzeIngester:CRC] Start processing 101 records.", "caller":"/mnt/c/Users/Admin/Downloads/Project/Github/ETL_Project/scripts/deploy_full_pipeline.py:302"}
{"time":"2026-07-07T14:16:27", "level":"WARNING", "message":"[BronzeIngester:CRC] No records passed DQ checks.", "caller":"/mnt/c/Users/Admin/Downloads/Project/Github/ETL_Project/scripts/deploy_full_pipeline.py:311"}
{"time":"2026-07-07T14:16:27", "level":"WARNING", "message":"[WARNING] 101 rejected records in bronze ingestion for CRC | record_id=None", "caller":"/mnt/c/Users/Admin/Downloads/Project/Github/ETL_Project/platforms/processing/base_processing_subsystem/subsystem5_and_30_error_event_schema_and_escalate.py:114"}
{"time":"2026-07-07T14:16:27", "level":"INFO", "message":"[LINEAGE] external.cophieu68_CRC -> bronze.bronze_stock_prices | op=APPEND | rows=0", "caller":"/mnt/c/Users/Admin/Downloads/Project/Github/ETL_Project/platforms/processing/base_processing_subsystem/subsystem34_metadata_repo.py:372"}
{"time":"2026-07-07T14:16:27", "level":"INFO", "message":"[BronzeExecutor] Processing symbol=CRE batch_id=batch_CRE_20260707071627_eec5a2b3", "caller":"/mnt/c/Users/Admin/Downloads/Project/Github/ETL_Project/scripts/deploy_full_pipeline.py:510"}
{"time":"2026-07-07T14:16:28", "level":"INFO", "message":"[BronzeIngester:CRE] Start processing 101 records.", "caller":"/mnt/c/Users/Admin/Downloads/Project/Github/ETL_Project/scripts/deploy_full_pipeline.py:302"}
{"time":"2026-07-07T14:16:28", "level":"WARNING", "message":"[BronzeIngester:CRE] No records passed DQ checks.", "caller":"/mnt/c/Users/Admin/Downloads/Project/Github/ETL_Project/scripts/deploy_full_pipeline.py:311"}
{"time":"2026-07-07T14:16:28", "level":"WARNING", "message":"[WARNING] 101 rejected records in bronze ingestion for CRE | record_id=None", "caller":"/mnt/c/Users/Admin/Downloads/Project/Github/ETL_Project/platforms/processing/base_processing_subsystem/subsystem5_and_30_error_event_schema_and_escalate.py:114"}
{"time":"2026-07-07T14:16:28", "level":"INFO", "message":"[LINEAGE] external.cophieu68_CRE -> bronze.bronze_stock_prices | op=APPEND | rows=0", "caller":"/mnt/c/Users/Admin/Downloads/Project/Github/ETL_Project/platforms/processing/base_processing_subsystem/subsystem34_metadata_repo.py:372"}
{"time":"2026-07-07T14:16:28", "level":"INFO", "message":"[BronzeExecutor] Processing symbol=CSM batch_id=batch_CSM_20260707071628_51aea228", "caller":"/mnt/c/Users/Admin/Downloads/Project/Github/ETL_Project/scripts/deploy_full_pipeline.py:510"}
{"time":"2026-07-07T14:16:29", "level":"INFO", "message":"[BronzeIngester:CSM] Start processing 101 records.", "caller":"/mnt/c/Users/Admin/Downloads/Project/Github/ETL_Project/scripts/deploy_full_pipeline.py:302"}
{"time":"2026-07-07T14:16:29", "level":"WARNING", "message":"[BronzeIngester:CSM] No records passed DQ checks.", "caller":"/mnt/c/Users/Admin/Downloads/Project/Github/ETL_Project/scripts/deploy_full_pipeline.py:311"}
{"time":"2026-07-07T14:16:29", "level":"WARNING", "message":"[WARNING] 101 rejected records in bronze ingestion for CSM | record_id=None", "caller":"/mnt/c/Users/Admin/Downloads/Project/Github/ETL_Project/platforms/processing/base_processing_subsystem/subsystem5_and_30_error_event_schema_and_escalate.py:114"}
{"time":"2026-07-07T14:16:29", "level":"INFO", "message":"[LINEAGE] external.cophieu68_CSM -> bronze.bronze_stock_prices | op=APPEND | rows=0", "caller":"/mnt/c/Users/Admin/Downloads/Project/Github/ETL_Project/platforms/processing/base_processing_subsystem/subsystem34_metadata_repo.py:372"}
{"time":"2026-07-07T14:16:29", "level":"INFO", "message":"[BronzeExecutor] Processing symbol=CSV batch_id=batch_CSV_20260707071629_e1eec848", "caller":"/mnt/c/Users/Admin/Downloads/Project/Github/ETL_Project/scripts/deploy_full_pipeline.py:510"}
{"time":"2026-07-07T14:16:30", "level":"INFO", "message":"[BronzeIngester:CSV] Start processing 101 records.", "caller":"/mnt/c/Users/Admin/Downloads/Project/Github/ETL_Project/scripts/deploy_full_pipeline.py:302"}
{"time":"2026-07-07T14:16:30", "level":"WARNING", "message":"[BronzeIngester:CSV] No records passed DQ checks.", "caller":"/mnt/c/Users/Admin/Downloads/Project/Github/ETL_Project/scripts/deploy_full_pipeline.py:311"}
{"time":"2026-07-07T14:16:30", "level":"WARNING", "message":"[WARNING] 101 rejected records in bronze ingestion for CSV | record_id=None", "caller":"/mnt/c/Users/Admin/Downloads/Project/Github/ETL_Project/platforms/processing/base_processing_subsystem/subsystem5_and_30_error_event_schema_and_escalate.py:114"}
{"time":"2026-07-07T14:16:30", "level":"INFO", "message":"[LINEAGE] external.cophieu68_CSV -> bronze.bronze_stock_prices | op=APPEND | rows=0", "caller":"/mnt/c/Users/Admin/Downloads/Project/Github/ETL_Project/platforms/processing/base_processing_subsystem/subsystem34_metadata_repo.py:372"}
{"time":"2026-07-07T14:16:30", "level":"INFO", "message":"[BronzeExecutor] Processing symbol=CTD batch_id=batch_CTD_20260707071630_e3493ff0", "caller":"/mnt/c/Users/Admin/Downloads/Project/Github/ETL_Project/scripts/deploy_full_pipeline.py:510"}
{"time":"2026-07-07T14:16:31", "level":"INFO", "message":"[BronzeIngester:CTD] Start processing 101 records.", "caller":"/mnt/c/Users/Admin/Downloads/Project/Github/ETL_Project/scripts/deploy_full_pipeline.py:302"}
{"time":"2026-07-07T14:16:31", "level":"WARNING", "message":"[BronzeIngester:CTD] No records passed DQ checks.", "caller":"/mnt/c/Users/Admin/Downloads/Project/Github/ETL_Project/scripts/deploy_full_pipeline.py:311"}
{"time":"2026-07-07T14:16:31", "level":"WARNING", "message":"[WARNING] 101 rejected records in bronze ingestion for CTD | record_id=None", "caller":"/mnt/c/Users/Admin/Downloads/Project/Github/ETL_Project/platforms/processing/base_processing_subsystem/subsystem5_and_30_error_event_schema_and_escalate.py:114"}
{"time":"2026-07-07T14:16:31", "level":"INFO", "message":"[LINEAGE] external.cophieu68_CTD -> bronze.bronze_stock_prices | op=APPEND | rows=0", "caller":"/mnt/c/Users/Admin/Downloads/Project/Github/ETL_Project/platforms/processing/base_processing_subsystem/subsystem34_metadata_repo.py:372"}
{"time":"2026-07-07T14:16:31", "level":"INFO", "message":"[BronzeExecutor] Processing symbol=CTF batch_id=batch_CTF_20260707071631_f0035169", "caller":"/mnt/c/Users/Admin/Downloads/Project/Github/ETL_Project/scripts/deploy_full_pipeline.py:510"}
{"time":"2026-07-07T14:16:31", "level":"INFO", "message":"[BronzeIngester:CTF] Start processing 101 records.", "caller":"/mnt/c/Users/Admin/Downloads/Project/Github/ETL_Project/scripts/deploy_full_pipeline.py:302"}
{"time":"2026-07-07T14:16:31", "level":"WARNING", "message":"[BronzeIngester:CTF] No records passed DQ checks.", "caller":"/mnt/c/Users/Admin/Downloads/Project/Github/ETL_Project/scripts/deploy_full_pipeline.py:311"}
{"time":"2026-07-07T14:16:31", "level":"WARNING", "message":"[WARNING] 101 rejected records in bronze ingestion for CTF | record_id=None", "caller":"/mnt/c/Users/Admin/Downloads/Project/Github/ETL_Project/platforms/processing/base_processing_subsystem/subsystem5_and_30_error_event_schema_and_escalate.py:114"}
{"time":"2026-07-07T14:16:31", "level":"INFO", "message":"[LINEAGE] external.cophieu68_CTF -> bronze.bronze_stock_prices | op=APPEND | rows=0", "caller":"/mnt/c/Users/Admin/Downloads/Project/Github/ETL_Project/platforms/processing/base_processing_subsystem/subsystem34_metadata_repo.py:372"}
{"time":"2026-07-07T14:16:31", "level":"INFO", "message":"[BronzeExecutor] Processing symbol=CTG batch_id=batch_CTG_20260707071631_8b2a5fa7", "caller":"/mnt/c/Users/Admin/Downloads/Project/Github/ETL_Project/scripts/deploy_full_pipeline.py:510"}
{"time":"2026-07-07T14:16:32", "level":"INFO", "message":"[BronzeIngester:CTG] Start processing 101 records.", "caller":"/mnt/c/Users/Admin/Downloads/Project/Github/ETL_Project/scripts/deploy_full_pipeline.py:302"}
{"time":"2026-07-07T14:16:32", "level":"WARNING", "message":"[BronzeIngester:CTG] No records passed DQ checks.", "caller":"/mnt/c/Users/Admin/Downloads/Project/Github/ETL_Project/scripts/deploy_full_pipeline.py:311"}
{"time":"2026-07-07T14:16:32", "level":"WARNING", "message":"[WARNING] 101 rejected records in bronze ingestion for CTG | record_id=None", "caller":"/mnt/c/Users/Admin/Downloads/Project/Github/ETL_Project/platforms/processing/base_processing_subsystem/subsystem5_and_30_error_event_schema_and_escalate.py:114"}
{"time":"2026-07-07T14:16:32", "level":"INFO", "message":"[LINEAGE] external.cophieu68_CTG -> bronze.bronze_stock_prices | op=APPEND | rows=0", "caller":"/mnt/c/Users/Admin/Downloads/Project/Github/ETL_Project/platforms/processing/base_processing_subsystem/subsystem34_metadata_repo.py:372"}
{"time":"2026-07-07T14:16:32", "level":"INFO", "message":"[BronzeExecutor] Processing symbol=CTI batch_id=batch_CTI_20260707071632_49e36199", "caller":"/mnt/c/Users/Admin/Downloads/Project/Github/ETL_Project/scripts/deploy_full_pipeline.py:510"}
{"time":"2026-07-07T14:16:33", "level":"INFO", "message":"[BronzeIngester:CTI] Start processing 101 records.", "caller":"/mnt/c/Users/Admin/Downloads/Project/Github/ETL_Project/scripts/deploy_full_pipeline.py:302"}
{"time":"2026-07-07T14:16:33", "level":"WARNING", "message":"[BronzeIngester:CTI] No records passed DQ checks.", "caller":"/mnt/c/Users/Admin/Downloads/Project/Github/ETL_Project/scripts/deploy_full_pipeline.py:311"}
{"time":"2026-07-07T14:16:33", "level":"WARNING", "message":"[WARNING] 101 rejected records in bronze ingestion for CTI | record_id=None", "caller":"/mnt/c/Users/Admin/Downloads/Project/Github/ETL_Project/platforms/processing/base_processing_subsystem/subsystem5_and_30_error_event_schema_and_escalate.py:114"}
{"time":"2026-07-07T14:16:33", "level":"INFO", "message":"[LINEAGE] external.cophieu68_CTI -> bronze.bronze_stock_prices | op=APPEND | rows=0", "caller":"/mnt/c/Users/Admin/Downloads/Project/Github/ETL_Project/platforms/processing/base_processing_subsystem/subsystem34_metadata_repo.py:372"}
{"time":"2026-07-07T14:16:33", "level":"INFO", "message":"[BronzeExecutor] Processing symbol=CTS batch_id=batch_CTS_20260707071633_3378ef69", "caller":"/mnt/c/Users/Admin/Downloads/Project/Github/ETL_Project/scripts/deploy_full_pipeline.py:510"}
{"time":"2026-07-07T14:16:34", "level":"INFO", "message":"[BronzeIngester:CTS] Start processing 101 records.", "caller":"/mnt/c/Users/Admin/Downloads/Project/Github/ETL_Project/scripts/deploy_full_pipeline.py:302"}
{"time":"2026-07-07T14:16:34", "level":"WARNING", "message":"[BronzeIngester:CTS] No records passed DQ checks.", "caller":"/mnt/c/Users/Admin/Downloads/Project/Github/ETL_Project/scripts/deploy_full_pipeline.py:311"}
{"time":"2026-07-07T14:16:34", "level":"WARNING", "message":"[WARNING] 101 rejected records in bronze ingestion for CTS | record_id=None", "caller":"/mnt/c/Users/Admin/Downloads/Project/Github/ETL_Project/platforms/processing/base_processing_subsystem/subsystem5_and_30_error_event_schema_and_escalate.py:114"}
{"time":"2026-07-07T14:16:34", "level":"INFO", "message":"[LINEAGE] external.cophieu68_CTS -> bronze.bronze_stock_prices | op=APPEND | rows=0", "caller":"/mnt/c/Users/Admin/Downloads/Project/Github/ETL_Project/platforms/processing/base_processing_subsystem/subsystem34_metadata_repo.py:372"}
{"time":"2026-07-07T14:16:34", "level":"INFO", "message":"[BronzeExecutor] Processing symbol=CVT batch_id=batch_CVT_20260707071634_55686d3a", "caller":"/mnt/c/Users/Admin/Downloads/Project/Github/ETL_Project/scripts/deploy_full_pipeline.py:510"}
{"time":"2026-07-07T14:16:35", "level":"INFO", "message":"[BronzeIngester:CVT] Start processing 101 records.", "caller":"/mnt/c/Users/Admin/Downloads/Project/Github/ETL_Project/scripts/deploy_full_pipeline.py:302"}
{"time":"2026-07-07T14:16:35", "level":"WARNING", "message":"[BronzeIngester:CVT] No records passed DQ checks.", "caller":"/mnt/c/Users/Admin/Downloads/Project/Github/ETL_Project/scripts/deploy_full_pipeline.py:311"}
{"time":"2026-07-07T14:16:35", "level":"WARNING", "message":"[WARNING] 101 rejected records in bronze ingestion for CVT | record_id=None", "caller":"/mnt/c/Users/Admin/Downloads/Project/Github/ETL_Project/platforms/processing/base_processing_subsystem/subsystem5_and_30_error_event_schema_and_escalate.py:114"}
{"time":"2026-07-07T14:16:35", "level":"INFO", "message":"[LINEAGE] external.cophieu68_CVT -> bronze.bronze_stock_prices | op=APPEND | rows=0", "caller":"/mnt/c/Users/Admin/Downloads/Project/Github/ETL_Project/platforms/processing/base_processing_subsystem/subsystem34_metadata_repo.py:372"}
{"time":"2026-07-07T14:16:35", "level":"INFO", "message":"[BronzeExecutor] Processing symbol=D2D batch_id=batch_D2D_20260707071635_d2d69a27", "caller":"/mnt/c/Users/Admin/Downloads/Project/Github/ETL_Project/scripts/deploy_full_pipeline.py:510"}
{"time":"2026-07-07T14:16:35", "level":"INFO", "message":"[BronzeIngester:D2D] Start processing 101 records.", "caller":"/mnt/c/Users/Admin/Downloads/Project/Github/ETL_Project/scripts/deploy_full_pipeline.py:302"}
{"time":"2026-07-07T14:16:35", "level":"WARNING", "message":"[BronzeIngester:D2D] No records passed DQ checks.", "caller":"/mnt/c/Users/Admin/Downloads/Project/Github/ETL_Project/scripts/deploy_full_pipeline.py:311"}
{"time":"2026-07-07T14:16:35", "level":"WARNING", "message":"[WARNING] 101 rejected records in bronze ingestion for D2D | record_id=None", "caller":"/mnt/c/Users/Admin/Downloads/Project/Github/ETL_Project/platforms/processing/base_processing_subsystem/subsystem5_and_30_error_event_schema_and_escalate.py:114"}
{"time":"2026-07-07T14:16:35", "level":"INFO", "message":"[LINEAGE] external.cophieu68_D2D -> bronze.bronze_stock_prices | op=APPEND | rows=0", "caller":"/mnt/c/Users/Admin/Downloads/Project/Github/ETL_Project/platforms/processing/base_processing_subsystem/subsystem34_metadata_repo.py:372"}
{"time":"2026-07-07T14:16:35", "level":"INFO", "message":"[BronzeExecutor] Processing symbol=DAH batch_id=batch_DAH_20260707071635_d0ea7d81", "caller":"/mnt/c/Users/Admin/Downloads/Project/Github/ETL_Project/scripts/deploy_full_pipeline.py:510"}
{"time":"2026-07-07T14:16:36", "level":"INFO", "message":"[BronzeIngester:DAH] Start processing 101 records.", "caller":"/mnt/c/Users/Admin/Downloads/Project/Github/ETL_Project/scripts/deploy_full_pipeline.py:302"}
{"time":"2026-07-07T14:16:36", "level":"WARNING", "message":"[BronzeIngester:DAH] No records passed DQ checks.", "caller":"/mnt/c/Users/Admin/Downloads/Project/Github/ETL_Project/scripts/deploy_full_pipeline.py:311"}
{"time":"2026-07-07T14:16:36", "level":"WARNING", "message":"[WARNING] 101 rejected records in bronze ingestion for DAH | record_id=None", "caller":"/mnt/c/Users/Admin/Downloads/Project/Github/ETL_Project/platforms/processing/base_processing_subsystem/subsystem5_and_30_error_event_schema_and_escalate.py:114"}
{"time":"2026-07-07T14:16:36", "level":"INFO", "message":"[LINEAGE] external.cophieu68_DAH -> bronze.bronze_stock_prices | op=APPEND | rows=0", "caller":"/mnt/c/Users/Admin/Downloads/Project/Github/ETL_Project/platforms/processing/base_processing_subsystem/subsystem34_metadata_repo.py:372"}
{"time":"2026-07-07T14:16:36", "level":"INFO", "message":"[BronzeExecutor] Processing symbol=DAT batch_id=batch_DAT_20260707071636_9b910abe", "caller":"/mnt/c/Users/Admin/Downloads/Project/Github/ETL_Project/scripts/deploy_full_pipeline.py:510"}
{"time":"2026-07-07T14:16:36", "level":"INFO", "message":"[BronzeIngester:DAT] Start processing 101 records.", "caller":"/mnt/c/Users/Admin/Downloads/Project/Github/ETL_Project/scripts/deploy_full_pipeline.py:302"}
{"time":"2026-07-07T14:16:36", "level":"WARNING", "message":"[BronzeIngester:DAT] No records passed DQ checks.", "caller":"/mnt/c/Users/Admin/Downloads/Project/Github/ETL_Project/scripts/deploy_full_pipeline.py:311"}
{"time":"2026-07-07T14:16:36", "level":"WARNING", "message":"[WARNING] 101 rejected records in bronze ingestion for DAT | record_id=None", "caller":"/mnt/c/Users/Admin/Downloads/Project/Github/ETL_Project/platforms/processing/base_processing_subsystem/subsystem5_and_30_error_event_schema_and_escalate.py:114"}
{"time":"2026-07-07T14:16:36", "level":"INFO", "message":"[LINEAGE] external.cophieu68_DAT -> bronze.bronze_stock_prices | op=APPEND | rows=0", "caller":"/mnt/c/Users/Admin/Downloads/Project/Github/ETL_Project/platforms/processing/base_processing_subsystem/subsystem34_metadata_repo.py:372"}
{"time":"2026-07-07T14:16:36", "level":"INFO", "message":"[BronzeExecutor] Processing symbol=DBC batch_id=batch_DBC_20260707071636_ef0dd660", "caller":"/mnt/c/Users/Admin/Downloads/Project/Github/ETL_Project/scripts/deploy_full_pipeline.py:510"}
{"time":"2026-07-07T14:16:37", "level":"INFO", "message":"[BronzeIngester:DBC] Start processing 101 records.", "caller":"/mnt/c/Users/Admin/Downloads/Project/Github/ETL_Project/scripts/deploy_full_pipeline.py:302"}
{"time":"2026-07-07T14:16:37", "level":"WARNING", "message":"[BronzeIngester:DBC] No records passed DQ checks.", "caller":"/mnt/c/Users/Admin/Downloads/Project/Github/ETL_Project/scripts/deploy_full_pipeline.py:311"}
{"time":"2026-07-07T14:16:37", "level":"WARNING", "message":"[WARNING] 101 rejected records in bronze ingestion for DBC | record_id=None", "caller":"/mnt/c/Users/Admin/Downloads/Project/Github/ETL_Project/platforms/processing/base_processing_subsystem/subsystem5_and_30_error_event_schema_and_escalate.py:114"}
{"time":"2026-07-07T14:16:37", "level":"INFO", "message":"[LINEAGE] external.cophieu68_DBC -> bronze.bronze_stock_prices | op=APPEND | rows=0", "caller":"/mnt/c/Users/Admin/Downloads/Project/Github/ETL_Project/platforms/processing/base_processing_subsystem/subsystem34_metadata_repo.py:372"}
{"time":"2026-07-07T14:16:37", "level":"INFO", "message":"[BronzeExecutor] Processing symbol=DBD batch_id=batch_DBD_20260707071637_8ab01c45", "caller":"/mnt/c/Users/Admin/Downloads/Project/Github/ETL_Project/scripts/deploy_full_pipeline.py:510"}
{"time":"2026-07-07T14:16:38", "level":"INFO", "message":"[BronzeIngester:DBD] Start processing 101 records.", "caller":"/mnt/c/Users/Admin/Downloads/Project/Github/ETL_Project/scripts/deploy_full_pipeline.py:302"}
{"time":"2026-07-07T14:16:38", "level":"WARNING", "message":"[BronzeIngester:DBD] No records passed DQ checks.", "caller":"/mnt/c/Users/Admin/Downloads/Project/Github/ETL_Project/scripts/deploy_full_pipeline.py:311"}
{"time":"2026-07-07T14:16:38", "level":"WARNING", "message":"[WARNING] 101 rejected records in bronze ingestion for DBD | record_id=None", "caller":"/mnt/c/Users/Admin/Downloads/Project/Github/ETL_Project/platforms/processing/base_processing_subsystem/subsystem5_and_30_error_event_schema_and_escalate.py:114"}
{"time":"2026-07-07T14:16:38", "level":"INFO", "message":"[LINEAGE] external.cophieu68_DBD -> bronze.bronze_stock_prices | op=APPEND | rows=0", "caller":"/mnt/c/Users/Admin/Downloads/Project/Github/ETL_Project/platforms/processing/base_processing_subsystem/subsystem34_metadata_repo.py:372"}
{"time":"2026-07-07T14:16:38", "level":"INFO", "message":"[BronzeExecutor] Processing symbol=DBT batch_id=batch_DBT_20260707071638_608f4442", "caller":"/mnt/c/Users/Admin/Downloads/Project/Github/ETL_Project/scripts/deploy_full_pipeline.py:510"}
{"time":"2026-07-07T14:16:39", "level":"INFO", "message":"[BronzeIngester:DBT] Start processing 101 records.", "caller":"/mnt/c/Users/Admin/Downloads/Project/Github/ETL_Project/scripts/deploy_full_pipeline.py:302"}
{"time":"2026-07-07T14:16:39", "level":"WARNING", "message":"[BronzeIngester:DBT] No records passed DQ checks.", "caller":"/mnt/c/Users/Admin/Downloads/Project/Github/ETL_Project/scripts/deploy_full_pipeline.py:311"}
{"time":"2026-07-07T14:16:39", "level":"WARNING", "message":"[WARNING] 101 rejected records in bronze ingestion for DBT | record_id=None", "caller":"/mnt/c/Users/Admin/Downloads/Project/Github/ETL_Project/platforms/processing/base_processing_subsystem/subsystem5_and_30_error_event_schema_and_escalate.py:114"}
{"time":"2026-07-07T14:16:39", "level":"INFO", "message":"[LINEAGE] external.cophieu68_DBT -> bronze.bronze_stock_prices | op=APPEND | rows=0", "caller":"/mnt/c/Users/Admin/Downloads/Project/Github/ETL_Project/platforms/processing/base_processing_subsystem/subsystem34_metadata_repo.py:372"}
{"time":"2026-07-07T14:16:39", "level":"INFO", "message":"[BronzeExecutor] Processing symbol=DC4 batch_id=batch_DC4_20260707071639_63cb805d", "caller":"/mnt/c/Users/Admin/Downloads/Project/Github/ETL_Project/scripts/deploy_full_pipeline.py:510"}
{"time":"2026-07-07T14:16:40", "level":"INFO", "message":"[BronzeIngester:DC4] Start processing 101 records.", "caller":"/mnt/c/Users/Admin/Downloads/Project/Github/ETL_Project/scripts/deploy_full_pipeline.py:302"}
{"time":"2026-07-07T14:16:40", "level":"WARNING", "message":"[BronzeIngester:DC4] No records passed DQ checks.", "caller":"/mnt/c/Users/Admin/Downloads/Project/Github/ETL_Project/scripts/deploy_full_pipeline.py:311"}
{"time":"2026-07-07T14:16:40", "level":"WARNING", "message":"[WARNING] 101 rejected records in bronze ingestion for DC4 | record_id=None", "caller":"/mnt/c/Users/Admin/Downloads/Project/Github/ETL_Project/platforms/processing/base_processing_subsystem/subsystem5_and_30_error_event_schema_and_escalate.py:114"}
{"time":"2026-07-07T14:16:40", "level":"INFO", "message":"[LINEAGE] external.cophieu68_DC4 -> bronze.bronze_stock_prices | op=APPEND | rows=0", "caller":"/mnt/c/Users/Admin/Downloads/Project/Github/ETL_Project/platforms/processing/base_processing_subsystem/subsystem34_metadata_repo.py:372"}
{"time":"2026-07-07T14:16:40", "level":"INFO", "message":"[BronzeExecutor] Processing symbol=DCL batch_id=batch_DCL_20260707071640_1d11421a", "caller":"/mnt/c/Users/Admin/Downloads/Project/Github/ETL_Project/scripts/deploy_full_pipeline.py:510"}
{"time":"2026-07-07T14:16:41", "level":"INFO", "message":"[BronzeIngester:DCL] Start processing 101 records.", "caller":"/mnt/c/Users/Admin/Downloads/Project/Github/ETL_Project/scripts/deploy_full_pipeline.py:302"}
{"time":"2026-07-07T14:16:41", "level":"WARNING", "message":"[BronzeIngester:DCL] No records passed DQ checks.", "caller":"/mnt/c/Users/Admin/Downloads/Project/Github/ETL_Project/scripts/deploy_full_pipeline.py:311"}
{"time":"2026-07-07T14:16:41", "level":"WARNING", "message":"[WARNING] 101 rejected records in bronze ingestion for DCL | record_id=None", "caller":"/mnt/c/Users/Admin/Downloads/Project/Github/ETL_Project/platforms/processing/base_processing_subsystem/subsystem5_and_30_error_event_schema_and_escalate.py:114"}
{"time":"2026-07-07T14:16:41", "level":"INFO", "message":"[LINEAGE] external.cophieu68_DCL -> bronze.bronze_stock_prices | op=APPEND | rows=0", "caller":"/mnt/c/Users/Admin/Downloads/Project/Github/ETL_Project/platforms/processing/base_processing_subsystem/subsystem34_metadata_repo.py:372"}
{"time":"2026-07-07T14:16:41", "level":"INFO", "message":"[BronzeExecutor] Processing symbol=DCM batch_id=batch_DCM_20260707071641_7c7ca7d8", "caller":"/mnt/c/Users/Admin/Downloads/Project/Github/ETL_Project/scripts/deploy_full_pipeline.py:510"}
{"time":"2026-07-07T14:16:41", "level":"INFO", "message":"[BronzeIngester:DCM] Start processing 101 records.", "caller":"/mnt/c/Users/Admin/Downloads/Project/Github/ETL_Project/scripts/deploy_full_pipeline.py:302"}
{"time":"2026-07-07T14:16:42", "level":"WARNING", "message":"[BronzeIngester:DCM] No records passed DQ checks.", "caller":"/mnt/c/Users/Admin/Downloads/Project/Github/ETL_Project/scripts/deploy_full_pipeline.py:311"}
{"time":"2026-07-07T14:16:42", "level":"WARNING", "message":"[WARNING] 101 rejected records in bronze ingestion for DCM | record_id=None", "caller":"/mnt/c/Users/Admin/Downloads/Project/Github/ETL_Project/platforms/processing/base_processing_subsystem/subsystem5_and_30_error_event_schema_and_escalate.py:114"}
{"time":"2026-07-07T14:16:42", "level":"INFO", "message":"[LINEAGE] external.cophieu68_DCM -> bronze.bronze_stock_prices | op=APPEND | rows=0", "caller":"/mnt/c/Users/Admin/Downloads/Project/Github/ETL_Project/platforms/processing/base_processing_subsystem/subsystem34_metadata_repo.py:372"}
{"time":"2026-07-07T14:16:42", "level":"INFO", "message":"[BronzeExecutor] Processing symbol=DGC batch_id=batch_DGC_20260707071642_adf1075e", "caller":"/mnt/c/Users/Admin/Downloads/Project/Github/ETL_Project/scripts/deploy_full_pipeline.py:510"}
{"time":"2026-07-07T14:16:42", "level":"INFO", "message":"[BronzeIngester:DGC] Start processing 101 records.", "caller":"/mnt/c/Users/Admin/Downloads/Project/Github/ETL_Project/scripts/deploy_full_pipeline.py:302"}
{"time":"2026-07-07T14:16:42", "level":"WARNING", "message":"[BronzeIngester:DGC] No records passed DQ checks.", "caller":"/mnt/c/Users/Admin/Downloads/Project/Github/ETL_Project/scripts/deploy_full_pipeline.py:311"}
{"time":"2026-07-07T14:16:42", "level":"WARNING", "message":"[WARNING] 101 rejected records in bronze ingestion for DGC | record_id=None", "caller":"/mnt/c/Users/Admin/Downloads/Project/Github/ETL_Project/platforms/processing/base_processing_subsystem/subsystem5_and_30_error_event_schema_and_escalate.py:114"}
{"time":"2026-07-07T14:16:42", "level":"INFO", "message":"[LINEAGE] external.cophieu68_DGC -> bronze.bronze_stock_prices | op=APPEND | rows=0", "caller":"/mnt/c/Users/Admin/Downloads/Project/Github/ETL_Project/platforms/processing/base_processing_subsystem/subsystem34_metadata_repo.py:372"}
{"time":"2026-07-07T14:16:42", "level":"INFO", "message":"[BronzeExecutor] Processing symbol=DGW batch_id=batch_DGW_20260707071642_0e0ceed8", "caller":"/mnt/c/Users/Admin/Downloads/Project/Github/ETL_Project/scripts/deploy_full_pipeline.py:510"}
{"time":"2026-07-07T14:16:43", "level":"INFO", "message":"[BronzeIngester:DGW] Start processing 101 records.", "caller":"/mnt/c/Users/Admin/Downloads/Project/Github/ETL_Project/scripts/deploy_full_pipeline.py:302"}
{"time":"2026-07-07T14:16:43", "level":"WARNING", "message":"[BronzeIngester:DGW] No records passed DQ checks.", "caller":"/mnt/c/Users/Admin/Downloads/Project/Github/ETL_Project/scripts/deploy_full_pipeline.py:311"}
{"time":"2026-07-07T14:16:43", "level":"WARNING", "message":"[WARNING] 101 rejected records in bronze ingestion for DGW | record_id=None", "caller":"/mnt/c/Users/Admin/Downloads/Project/Github/ETL_Project/platforms/processing/base_processing_subsystem/subsystem5_and_30_error_event_schema_and_escalate.py:114"}
{"time":"2026-07-07T14:16:43", "level":"INFO", "message":"[LINEAGE] external.cophieu68_DGW -> bronze.bronze_stock_prices | op=APPEND | rows=0", "caller":"/mnt/c/Users/Admin/Downloads/Project/Github/ETL_Project/platforms/processing/base_processing_subsystem/subsystem34_metadata_repo.py:372"}
{"time":"2026-07-07T14:16:43", "level":"INFO", "message":"[BronzeExecutor] Processing symbol=DHA batch_id=batch_DHA_20260707071643_dad7d011", "caller":"/mnt/c/Users/Admin/Downloads/Project/Github/ETL_Project/scripts/deploy_full_pipeline.py:510"}
{"time":"2026-07-07T14:16:44", "level":"INFO", "message":"[BronzeIngester:DHA] Start processing 101 records.", "caller":"/mnt/c/Users/Admin/Downloads/Project/Github/ETL_Project/scripts/deploy_full_pipeline.py:302"}
{"time":"2026-07-07T14:16:44", "level":"WARNING", "message":"[BronzeIngester:DHA] No records passed DQ checks.", "caller":"/mnt/c/Users/Admin/Downloads/Project/Github/ETL_Project/scripts/deploy_full_pipeline.py:311"}
{"time":"2026-07-07T14:16:44", "level":"WARNING", "message":"[WARNING] 101 rejected records in bronze ingestion for DHA | record_id=None", "caller":"/mnt/c/Users/Admin/Downloads/Project/Github/ETL_Project/platforms/processing/base_processing_subsystem/subsystem5_and_30_error_event_schema_and_escalate.py:114"}
{"time":"2026-07-07T14:16:44", "level":"INFO", "message":"[LINEAGE] external.cophieu68_DHA -> bronze.bronze_stock_prices | op=APPEND | rows=0", "caller":"/mnt/c/Users/Admin/Downloads/Project/Github/ETL_Project/platforms/processing/base_processing_subsystem/subsystem34_metadata_repo.py:372"}
{"time":"2026-07-07T14:16:44", "level":"INFO", "message":"[BronzeExecutor] Processing symbol=DHC batch_id=batch_DHC_20260707071644_8200a1e8", "caller":"/mnt/c/Users/Admin/Downloads/Project/Github/ETL_Project/scripts/deploy_full_pipeline.py:510"}
{"time":"2026-07-07T14:16:44", "level":"INFO", "message":"[BronzeIngester:DHC] Start processing 101 records.", "caller":"/mnt/c/Users/Admin/Downloads/Project/Github/ETL_Project/scripts/deploy_full_pipeline.py:302"}
{"time":"2026-07-07T14:16:45", "level":"WARNING", "message":"[BronzeIngester:DHC] No records passed DQ checks.", "caller":"/mnt/c/Users/Admin/Downloads/Project/Github/ETL_Project/scripts/deploy_full_pipeline.py:311"}
{"time":"2026-07-07T14:16:45", "level":"WARNING", "message":"[WARNING] 101 rejected records in bronze ingestion for DHC | record_id=None", "caller":"/mnt/c/Users/Admin/Downloads/Project/Github/ETL_Project/platforms/processing/base_processing_subsystem/subsystem5_and_30_error_event_schema_and_escalate.py:114"}
{"time":"2026-07-07T14:16:45", "level":"INFO", "message":"[LINEAGE] external.cophieu68_DHC -> bronze.bronze_stock_prices | op=APPEND | rows=0", "caller":"/mnt/c/Users/Admin/Downloads/Project/Github/ETL_Project/platforms/processing/base_processing_subsystem/subsystem34_metadata_repo.py:372"}
{"time":"2026-07-07T14:16:45", "level":"INFO", "message":"[BronzeExecutor] Processing symbol=DHG batch_id=batch_DHG_20260707071645_ffdcc08f", "caller":"/mnt/c/Users/Admin/Downloads/Project/Github/ETL_Project/scripts/deploy_full_pipeline.py:510"}
{"time":"2026-07-07T14:16:45", "level":"INFO", "message":"[BronzeIngester:DHG] Start processing 101 records.", "caller":"/mnt/c/Users/Admin/Downloads/Project/Github/ETL_Project/scripts/deploy_full_pipeline.py:302"}
{"time":"2026-07-07T14:16:45", "level":"WARNING", "message":"[BronzeIngester:DHG] No records passed DQ checks.", "caller":"/mnt/c/Users/Admin/Downloads/Project/Github/ETL_Project/scripts/deploy_full_pipeline.py:311"}
{"time":"2026-07-07T14:16:45", "level":"WARNING", "message":"[WARNING] 101 rejected records in bronze ingestion for DHG | record_id=None", "caller":"/mnt/c/Users/Admin/Downloads/Project/Github/ETL_Project/platforms/processing/base_processing_subsystem/subsystem5_and_30_error_event_schema_and_escalate.py:114"}
{"time":"2026-07-07T14:16:45", "level":"INFO", "message":"[LINEAGE] external.cophieu68_DHG -> bronze.bronze_stock_prices | op=APPEND | rows=0", "caller":"/mnt/c/Users/Admin/Downloads/Project/Github/ETL_Project/platforms/processing/base_processing_subsystem/subsystem34_metadata_repo.py:372"}
{"time":"2026-07-07T14:16:45", "level":"INFO", "message":"[BronzeExecutor] Processing symbol=DHM batch_id=batch_DHM_20260707071645_f1301c5c", "caller":"/mnt/c/Users/Admin/Downloads/Project/Github/ETL_Project/scripts/deploy_full_pipeline.py:510"}
{"time":"2026-07-07T14:16:46", "level":"INFO", "message":"[BronzeIngester:DHM] Start processing 101 records.", "caller":"/mnt/c/Users/Admin/Downloads/Project/Github/ETL_Project/scripts/deploy_full_pipeline.py:302"}
{"time":"2026-07-07T14:16:46", "level":"WARNING", "message":"[BronzeIngester:DHM] No records passed DQ checks.", "caller":"/mnt/c/Users/Admin/Downloads/Project/Github/ETL_Project/scripts/deploy_full_pipeline.py:311"}
{"time":"2026-07-07T14:16:46", "level":"WARNING", "message":"[WARNING] 101 rejected records in bronze ingestion for DHM | record_id=None", "caller":"/mnt/c/Users/Admin/Downloads/Project/Github/ETL_Project/platforms/processing/base_processing_subsystem/subsystem5_and_30_error_event_schema_and_escalate.py:114"}
{"time":"2026-07-07T14:16:46", "level":"INFO", "message":"[LINEAGE] external.cophieu68_DHM -> bronze.bronze_stock_prices | op=APPEND | rows=0", "caller":"/mnt/c/Users/Admin/Downloads/Project/Github/ETL_Project/platforms/processing/base_processing_subsystem/subsystem34_metadata_repo.py:372"}
{"time":"2026-07-07T14:16:46", "level":"INFO", "message":"[BronzeExecutor] Processing symbol=DIG batch_id=batch_DIG_20260707071646_9050b035", "caller":"/mnt/c/Users/Admin/Downloads/Project/Github/ETL_Project/scripts/deploy_full_pipeline.py:510"}
{"time":"2026-07-07T14:16:47", "level":"INFO", "message":"[BronzeIngester:DIG] Start processing 101 records.", "caller":"/mnt/c/Users/Admin/Downloads/Project/Github/ETL_Project/scripts/deploy_full_pipeline.py:302"}
{"time":"2026-07-07T14:16:47", "level":"WARNING", "message":"[BronzeIngester:DIG] No records passed DQ checks.", "caller":"/mnt/c/Users/Admin/Downloads/Project/Github/ETL_Project/scripts/deploy_full_pipeline.py:311"}
{"time":"2026-07-07T14:16:47", "level":"WARNING", "message":"[WARNING] 101 rejected records in bronze ingestion for DIG | record_id=None", "caller":"/mnt/c/Users/Admin/Downloads/Project/Github/ETL_Project/platforms/processing/base_processing_subsystem/subsystem5_and_30_error_event_schema_and_escalate.py:114"}
{"time":"2026-07-07T14:16:47", "level":"INFO", "message":"[LINEAGE] external.cophieu68_DIG -> bronze.bronze_stock_prices | op=APPEND | rows=0", "caller":"/mnt/c/Users/Admin/Downloads/Project/Github/ETL_Project/platforms/processing/base_processing_subsystem/subsystem34_metadata_repo.py:372"}
{"time":"2026-07-07T14:16:48", "level":"INFO", "message":"[BronzeExecutor] Processing symbol=DLG batch_id=batch_DLG_20260707071648_b3eae23b", "caller":"/mnt/c/Users/Admin/Downloads/Project/Github/ETL_Project/scripts/deploy_full_pipeline.py:510"}
{"time":"2026-07-07T14:16:48", "level":"INFO", "message":"[BronzeIngester:DLG] Start processing 101 records.", "caller":"/mnt/c/Users/Admin/Downloads/Project/Github/ETL_Project/scripts/deploy_full_pipeline.py:302"}
{"time":"2026-07-07T14:16:48", "level":"WARNING", "message":"[BronzeIngester:DLG] No records passed DQ checks.", "caller":"/mnt/c/Users/Admin/Downloads/Project/Github/ETL_Project/scripts/deploy_full_pipeline.py:311"}
{"time":"2026-07-07T14:16:48", "level":"WARNING", "message":"[WARNING] 101 rejected records in bronze ingestion for DLG | record_id=None", "caller":"/mnt/c/Users/Admin/Downloads/Project/Github/ETL_Project/platforms/processing/base_processing_subsystem/subsystem5_and_30_error_event_schema_and_escalate.py:114"}
{"time":"2026-07-07T14:16:48", "level":"INFO", "message":"[LINEAGE] external.cophieu68_DLG -> bronze.bronze_stock_prices | op=APPEND | rows=0", "caller":"/mnt/c/Users/Admin/Downloads/Project/Github/ETL_Project/platforms/processing/base_processing_subsystem/subsystem34_metadata_repo.py:372"}
{"time":"2026-07-07T14:16:48", "level":"INFO", "message":"[BronzeExecutor] Processing symbol=DMC batch_id=batch_DMC_20260707071648_c64f6cb2", "caller":"/mnt/c/Users/Admin/Downloads/Project/Github/ETL_Project/scripts/deploy_full_pipeline.py:510"}
{"time":"2026-07-07T14:16:47", "level":"INFO", "message":"[BronzeIngester:DMC] Start processing 101 records.", "caller":"/mnt/c/Users/Admin/Downloads/Project/Github/ETL_Project/scripts/deploy_full_pipeline.py:302"}
{"time":"2026-07-07T14:16:47", "level":"WARNING", "message":"[BronzeIngester:DMC] No records passed DQ checks.", "caller":"/mnt/c/Users/Admin/Downloads/Project/Github/ETL_Project/scripts/deploy_full_pipeline.py:311"}
{"time":"2026-07-07T14:16:47", "level":"WARNING", "message":"[WARNING] 101 rejected records in bronze ingestion for DMC | record_id=None", "caller":"/mnt/c/Users/Admin/Downloads/Project/Github/ETL_Project/platforms/processing/base_processing_subsystem/subsystem5_and_30_error_event_schema_and_escalate.py:114"}
{"time":"2026-07-07T14:16:47", "level":"INFO", "message":"[LINEAGE] external.cophieu68_DMC -> bronze.bronze_stock_prices | op=APPEND | rows=0", "caller":"/mnt/c/Users/Admin/Downloads/Project/Github/ETL_Project/platforms/processing/base_processing_subsystem/subsystem34_metadata_repo.py:372"}
{"time":"2026-07-07T14:16:47", "level":"INFO", "message":"[BronzeExecutor] Processing symbol=DPG batch_id=batch_DPG_20260707071647_0d8916ef", "caller":"/mnt/c/Users/Admin/Downloads/Project/Github/ETL_Project/scripts/deploy_full_pipeline.py:510"}
{"time":"2026-07-07T14:16:48", "level":"INFO", "message":"[BronzeIngester:DPG] Start processing 101 records.", "caller":"/mnt/c/Users/Admin/Downloads/Project/Github/ETL_Project/scripts/deploy_full_pipeline.py:302"}
{"time":"2026-07-07T14:16:48", "level":"WARNING", "message":"[BronzeIngester:DPG] No records passed DQ checks.", "caller":"/mnt/c/Users/Admin/Downloads/Project/Github/ETL_Project/scripts/deploy_full_pipeline.py:311"}
{"time":"2026-07-07T14:16:48", "level":"WARNING", "message":"[WARNING] 101 rejected records in bronze ingestion for DPG | record_id=None", "caller":"/mnt/c/Users/Admin/Downloads/Project/Github/ETL_Project/platforms/processing/base_processing_subsystem/subsystem5_and_30_error_event_schema_and_escalate.py:114"}
{"time":"2026-07-07T14:16:48", "level":"INFO", "message":"[LINEAGE] external.cophieu68_DPG -> bronze.bronze_stock_prices | op=APPEND | rows=0", "caller":"/mnt/c/Users/Admin/Downloads/Project/Github/ETL_Project/platforms/processing/base_processing_subsystem/subsystem34_metadata_repo.py:372"}
{"time":"2026-07-07T14:16:48", "level":"INFO", "message":"[BronzeExecutor] Processing symbol=DPM batch_id=batch_DPM_20260707071648_a6e982ee", "caller":"/mnt/c/Users/Admin/Downloads/Project/Github/ETL_Project/scripts/deploy_full_pipeline.py:510"}
{"time":"2026-07-07T14:16:49", "level":"INFO", "message":"[BronzeIngester:DPM] Start processing 101 records.", "caller":"/mnt/c/Users/Admin/Downloads/Project/Github/ETL_Project/scripts/deploy_full_pipeline.py:302"}
{"time":"2026-07-07T14:16:49", "level":"WARNING", "message":"[BronzeIngester:DPM] No records passed DQ checks.", "caller":"/mnt/c/Users/Admin/Downloads/Project/Github/ETL_Project/scripts/deploy_full_pipeline.py:311"}
{"time":"2026-07-07T14:16:49", "level":"WARNING", "message":"[WARNING] 101 rejected records in bronze ingestion for DPM | record_id=None", "caller":"/mnt/c/Users/Admin/Downloads/Project/Github/ETL_Project/platforms/processing/base_processing_subsystem/subsystem5_and_30_error_event_schema_and_escalate.py:114"}
{"time":"2026-07-07T14:16:49", "level":"INFO", "message":"[LINEAGE] external.cophieu68_DPM -> bronze.bronze_stock_prices | op=APPEND | rows=0", "caller":"/mnt/c/Users/Admin/Downloads/Project/Github/ETL_Project/platforms/processing/base_processing_subsystem/subsystem34_metadata_repo.py:372"}
{"time":"2026-07-07T14:16:49", "level":"INFO", "message":"[BronzeExecutor] Processing symbol=DPR batch_id=batch_DPR_20260707071649_f59bf0d8", "caller":"/mnt/c/Users/Admin/Downloads/Project/Github/ETL_Project/scripts/deploy_full_pipeline.py:510"}
{"time":"2026-07-07T14:16:49", "level":"INFO", "message":"[BronzeIngester:DPR] Start processing 101 records.", "caller":"/mnt/c/Users/Admin/Downloads/Project/Github/ETL_Project/scripts/deploy_full_pipeline.py:302"}
{"time":"2026-07-07T14:16:49", "level":"WARNING", "message":"[BronzeIngester:DPR] No records passed DQ checks.", "caller":"/mnt/c/Users/Admin/Downloads/Project/Github/ETL_Project/scripts/deploy_full_pipeline.py:311"}
{"time":"2026-07-07T14:16:49", "level":"WARNING", "message":"[WARNING] 101 rejected records in bronze ingestion for DPR | record_id=None", "caller":"/mnt/c/Users/Admin/Downloads/Project/Github/ETL_Project/platforms/processing/base_processing_subsystem/subsystem5_and_30_error_event_schema_and_escalate.py:114"}
{"time":"2026-07-07T14:16:49", "level":"INFO", "message":"[LINEAGE] external.cophieu68_DPR -> bronze.bronze_stock_prices | op=APPEND | rows=0", "caller":"/mnt/c/Users/Admin/Downloads/Project/Github/ETL_Project/platforms/processing/base_processing_subsystem/subsystem34_metadata_repo.py:372"}
{"time":"2026-07-07T14:16:49", "level":"INFO", "message":"[BronzeExecutor] Processing symbol=DQC batch_id=batch_DQC_20260707071649_93b6c060", "caller":"/mnt/c/Users/Admin/Downloads/Project/Github/ETL_Project/scripts/deploy_full_pipeline.py:510"}
{"time":"2026-07-07T14:16:50", "level":"INFO", "message":"[BronzeIngester:DQC] Start processing 101 records.", "caller":"/mnt/c/Users/Admin/Downloads/Project/Github/ETL_Project/scripts/deploy_full_pipeline.py:302"}
{"time":"2026-07-07T14:16:50", "level":"WARNING", "message":"[BronzeIngester:DQC] No records passed DQ checks.", "caller":"/mnt/c/Users/Admin/Downloads/Project/Github/ETL_Project/scripts/deploy_full_pipeline.py:311"}
{"time":"2026-07-07T14:16:50", "level":"WARNING", "message":"[WARNING] 101 rejected records in bronze ingestion for DQC | record_id=None", "caller":"/mnt/c/Users/Admin/Downloads/Project/Github/ETL_Project/platforms/processing/base_processing_subsystem/subsystem5_and_30_error_event_schema_and_escalate.py:114"}
{"time":"2026-07-07T14:16:50", "level":"INFO", "message":"[LINEAGE] external.cophieu68_DQC -> bronze.bronze_stock_prices | op=APPEND | rows=0", "caller":"/mnt/c/Users/Admin/Downloads/Project/Github/ETL_Project/platforms/processing/base_processing_subsystem/subsystem34_metadata_repo.py:372"}
{"time":"2026-07-07T14:16:50", "level":"INFO", "message":"[BronzeExecutor] Processing symbol=DRC batch_id=batch_DRC_20260707071650_6608f47f", "caller":"/mnt/c/Users/Admin/Downloads/Project/Github/ETL_Project/scripts/deploy_full_pipeline.py:510"}
{"time":"2026-07-07T14:16:52", "level":"INFO", "message":"[BronzeIngester:DRC] Start processing 101 records.", "caller":"/mnt/c/Users/Admin/Downloads/Project/Github/ETL_Project/scripts/deploy_full_pipeline.py:302"}
{"time":"2026-07-07T14:16:52", "level":"WARNING", "message":"[BronzeIngester:DRC] No records passed DQ checks.", "caller":"/mnt/c/Users/Admin/Downloads/Project/Github/ETL_Project/scripts/deploy_full_pipeline.py:311"}
{"time":"2026-07-07T14:16:52", "level":"WARNING", "message":"[WARNING] 101 rejected records in bronze ingestion for DRC | record_id=None", "caller":"/mnt/c/Users/Admin/Downloads/Project/Github/ETL_Project/platforms/processing/base_processing_subsystem/subsystem5_and_30_error_event_schema_and_escalate.py:114"}
{"time":"2026-07-07T14:16:52", "level":"INFO", "message":"[LINEAGE] external.cophieu68_DRC -> bronze.bronze_stock_prices | op=APPEND | rows=0", "caller":"/mnt/c/Users/Admin/Downloads/Project/Github/ETL_Project/platforms/processing/base_processing_subsystem/subsystem34_metadata_repo.py:372"}
{"time":"2026-07-07T14:16:52", "level":"INFO", "message":"[BronzeExecutor] Processing symbol=DRH batch_id=batch_DRH_20260707071652_239a9bfe", "caller":"/mnt/c/Users/Admin/Downloads/Project/Github/ETL_Project/scripts/deploy_full_pipeline.py:510"}
{"time":"2026-07-07T14:16:52", "level":"INFO", "message":"[BronzeIngester:DRH] Start processing 101 records.", "caller":"/mnt/c/Users/Admin/Downloads/Project/Github/ETL_Project/scripts/deploy_full_pipeline.py:302"}
{"time":"2026-07-07T14:16:52", "level":"WARNING", "message":"[BronzeIngester:DRH] No records passed DQ checks.", "caller":"/mnt/c/Users/Admin/Downloads/Project/Github/ETL_Project/scripts/deploy_full_pipeline.py:311"}
{"time":"2026-07-07T14:16:52", "level":"WARNING", "message":"[WARNING] 101 rejected records in bronze ingestion for DRH | record_id=None", "caller":"/mnt/c/Users/Admin/Downloads/Project/Github/ETL_Project/platforms/processing/base_processing_subsystem/subsystem5_and_30_error_event_schema_and_escalate.py:114"}
{"time":"2026-07-07T14:16:52", "level":"INFO", "message":"[LINEAGE] external.cophieu68_DRH -> bronze.bronze_stock_prices | op=APPEND | rows=0", "caller":"/mnt/c/Users/Admin/Downloads/Project/Github/ETL_Project/platforms/processing/base_processing_subsystem/subsystem34_metadata_repo.py:372"}
{"time":"2026-07-07T14:16:52", "level":"INFO", "message":"[BronzeExecutor] Processing symbol=DRL batch_id=batch_DRL_20260707071652_f22a51b3", "caller":"/mnt/c/Users/Admin/Downloads/Project/Github/ETL_Project/scripts/deploy_full_pipeline.py:510"}
{"time":"2026-07-07T14:16:53", "level":"INFO", "message":"[BronzeIngester:DRL] Start processing 101 records.", "caller":"/mnt/c/Users/Admin/Downloads/Project/Github/ETL_Project/scripts/deploy_full_pipeline.py:302"}
{"time":"2026-07-07T14:16:53", "level":"WARNING", "message":"[BronzeIngester:DRL] No records passed DQ checks.", "caller":"/mnt/c/Users/Admin/Downloads/Project/Github/ETL_Project/scripts/deploy_full_pipeline.py:311"}
{"time":"2026-07-07T14:16:53", "level":"WARNING", "message":"[WARNING] 101 rejected records in bronze ingestion for DRL | record_id=None", "caller":"/mnt/c/Users/Admin/Downloads/Project/Github/ETL_Project/platforms/processing/base_processing_subsystem/subsystem5_and_30_error_event_schema_and_escalate.py:114"}
{"time":"2026-07-07T14:16:53", "level":"INFO", "message":"[LINEAGE] external.cophieu68_DRL -> bronze.bronze_stock_prices | op=APPEND | rows=0", "caller":"/mnt/c/Users/Admin/Downloads/Project/Github/ETL_Project/platforms/processing/base_processing_subsystem/subsystem34_metadata_repo.py:372"}
{"time":"2026-07-07T14:16:53", "level":"INFO", "message":"[BronzeExecutor] Processing symbol=DSN batch_id=batch_DSN_20260707071653_4754b9f1", "caller":"/mnt/c/Users/Admin/Downloads/Project/Github/ETL_Project/scripts/deploy_full_pipeline.py:510"}
{"time":"2026-07-07T14:16:54", "level":"INFO", "message":"[BronzeIngester:DSN] Start processing 101 records.", "caller":"/mnt/c/Users/Admin/Downloads/Project/Github/ETL_Project/scripts/deploy_full_pipeline.py:302"}
{"time":"2026-07-07T14:16:54", "level":"WARNING", "message":"[BronzeIngester:DSN] No records passed DQ checks.", "caller":"/mnt/c/Users/Admin/Downloads/Project/Github/ETL_Project/scripts/deploy_full_pipeline.py:311"}
{"time":"2026-07-07T14:16:54", "level":"WARNING", "message":"[WARNING] 101 rejected records in bronze ingestion for DSN | record_id=None", "caller":"/mnt/c/Users/Admin/Downloads/Project/Github/ETL_Project/platforms/processing/base_processing_subsystem/subsystem5_and_30_error_event_schema_and_escalate.py:114"}
{"time":"2026-07-07T14:16:54", "level":"INFO", "message":"[LINEAGE] external.cophieu68_DSN -> bronze.bronze_stock_prices | op=APPEND | rows=0", "caller":"/mnt/c/Users/Admin/Downloads/Project/Github/ETL_Project/platforms/processing/base_processing_subsystem/subsystem34_metadata_repo.py:372"}
{"time":"2026-07-07T14:16:54", "level":"INFO", "message":"[BronzeExecutor] Processing symbol=DTA batch_id=batch_DTA_20260707071654_5033dd68", "caller":"/mnt/c/Users/Admin/Downloads/Project/Github/ETL_Project/scripts/deploy_full_pipeline.py:510"}
{"time":"2026-07-07T14:16:55", "level":"INFO", "message":"[BronzeIngester:DTA] Start processing 101 records.", "caller":"/mnt/c/Users/Admin/Downloads/Project/Github/ETL_Project/scripts/deploy_full_pipeline.py:302"}
{"time":"2026-07-07T14:16:55", "level":"WARNING", "message":"[BronzeIngester:DTA] No records passed DQ checks.", "caller":"/mnt/c/Users/Admin/Downloads/Project/Github/ETL_Project/scripts/deploy_full_pipeline.py:311"}
{"time":"2026-07-07T14:16:55", "level":"WARNING", "message":"[WARNING] 101 rejected records in bronze ingestion for DTA | record_id=None", "caller":"/mnt/c/Users/Admin/Downloads/Project/Github/ETL_Project/platforms/processing/base_processing_subsystem/subsystem5_and_30_error_event_schema_and_escalate.py:114"}
{"time":"2026-07-07T14:16:55", "level":"INFO", "message":"[LINEAGE] external.cophieu68_DTA -> bronze.bronze_stock_prices | op=APPEND | rows=0", "caller":"/mnt/c/Users/Admin/Downloads/Project/Github/ETL_Project/platforms/processing/base_processing_subsystem/subsystem34_metadata_repo.py:372"}
{"time":"2026-07-07T14:16:55", "level":"INFO", "message":"[BronzeExecutor] Processing symbol=DTL batch_id=batch_DTL_20260707071655_3eb60b86", "caller":"/mnt/c/Users/Admin/Downloads/Project/Github/ETL_Project/scripts/deploy_full_pipeline.py:510"}
{"time":"2026-07-07T14:16:56", "level":"INFO", "message":"[BronzeIngester:DTL] Start processing 101 records.", "caller":"/mnt/c/Users/Admin/Downloads/Project/Github/ETL_Project/scripts/deploy_full_pipeline.py:302"}
{"time":"2026-07-07T14:16:56", "level":"WARNING", "message":"[BronzeIngester:DTL] No records passed DQ checks.", "caller":"/mnt/c/Users/Admin/Downloads/Project/Github/ETL_Project/scripts/deploy_full_pipeline.py:311"}
{"time":"2026-07-07T14:16:56", "level":"WARNING", "message":"[WARNING] 101 rejected records in bronze ingestion for DTL | record_id=None", "caller":"/mnt/c/Users/Admin/Downloads/Project/Github/ETL_Project/platforms/processing/base_processing_subsystem/subsystem5_and_30_error_event_schema_and_escalate.py:114"}
{"time":"2026-07-07T14:16:56", "level":"INFO", "message":"[LINEAGE] external.cophieu68_DTL -> bronze.bronze_stock_prices | op=APPEND | rows=0", "caller":"/mnt/c/Users/Admin/Downloads/Project/Github/ETL_Project/platforms/processing/base_processing_subsystem/subsystem34_metadata_repo.py:372"}
{"time":"2026-07-07T14:16:56", "level":"INFO", "message":"[BronzeExecutor] Processing symbol=DTT batch_id=batch_DTT_20260707071656_59ab49f8", "caller":"/mnt/c/Users/Admin/Downloads/Project/Github/ETL_Project/scripts/deploy_full_pipeline.py:510"}
{"time":"2026-07-07T14:16:57", "level":"INFO", "message":"[BronzeIngester:DTT] Start processing 101 records.", "caller":"/mnt/c/Users/Admin/Downloads/Project/Github/ETL_Project/scripts/deploy_full_pipeline.py:302"}
{"time":"2026-07-07T14:16:57", "level":"WARNING", "message":"[BronzeIngester:DTT] No records passed DQ checks.", "caller":"/mnt/c/Users/Admin/Downloads/Project/Github/ETL_Project/scripts/deploy_full_pipeline.py:311"}
{"time":"2026-07-07T14:16:57", "level":"WARNING", "message":"[WARNING] 101 rejected records in bronze ingestion for DTT | record_id=None", "caller":"/mnt/c/Users/Admin/Downloads/Project/Github/ETL_Project/platforms/processing/base_processing_subsystem/subsystem5_and_30_error_event_schema_and_escalate.py:114"}
{"time":"2026-07-07T14:16:57", "level":"INFO", "message":"[LINEAGE] external.cophieu68_DTT -> bronze.bronze_stock_prices | op=APPEND | rows=0", "caller":"/mnt/c/Users/Admin/Downloads/Project/Github/ETL_Project/platforms/processing/base_processing_subsystem/subsystem34_metadata_repo.py:372"}
{"time":"2026-07-07T14:16:57", "level":"INFO", "message":"[BronzeExecutor] Processing symbol=DVP batch_id=batch_DVP_20260707071657_cf2c700a", "caller":"/mnt/c/Users/Admin/Downloads/Project/Github/ETL_Project/scripts/deploy_full_pipeline.py:510"}
{"time":"2026-07-07T14:16:58", "level":"INFO", "message":"[BronzeIngester:DVP] Start processing 101 records.", "caller":"/mnt/c/Users/Admin/Downloads/Project/Github/ETL_Project/scripts/deploy_full_pipeline.py:302"}
{"time":"2026-07-07T14:16:58", "level":"WARNING", "message":"[BronzeIngester:DVP] No records passed DQ checks.", "caller":"/mnt/c/Users/Admin/Downloads/Project/Github/ETL_Project/scripts/deploy_full_pipeline.py:311"}
{"time":"2026-07-07T14:16:58", "level":"WARNING", "message":"[WARNING] 101 rejected records in bronze ingestion for DVP | record_id=None", "caller":"/mnt/c/Users/Admin/Downloads/Project/Github/ETL_Project/platforms/processing/base_processing_subsystem/subsystem5_and_30_error_event_schema_and_escalate.py:114"}
{"time":"2026-07-07T14:16:58", "level":"INFO", "message":"[LINEAGE] external.cophieu68_DVP -> bronze.bronze_stock_prices | op=APPEND | rows=0", "caller":"/mnt/c/Users/Admin/Downloads/Project/Github/ETL_Project/platforms/processing/base_processing_subsystem/subsystem34_metadata_repo.py:372"}
{"time":"2026-07-07T14:16:58", "level":"INFO", "message":"[BronzeExecutor] Processing symbol=DXG batch_id=batch_DXG_20260707071658_42a90bee", "caller":"/mnt/c/Users/Admin/Downloads/Project/Github/ETL_Project/scripts/deploy_full_pipeline.py:510"}
{"time":"2026-07-07T14:16:59", "level":"INFO", "message":"[BronzeIngester:DXG] Start processing 101 records.", "caller":"/mnt/c/Users/Admin/Downloads/Project/Github/ETL_Project/scripts/deploy_full_pipeline.py:302"}
{"time":"2026-07-07T14:16:59", "level":"WARNING", "message":"[BronzeIngester:DXG] No records passed DQ checks.", "caller":"/mnt/c/Users/Admin/Downloads/Project/Github/ETL_Project/scripts/deploy_full_pipeline.py:311"}
{"time":"2026-07-07T14:16:59", "level":"WARNING", "message":"[WARNING] 101 rejected records in bronze ingestion for DXG | record_id=None", "caller":"/mnt/c/Users/Admin/Downloads/Project/Github/ETL_Project/platforms/processing/base_processing_subsystem/subsystem5_and_30_error_event_schema_and_escalate.py:114"}
{"time":"2026-07-07T14:16:59", "level":"INFO", "message":"[LINEAGE] external.cophieu68_DXG -> bronze.bronze_stock_prices | op=APPEND | rows=0", "caller":"/mnt/c/Users/Admin/Downloads/Project/Github/ETL_Project/platforms/processing/base_processing_subsystem/subsystem34_metadata_repo.py:372"}
{"time":"2026-07-07T14:16:59", "level":"INFO", "message":"[BronzeExecutor] Processing symbol=DXS batch_id=batch_DXS_20260707071659_2d59dc2e", "caller":"/mnt/c/Users/Admin/Downloads/Project/Github/ETL_Project/scripts/deploy_full_pipeline.py:510"}
{"time":"2026-07-07T14:17:00", "level":"INFO", "message":"[BronzeIngester:DXS] Start processing 101 records.", "caller":"/mnt/c/Users/Admin/Downloads/Project/Github/ETL_Project/scripts/deploy_full_pipeline.py:302"}
{"time":"2026-07-07T14:17:00", "level":"WARNING", "message":"[BronzeIngester:DXS] No records passed DQ checks.", "caller":"/mnt/c/Users/Admin/Downloads/Project/Github/ETL_Project/scripts/deploy_full_pipeline.py:311"}
{"time":"2026-07-07T14:17:00", "level":"WARNING", "message":"[WARNING] 101 rejected records in bronze ingestion for DXS | record_id=None", "caller":"/mnt/c/Users/Admin/Downloads/Project/Github/ETL_Project/platforms/processing/base_processing_subsystem/subsystem5_and_30_error_event_schema_and_escalate.py:114"}
{"time":"2026-07-07T14:17:00", "level":"INFO", "message":"[LINEAGE] external.cophieu68_DXS -> bronze.bronze_stock_prices | op=APPEND | rows=0", "caller":"/mnt/c/Users/Admin/Downloads/Project/Github/ETL_Project/platforms/processing/base_processing_subsystem/subsystem34_metadata_repo.py:372"}
{"time":"2026-07-07T14:17:00", "level":"INFO", "message":"[BronzeExecutor] Processing symbol=DXV batch_id=batch_DXV_20260707071700_ff234300", "caller":"/mnt/c/Users/Admin/Downloads/Project/Github/ETL_Project/scripts/deploy_full_pipeline.py:510"}
{"time":"2026-07-07T14:17:00", "level":"INFO", "message":"[BronzeIngester:DXV] Start processing 101 records.", "caller":"/mnt/c/Users/Admin/Downloads/Project/Github/ETL_Project/scripts/deploy_full_pipeline.py:302"}
{"time":"2026-07-07T14:17:00", "level":"WARNING", "message":"[BronzeIngester:DXV] No records passed DQ checks.", "caller":"/mnt/c/Users/Admin/Downloads/Project/Github/ETL_Project/scripts/deploy_full_pipeline.py:311"}
{"time":"2026-07-07T14:17:00", "level":"WARNING", "message":"[WARNING] 101 rejected records in bronze ingestion for DXV | record_id=None", "caller":"/mnt/c/Users/Admin/Downloads/Project/Github/ETL_Project/platforms/processing/base_processing_subsystem/subsystem5_and_30_error_event_schema_and_escalate.py:114"}
{"time":"2026-07-07T14:17:00", "level":"INFO", "message":"[LINEAGE] external.cophieu68_DXV -> bronze.bronze_stock_prices | op=APPEND | rows=0", "caller":"/mnt/c/Users/Admin/Downloads/Project/Github/ETL_Project/platforms/processing/base_processing_subsystem/subsystem34_metadata_repo.py:372"}
{"time":"2026-07-07T14:17:00", "level":"INFO", "message":"[BronzeExecutor] Processing symbol=EIB batch_id=batch_EIB_20260707071700_df29c336", "caller":"/mnt/c/Users/Admin/Downloads/Project/Github/ETL_Project/scripts/deploy_full_pipeline.py:510"}
{"time":"2026-07-07T14:17:01", "level":"INFO", "message":"[BronzeIngester:EIB] Start processing 101 records.", "caller":"/mnt/c/Users/Admin/Downloads/Project/Github/ETL_Project/scripts/deploy_full_pipeline.py:302"}
{"time":"2026-07-07T14:17:01", "level":"WARNING", "message":"[BronzeIngester:EIB] No records passed DQ checks.", "caller":"/mnt/c/Users/Admin/Downloads/Project/Github/ETL_Project/scripts/deploy_full_pipeline.py:311"}
{"time":"2026-07-07T14:17:01", "level":"WARNING", "message":"[WARNING] 101 rejected records in bronze ingestion for EIB | record_id=None", "caller":"/mnt/c/Users/Admin/Downloads/Project/Github/ETL_Project/platforms/processing/base_processing_subsystem/subsystem5_and_30_error_event_schema_and_escalate.py:114"}
{"time":"2026-07-07T14:17:01", "level":"INFO", "message":"[LINEAGE] external.cophieu68_EIB -> bronze.bronze_stock_prices | op=APPEND | rows=0", "caller":"/mnt/c/Users/Admin/Downloads/Project/Github/ETL_Project/platforms/processing/base_processing_subsystem/subsystem34_metadata_repo.py:372"}
{"time":"2026-07-07T14:17:01", "level":"INFO", "message":"[BronzeExecutor] Processing symbol=ELC batch_id=batch_ELC_20260707071701_292566ea", "caller":"/mnt/c/Users/Admin/Downloads/Project/Github/ETL_Project/scripts/deploy_full_pipeline.py:510"}
{"time":"2026-07-07T14:17:02", "level":"INFO", "message":"[BronzeIngester:ELC] Start processing 101 records.", "caller":"/mnt/c/Users/Admin/Downloads/Project/Github/ETL_Project/scripts/deploy_full_pipeline.py:302"}
{"time":"2026-07-07T14:17:02", "level":"WARNING", "message":"[BronzeIngester:ELC] No records passed DQ checks.", "caller":"/mnt/c/Users/Admin/Downloads/Project/Github/ETL_Project/scripts/deploy_full_pipeline.py:311"}
{"time":"2026-07-07T14:17:02", "level":"WARNING", "message":"[WARNING] 101 rejected records in bronze ingestion for ELC | record_id=None", "caller":"/mnt/c/Users/Admin/Downloads/Project/Github/ETL_Project/platforms/processing/base_processing_subsystem/subsystem5_and_30_error_event_schema_and_escalate.py:114"}
{"time":"2026-07-07T14:17:02", "level":"INFO", "message":"[LINEAGE] external.cophieu68_ELC -> bronze.bronze_stock_prices | op=APPEND | rows=0", "caller":"/mnt/c/Users/Admin/Downloads/Project/Github/ETL_Project/platforms/processing/base_processing_subsystem/subsystem34_metadata_repo.py:372"}
{"time":"2026-07-07T14:17:02", "level":"INFO", "message":"[BronzeExecutor] Processing symbol=EVE batch_id=batch_EVE_20260707071702_517743b4", "caller":"/mnt/c/Users/Admin/Downloads/Project/Github/ETL_Project/scripts/deploy_full_pipeline.py:510"}
{"time":"2026-07-07T14:17:02", "level":"INFO", "message":"[BronzeIngester:EVE] Start processing 101 records.", "caller":"/mnt/c/Users/Admin/Downloads/Project/Github/ETL_Project/scripts/deploy_full_pipeline.py:302"}
{"time":"2026-07-07T14:17:03", "level":"WARNING", "message":"[BronzeIngester:EVE] No records passed DQ checks.", "caller":"/mnt/c/Users/Admin/Downloads/Project/Github/ETL_Project/scripts/deploy_full_pipeline.py:311"}
{"time":"2026-07-07T14:17:03", "level":"WARNING", "message":"[WARNING] 101 rejected records in bronze ingestion for EVE | record_id=None", "caller":"/mnt/c/Users/Admin/Downloads/Project/Github/ETL_Project/platforms/processing/base_processing_subsystem/subsystem5_and_30_error_event_schema_and_escalate.py:114"}
{"time":"2026-07-07T14:17:03", "level":"INFO", "message":"[LINEAGE] external.cophieu68_EVE -> bronze.bronze_stock_prices | op=APPEND | rows=0", "caller":"/mnt/c/Users/Admin/Downloads/Project/Github/ETL_Project/platforms/processing/base_processing_subsystem/subsystem34_metadata_repo.py:372"}
{"time":"2026-07-07T14:17:03", "level":"INFO", "message":"[BronzeExecutor] Processing symbol=EVG batch_id=batch_EVG_20260707071703_ba89f5e8", "caller":"/mnt/c/Users/Admin/Downloads/Project/Github/ETL_Project/scripts/deploy_full_pipeline.py:510"}
{"time":"2026-07-07T14:17:03", "level":"INFO", "message":"[BronzeIngester:EVG] Start processing 101 records.", "caller":"/mnt/c/Users/Admin/Downloads/Project/Github/ETL_Project/scripts/deploy_full_pipeline.py:302"}
{"time":"2026-07-07T14:17:03", "level":"WARNING", "message":"[BronzeIngester:EVG] No records passed DQ checks.", "caller":"/mnt/c/Users/Admin/Downloads/Project/Github/ETL_Project/scripts/deploy_full_pipeline.py:311"}
{"time":"2026-07-07T14:17:03", "level":"WARNING", "message":"[WARNING] 101 rejected records in bronze ingestion for EVG | record_id=None", "caller":"/mnt/c/Users/Admin/Downloads/Project/Github/ETL_Project/platforms/processing/base_processing_subsystem/subsystem5_and_30_error_event_schema_and_escalate.py:114"}
{"time":"2026-07-07T14:17:03", "level":"INFO", "message":"[LINEAGE] external.cophieu68_EVG -> bronze.bronze_stock_prices | op=APPEND | rows=0", "caller":"/mnt/c/Users/Admin/Downloads/Project/Github/ETL_Project/platforms/processing/base_processing_subsystem/subsystem34_metadata_repo.py:372"}
{"time":"2026-07-07T14:17:03", "level":"INFO", "message":"[BronzeExecutor] Processing symbol=FCM batch_id=batch_FCM_20260707071703_5aff7ff8", "caller":"/mnt/c/Users/Admin/Downloads/Project/Github/ETL_Project/scripts/deploy_full_pipeline.py:510"}
{"time":"2026-07-07T14:17:04", "level":"INFO", "message":"[BronzeIngester:FCM] Start processing 101 records.", "caller":"/mnt/c/Users/Admin/Downloads/Project/Github/ETL_Project/scripts/deploy_full_pipeline.py:302"}
{"time":"2026-07-07T14:17:04", "level":"WARNING", "message":"[BronzeIngester:FCM] No records passed DQ checks.", "caller":"/mnt/c/Users/Admin/Downloads/Project/Github/ETL_Project/scripts/deploy_full_pipeline.py:311"}
{"time":"2026-07-07T14:17:04", "level":"WARNING", "message":"[WARNING] 101 rejected records in bronze ingestion for FCM | record_id=None", "caller":"/mnt/c/Users/Admin/Downloads/Project/Github/ETL_Project/platforms/processing/base_processing_subsystem/subsystem5_and_30_error_event_schema_and_escalate.py:114"}
{"time":"2026-07-07T14:17:04", "level":"INFO", "message":"[LINEAGE] external.cophieu68_FCM -> bronze.bronze_stock_prices | op=APPEND | rows=0", "caller":"/mnt/c/Users/Admin/Downloads/Project/Github/ETL_Project/platforms/processing/base_processing_subsystem/subsystem34_metadata_repo.py:372"}
{"time":"2026-07-07T14:17:04", "level":"INFO", "message":"[BronzeExecutor] Processing symbol=FCN batch_id=batch_FCN_20260707071704_1644a0d9", "caller":"/mnt/c/Users/Admin/Downloads/Project/Github/ETL_Project/scripts/deploy_full_pipeline.py:510"}
{"time":"2026-07-07T14:17:05", "level":"INFO", "message":"[BronzeIngester:FCN] Start processing 101 records.", "caller":"/mnt/c/Users/Admin/Downloads/Project/Github/ETL_Project/scripts/deploy_full_pipeline.py:302"}
{"time":"2026-07-07T14:17:05", "level":"WARNING", "message":"[BronzeIngester:FCN] No records passed DQ checks.", "caller":"/mnt/c/Users/Admin/Downloads/Project/Github/ETL_Project/scripts/deploy_full_pipeline.py:311"}
{"time":"2026-07-07T14:17:05", "level":"WARNING", "message":"[WARNING] 101 rejected records in bronze ingestion for FCN | record_id=None", "caller":"/mnt/c/Users/Admin/Downloads/Project/Github/ETL_Project/platforms/processing/base_processing_subsystem/subsystem5_and_30_error_event_schema_and_escalate.py:114"}
{"time":"2026-07-07T14:17:05", "level":"INFO", "message":"[LINEAGE] external.cophieu68_FCN -> bronze.bronze_stock_prices | op=APPEND | rows=0", "caller":"/mnt/c/Users/Admin/Downloads/Project/Github/ETL_Project/platforms/processing/base_processing_subsystem/subsystem34_metadata_repo.py:372"}
{"time":"2026-07-07T14:17:05", "level":"INFO", "message":"[BronzeExecutor] Processing symbol=FDC batch_id=batch_FDC_20260707071705_e75e6938", "caller":"/mnt/c/Users/Admin/Downloads/Project/Github/ETL_Project/scripts/deploy_full_pipeline.py:510"}
{"time":"2026-07-07T14:17:06", "level":"INFO", "message":"[BronzeIngester:FDC] Start processing 101 records.", "caller":"/mnt/c/Users/Admin/Downloads/Project/Github/ETL_Project/scripts/deploy_full_pipeline.py:302"}
{"time":"2026-07-07T14:17:06", "level":"WARNING", "message":"[BronzeIngester:FDC] No records passed DQ checks.", "caller":"/mnt/c/Users/Admin/Downloads/Project/Github/ETL_Project/scripts/deploy_full_pipeline.py:311"}
{"time":"2026-07-07T14:17:06", "level":"WARNING", "message":"[WARNING] 101 rejected records in bronze ingestion for FDC | record_id=None", "caller":"/mnt/c/Users/Admin/Downloads/Project/Github/ETL_Project/platforms/processing/base_processing_subsystem/subsystem5_and_30_error_event_schema_and_escalate.py:114"}
{"time":"2026-07-07T14:17:06", "level":"INFO", "message":"[LINEAGE] external.cophieu68_FDC -> bronze.bronze_stock_prices | op=APPEND | rows=0", "caller":"/mnt/c/Users/Admin/Downloads/Project/Github/ETL_Project/platforms/processing/base_processing_subsystem/subsystem34_metadata_repo.py:372"}
{"time":"2026-07-07T14:17:06", "level":"INFO", "message":"[BronzeExecutor] Processing symbol=FIR batch_id=batch_FIR_20260707071706_d4d5a477", "caller":"/mnt/c/Users/Admin/Downloads/Project/Github/ETL_Project/scripts/deploy_full_pipeline.py:510"}
{"time":"2026-07-07T14:17:07", "level":"INFO", "message":"[BronzeIngester:FIR] Start processing 101 records.", "caller":"/mnt/c/Users/Admin/Downloads/Project/Github/ETL_Project/scripts/deploy_full_pipeline.py:302"}
{"time":"2026-07-07T14:17:07", "level":"WARNING", "message":"[BronzeIngester:FIR] No records passed DQ checks.", "caller":"/mnt/c/Users/Admin/Downloads/Project/Github/ETL_Project/scripts/deploy_full_pipeline.py:311"}
{"time":"2026-07-07T14:17:07", "level":"WARNING", "message":"[WARNING] 101 rejected records in bronze ingestion for FIR | record_id=None", "caller":"/mnt/c/Users/Admin/Downloads/Project/Github/ETL_Project/platforms/processing/base_processing_subsystem/subsystem5_and_30_error_event_schema_and_escalate.py:114"}
{"time":"2026-07-07T14:17:07", "level":"INFO", "message":"[LINEAGE] external.cophieu68_FIR -> bronze.bronze_stock_prices | op=APPEND | rows=0", "caller":"/mnt/c/Users/Admin/Downloads/Project/Github/ETL_Project/platforms/processing/base_processing_subsystem/subsystem34_metadata_repo.py:372"}
{"time":"2026-07-07T14:17:07", "level":"INFO", "message":"[BronzeExecutor] Processing symbol=FIT batch_id=batch_FIT_20260707071707_5822fa78", "caller":"/mnt/c/Users/Admin/Downloads/Project/Github/ETL_Project/scripts/deploy_full_pipeline.py:510"}
{"time":"2026-07-07T14:17:07", "level":"INFO", "message":"[BronzeIngester:FIT] Start processing 101 records.", "caller":"/mnt/c/Users/Admin/Downloads/Project/Github/ETL_Project/scripts/deploy_full_pipeline.py:302"}
{"time":"2026-07-07T14:17:07", "level":"WARNING", "message":"[BronzeIngester:FIT] No records passed DQ checks.", "caller":"/mnt/c/Users/Admin/Downloads/Project/Github/ETL_Project/scripts/deploy_full_pipeline.py:311"}
{"time":"2026-07-07T14:17:07", "level":"WARNING", "message":"[WARNING] 101 rejected records in bronze ingestion for FIT | record_id=None", "caller":"/mnt/c/Users/Admin/Downloads/Project/Github/ETL_Project/platforms/processing/base_processing_subsystem/subsystem5_and_30_error_event_schema_and_escalate.py:114"}
{"time":"2026-07-07T14:17:07", "level":"INFO", "message":"[LINEAGE] external.cophieu68_FIT -> bronze.bronze_stock_prices | op=APPEND | rows=0", "caller":"/mnt/c/Users/Admin/Downloads/Project/Github/ETL_Project/platforms/processing/base_processing_subsystem/subsystem34_metadata_repo.py:372"}
{"time":"2026-07-07T14:17:07", "level":"INFO", "message":"[BronzeExecutor] Processing symbol=FMC batch_id=batch_FMC_20260707071707_6fba829b", "caller":"/mnt/c/Users/Admin/Downloads/Project/Github/ETL_Project/scripts/deploy_full_pipeline.py:510"}
{"time":"2026-07-07T14:17:08", "level":"INFO", "message":"[BronzeIngester:FMC] Start processing 101 records.", "caller":"/mnt/c/Users/Admin/Downloads/Project/Github/ETL_Project/scripts/deploy_full_pipeline.py:302"}
{"time":"2026-07-07T14:17:08", "level":"WARNING", "message":"[BronzeIngester:FMC] No records passed DQ checks.", "caller":"/mnt/c/Users/Admin/Downloads/Project/Github/ETL_Project/scripts/deploy_full_pipeline.py:311"}
{"time":"2026-07-07T14:17:08", "level":"WARNING", "message":"[WARNING] 101 rejected records in bronze ingestion for FMC | record_id=None", "caller":"/mnt/c/Users/Admin/Downloads/Project/Github/ETL_Project/platforms/processing/base_processing_subsystem/subsystem5_and_30_error_event_schema_and_escalate.py:114"}
{"time":"2026-07-07T14:17:08", "level":"INFO", "message":"[LINEAGE] external.cophieu68_FMC -> bronze.bronze_stock_prices | op=APPEND | rows=0", "caller":"/mnt/c/Users/Admin/Downloads/Project/Github/ETL_Project/platforms/processing/base_processing_subsystem/subsystem34_metadata_repo.py:372"}
{"time":"2026-07-07T14:17:08", "level":"INFO", "message":"[BronzeExecutor] Processing symbol=FPT batch_id=batch_FPT_20260707071708_4f0de36d", "caller":"/mnt/c/Users/Admin/Downloads/Project/Github/ETL_Project/scripts/deploy_full_pipeline.py:510"}
{"time":"2026-07-07T14:17:09", "level":"INFO", "message":"[BronzeIngester:FPT] Start processing 101 records.", "caller":"/mnt/c/Users/Admin/Downloads/Project/Github/ETL_Project/scripts/deploy_full_pipeline.py:302"}
{"time":"2026-07-07T14:17:09", "level":"WARNING", "message":"[BronzeIngester:FPT] No records passed DQ checks.", "caller":"/mnt/c/Users/Admin/Downloads/Project/Github/ETL_Project/scripts/deploy_full_pipeline.py:311"}
{"time":"2026-07-07T14:17:09", "level":"WARNING", "message":"[WARNING] 101 rejected records in bronze ingestion for FPT | record_id=None", "caller":"/mnt/c/Users/Admin/Downloads/Project/Github/ETL_Project/platforms/processing/base_processing_subsystem/subsystem5_and_30_error_event_schema_and_escalate.py:114"}
{"time":"2026-07-07T14:17:09", "level":"INFO", "message":"[LINEAGE] external.cophieu68_FPT -> bronze.bronze_stock_prices | op=APPEND | rows=0", "caller":"/mnt/c/Users/Admin/Downloads/Project/Github/ETL_Project/platforms/processing/base_processing_subsystem/subsystem34_metadata_repo.py:372"}
{"time":"2026-07-07T14:17:09", "level":"INFO", "message":"[BronzeExecutor] Processing symbol=FRT batch_id=batch_FRT_20260707071709_bb0cef1c", "caller":"/mnt/c/Users/Admin/Downloads/Project/Github/ETL_Project/scripts/deploy_full_pipeline.py:510"}
{"time":"2026-07-07T14:17:09", "level":"INFO", "message":"[BronzeIngester:FRT] Start processing 101 records.", "caller":"/mnt/c/Users/Admin/Downloads/Project/Github/ETL_Project/scripts/deploy_full_pipeline.py:302"}
{"time":"2026-07-07T14:17:09", "level":"WARNING", "message":"[BronzeIngester:FRT] No records passed DQ checks.", "caller":"/mnt/c/Users/Admin/Downloads/Project/Github/ETL_Project/scripts/deploy_full_pipeline.py:311"}
{"time":"2026-07-07T14:17:10", "level":"WARNING", "message":"[WARNING] 101 rejected records in bronze ingestion for FRT | record_id=None", "caller":"/mnt/c/Users/Admin/Downloads/Project/Github/ETL_Project/platforms/processing/base_processing_subsystem/subsystem5_and_30_error_event_schema_and_escalate.py:114"}
{"time":"2026-07-07T14:17:10", "level":"INFO", "message":"[LINEAGE] external.cophieu68_FRT -> bronze.bronze_stock_prices | op=APPEND | rows=0", "caller":"/mnt/c/Users/Admin/Downloads/Project/Github/ETL_Project/platforms/processing/base_processing_subsystem/subsystem34_metadata_repo.py:372"}
{"time":"2026-07-07T14:17:10", "level":"INFO", "message":"[BronzeExecutor] Processing symbol=FTM batch_id=batch_FTM_20260707071710_2c2804d5", "caller":"/mnt/c/Users/Admin/Downloads/Project/Github/ETL_Project/scripts/deploy_full_pipeline.py:510"}
{"time":"2026-07-07T14:17:10", "level":"INFO", "message":"[BronzeIngester:FTM] Start processing 101 records.", "caller":"/mnt/c/Users/Admin/Downloads/Project/Github/ETL_Project/scripts/deploy_full_pipeline.py:302"}
{"time":"2026-07-07T14:17:10", "level":"WARNING", "message":"[BronzeIngester:FTM] No records passed DQ checks.", "caller":"/mnt/c/Users/Admin/Downloads/Project/Github/ETL_Project/scripts/deploy_full_pipeline.py:311"}
{"time":"2026-07-07T14:17:10", "level":"WARNING", "message":"[WARNING] 101 rejected records in bronze ingestion for FTM | record_id=None", "caller":"/mnt/c/Users/Admin/Downloads/Project/Github/ETL_Project/platforms/processing/base_processing_subsystem/subsystem5_and_30_error_event_schema_and_escalate.py:114"}
{"time":"2026-07-07T14:17:10", "level":"INFO", "message":"[LINEAGE] external.cophieu68_FTM -> bronze.bronze_stock_prices | op=APPEND | rows=0", "caller":"/mnt/c/Users/Admin/Downloads/Project/Github/ETL_Project/platforms/processing/base_processing_subsystem/subsystem34_metadata_repo.py:372"}
{"time":"2026-07-07T14:17:10", "level":"INFO", "message":"[BronzeExecutor] Processing symbol=FTS batch_id=batch_FTS_20260707071710_97359109", "caller":"/mnt/c/Users/Admin/Downloads/Project/Github/ETL_Project/scripts/deploy_full_pipeline.py:510"}
{"time":"2026-07-07T14:17:11", "level":"INFO", "message":"[BronzeIngester:FTS] Start processing 101 records.", "caller":"/mnt/c/Users/Admin/Downloads/Project/Github/ETL_Project/scripts/deploy_full_pipeline.py:302"}
{"time":"2026-07-07T14:17:11", "level":"WARNING", "message":"[BronzeIngester:FTS] No records passed DQ checks.", "caller":"/mnt/c/Users/Admin/Downloads/Project/Github/ETL_Project/scripts/deploy_full_pipeline.py:311"}
{"time":"2026-07-07T14:17:11", "level":"WARNING", "message":"[WARNING] 101 rejected records in bronze ingestion for FTS | record_id=None", "caller":"/mnt/c/Users/Admin/Downloads/Project/Github/ETL_Project/platforms/processing/base_processing_subsystem/subsystem5_and_30_error_event_schema_and_escalate.py:114"}
{"time":"2026-07-07T14:17:11", "level":"INFO", "message":"[LINEAGE] external.cophieu68_FTS -> bronze.bronze_stock_prices | op=APPEND | rows=0", "caller":"/mnt/c/Users/Admin/Downloads/Project/Github/ETL_Project/platforms/processing/base_processing_subsystem/subsystem34_metadata_repo.py:372"}
{"time":"2026-07-07T14:17:11", "level":"INFO", "message":"[BronzeExecutor] Processing symbol=GAS batch_id=batch_GAS_20260707071711_aba00114", "caller":"/mnt/c/Users/Admin/Downloads/Project/Github/ETL_Project/scripts/deploy_full_pipeline.py:510"}
{"time":"2026-07-07T14:17:12", "level":"INFO", "message":"[BronzeIngester:GAS] Start processing 101 records.", "caller":"/mnt/c/Users/Admin/Downloads/Project/Github/ETL_Project/scripts/deploy_full_pipeline.py:302"}
{"time":"2026-07-07T14:17:12", "level":"WARNING", "message":"[BronzeIngester:GAS] No records passed DQ checks.", "caller":"/mnt/c/Users/Admin/Downloads/Project/Github/ETL_Project/scripts/deploy_full_pipeline.py:311"}
{"time":"2026-07-07T14:17:12", "level":"WARNING", "message":"[WARNING] 101 rejected records in bronze ingestion for GAS | record_id=None", "caller":"/mnt/c/Users/Admin/Downloads/Project/Github/ETL_Project/platforms/processing/base_processing_subsystem/subsystem5_and_30_error_event_schema_and_escalate.py:114"}
{"time":"2026-07-07T14:17:12", "level":"INFO", "message":"[LINEAGE] external.cophieu68_GAS -> bronze.bronze_stock_prices | op=APPEND | rows=0", "caller":"/mnt/c/Users/Admin/Downloads/Project/Github/ETL_Project/platforms/processing/base_processing_subsystem/subsystem34_metadata_repo.py:372"}
{"time":"2026-07-07T14:17:12", "level":"INFO", "message":"[BronzeExecutor] Processing symbol=GDT batch_id=batch_GDT_20260707071712_43aabef1", "caller":"/mnt/c/Users/Admin/Downloads/Project/Github/ETL_Project/scripts/deploy_full_pipeline.py:510"}
{"time":"2026-07-07T14:17:13", "level":"INFO", "message":"[BronzeIngester:GDT] Start processing 101 records.", "caller":"/mnt/c/Users/Admin/Downloads/Project/Github/ETL_Project/scripts/deploy_full_pipeline.py:302"}
{"time":"2026-07-07T14:17:13", "level":"WARNING", "message":"[BronzeIngester:GDT] No records passed DQ checks.", "caller":"/mnt/c/Users/Admin/Downloads/Project/Github/ETL_Project/scripts/deploy_full_pipeline.py:311"}
{"time":"2026-07-07T14:17:13", "level":"WARNING", "message":"[WARNING] 101 rejected records in bronze ingestion for GDT | record_id=None", "caller":"/mnt/c/Users/Admin/Downloads/Project/Github/ETL_Project/platforms/processing/base_processing_subsystem/subsystem5_and_30_error_event_schema_and_escalate.py:114"}
{"time":"2026-07-07T14:17:13", "level":"INFO", "message":"[LINEAGE] external.cophieu68_GDT -> bronze.bronze_stock_prices | op=APPEND | rows=0", "caller":"/mnt/c/Users/Admin/Downloads/Project/Github/ETL_Project/platforms/processing/base_processing_subsystem/subsystem34_metadata_repo.py:372"}
{"time":"2026-07-07T14:17:13", "level":"INFO", "message":"[BronzeExecutor] Processing symbol=GEG batch_id=batch_GEG_20260707071713_efe3032e", "caller":"/mnt/c/Users/Admin/Downloads/Project/Github/ETL_Project/scripts/deploy_full_pipeline.py:510"}
{"time":"2026-07-07T14:17:13", "level":"INFO", "message":"[BronzeIngester:GEG] Start processing 101 records.", "caller":"/mnt/c/Users/Admin/Downloads/Project/Github/ETL_Project/scripts/deploy_full_pipeline.py:302"}
{"time":"2026-07-07T14:17:13", "level":"WARNING", "message":"[BronzeIngester:GEG] No records passed DQ checks.", "caller":"/mnt/c/Users/Admin/Downloads/Project/Github/ETL_Project/scripts/deploy_full_pipeline.py:311"}
{"time":"2026-07-07T14:17:13", "level":"WARNING", "message":"[WARNING] 101 rejected records in bronze ingestion for GEG | record_id=None", "caller":"/mnt/c/Users/Admin/Downloads/Project/Github/ETL_Project/platforms/processing/base_processing_subsystem/subsystem5_and_30_error_event_schema_and_escalate.py:114"}
{"time":"2026-07-07T14:17:13", "level":"INFO", "message":"[LINEAGE] external.cophieu68_GEG -> bronze.bronze_stock_prices | op=APPEND | rows=0", "caller":"/mnt/c/Users/Admin/Downloads/Project/Github/ETL_Project/platforms/processing/base_processing_subsystem/subsystem34_metadata_repo.py:372"}
{"time":"2026-07-07T14:17:13", "level":"INFO", "message":"[BronzeExecutor] Processing symbol=GEX batch_id=batch_GEX_20260707071713_a3a5f03b", "caller":"/mnt/c/Users/Admin/Downloads/Project/Github/ETL_Project/scripts/deploy_full_pipeline.py:510"}
{"time":"2026-07-07T14:17:14", "level":"INFO", "message":"[BronzeIngester:GEX] Start processing 101 records.", "caller":"/mnt/c/Users/Admin/Downloads/Project/Github/ETL_Project/scripts/deploy_full_pipeline.py:302"}
{"time":"2026-07-07T14:17:14", "level":"WARNING", "message":"[BronzeIngester:GEX] No records passed DQ checks.", "caller":"/mnt/c/Users/Admin/Downloads/Project/Github/ETL_Project/scripts/deploy_full_pipeline.py:311"}
{"time":"2026-07-07T14:17:14", "level":"WARNING", "message":"[WARNING] 101 rejected records in bronze ingestion for GEX | record_id=None", "caller":"/mnt/c/Users/Admin/Downloads/Project/Github/ETL_Project/platforms/processing/base_processing_subsystem/subsystem5_and_30_error_event_schema_and_escalate.py:114"}
{"time":"2026-07-07T14:17:14", "level":"INFO", "message":"[LINEAGE] external.cophieu68_GEX -> bronze.bronze_stock_prices | op=APPEND | rows=0", "caller":"/mnt/c/Users/Admin/Downloads/Project/Github/ETL_Project/platforms/processing/base_processing_subsystem/subsystem34_metadata_repo.py:372"}
{"time":"2026-07-07T14:17:14", "level":"INFO", "message":"[BronzeExecutor] Processing symbol=GIL batch_id=batch_GIL_20260707071714_1f3d8f56", "caller":"/mnt/c/Users/Admin/Downloads/Project/Github/ETL_Project/scripts/deploy_full_pipeline.py:510"}
{"time":"2026-07-07T14:17:15", "level":"INFO", "message":"[BronzeIngester:GIL] Start processing 101 records.", "caller":"/mnt/c/Users/Admin/Downloads/Project/Github/ETL_Project/scripts/deploy_full_pipeline.py:302"}
{"time":"2026-07-07T14:17:15", "level":"WARNING", "message":"[BronzeIngester:GIL] No records passed DQ checks.", "caller":"/mnt/c/Users/Admin/Downloads/Project/Github/ETL_Project/scripts/deploy_full_pipeline.py:311"}
{"time":"2026-07-07T14:17:15", "level":"WARNING", "message":"[WARNING] 101 rejected records in bronze ingestion for GIL | record_id=None", "caller":"/mnt/c/Users/Admin/Downloads/Project/Github/ETL_Project/platforms/processing/base_processing_subsystem/subsystem5_and_30_error_event_schema_and_escalate.py:114"}
{"time":"2026-07-07T14:17:15", "level":"INFO", "message":"[LINEAGE] external.cophieu68_GIL -> bronze.bronze_stock_prices | op=APPEND | rows=0", "caller":"/mnt/c/Users/Admin/Downloads/Project/Github/ETL_Project/platforms/processing/base_processing_subsystem/subsystem34_metadata_repo.py:372"}
{"time":"2026-07-07T14:17:15", "level":"INFO", "message":"[BronzeExecutor] Processing symbol=GMD batch_id=batch_GMD_20260707071715_babafbba", "caller":"/mnt/c/Users/Admin/Downloads/Project/Github/ETL_Project/scripts/deploy_full_pipeline.py:510"}
{"time":"2026-07-07T14:17:15", "level":"INFO", "message":"[BronzeIngester:GMD] Start processing 101 records.", "caller":"/mnt/c/Users/Admin/Downloads/Project/Github/ETL_Project/scripts/deploy_full_pipeline.py:302"}
{"time":"2026-07-07T14:17:15", "level":"WARNING", "message":"[BronzeIngester:GMD] No records passed DQ checks.", "caller":"/mnt/c/Users/Admin/Downloads/Project/Github/ETL_Project/scripts/deploy_full_pipeline.py:311"}
{"time":"2026-07-07T14:17:16", "level":"WARNING", "message":"[WARNING] 101 rejected records in bronze ingestion for GMD | record_id=None", "caller":"/mnt/c/Users/Admin/Downloads/Project/Github/ETL_Project/platforms/processing/base_processing_subsystem/subsystem5_and_30_error_event_schema_and_escalate.py:114"}
{"time":"2026-07-07T14:17:16", "level":"INFO", "message":"[LINEAGE] external.cophieu68_GMD -> bronze.bronze_stock_prices | op=APPEND | rows=0", "caller":"/mnt/c/Users/Admin/Downloads/Project/Github/ETL_Project/platforms/processing/base_processing_subsystem/subsystem34_metadata_repo.py:372"}
{"time":"2026-07-07T14:17:16", "level":"INFO", "message":"[BronzeExecutor] Processing symbol=GSP batch_id=batch_GSP_20260707071716_48527f35", "caller":"/mnt/c/Users/Admin/Downloads/Project/Github/ETL_Project/scripts/deploy_full_pipeline.py:510"}
{"time":"2026-07-07T14:17:16", "level":"INFO", "message":"[BronzeIngester:GSP] Start processing 101 records.", "caller":"/mnt/c/Users/Admin/Downloads/Project/Github/ETL_Project/scripts/deploy_full_pipeline.py:302"}
{"time":"2026-07-07T14:17:16", "level":"WARNING", "message":"[BronzeIngester:GSP] No records passed DQ checks.", "caller":"/mnt/c/Users/Admin/Downloads/Project/Github/ETL_Project/scripts/deploy_full_pipeline.py:311"}
{"time":"2026-07-07T14:17:16", "level":"WARNING", "message":"[WARNING] 101 rejected records in bronze ingestion for GSP | record_id=None", "caller":"/mnt/c/Users/Admin/Downloads/Project/Github/ETL_Project/platforms/processing/base_processing_subsystem/subsystem5_and_30_error_event_schema_and_escalate.py:114"}
{"time":"2026-07-07T14:17:16", "level":"INFO", "message":"[LINEAGE] external.cophieu68_GSP -> bronze.bronze_stock_prices | op=APPEND | rows=0", "caller":"/mnt/c/Users/Admin/Downloads/Project/Github/ETL_Project/platforms/processing/base_processing_subsystem/subsystem34_metadata_repo.py:372"}
{"time":"2026-07-07T14:17:16", "level":"INFO", "message":"[BronzeExecutor] Processing symbol=GTA batch_id=batch_GTA_20260707071716_f2f9edc4", "caller":"/mnt/c/Users/Admin/Downloads/Project/Github/ETL_Project/scripts/deploy_full_pipeline.py:510"}
{"time":"2026-07-07T14:17:16", "level":"INFO", "message":"[BronzeIngester:GTA] Start processing 101 records.", "caller":"/mnt/c/Users/Admin/Downloads/Project/Github/ETL_Project/scripts/deploy_full_pipeline.py:302"}
{"time":"2026-07-07T14:17:16", "level":"WARNING", "message":"[BronzeIngester:GTA] No records passed DQ checks.", "caller":"/mnt/c/Users/Admin/Downloads/Project/Github/ETL_Project/scripts/deploy_full_pipeline.py:311"}
{"time":"2026-07-07T14:17:16", "level":"WARNING", "message":"[WARNING] 101 rejected records in bronze ingestion for GTA | record_id=None", "caller":"/mnt/c/Users/Admin/Downloads/Project/Github/ETL_Project/platforms/processing/base_processing_subsystem/subsystem5_and_30_error_event_schema_and_escalate.py:114"}
{"time":"2026-07-07T14:17:16", "level":"INFO", "message":"[LINEAGE] external.cophieu68_GTA -> bronze.bronze_stock_prices | op=APPEND | rows=0", "caller":"/mnt/c/Users/Admin/Downloads/Project/Github/ETL_Project/platforms/processing/base_processing_subsystem/subsystem34_metadata_repo.py:372"}
{"time":"2026-07-07T14:17:16", "level":"INFO", "message":"[BronzeExecutor] Processing symbol=GVR batch_id=batch_GVR_20260707071716_6261cf43", "caller":"/mnt/c/Users/Admin/Downloads/Project/Github/ETL_Project/scripts/deploy_full_pipeline.py:510"}
{"time":"2026-07-07T14:17:17", "level":"INFO", "message":"[BronzeIngester:GVR] Start processing 101 records.", "caller":"/mnt/c/Users/Admin/Downloads/Project/Github/ETL_Project/scripts/deploy_full_pipeline.py:302"}
{"time":"2026-07-07T14:17:17", "level":"WARNING", "message":"[BronzeIngester:GVR] No records passed DQ checks.", "caller":"/mnt/c/Users/Admin/Downloads/Project/Github/ETL_Project/scripts/deploy_full_pipeline.py:311"}
{"time":"2026-07-07T14:17:17", "level":"WARNING", "message":"[WARNING] 101 rejected records in bronze ingestion for GVR | record_id=None", "caller":"/mnt/c/Users/Admin/Downloads/Project/Github/ETL_Project/platforms/processing/base_processing_subsystem/subsystem5_and_30_error_event_schema_and_escalate.py:114"}
{"time":"2026-07-07T14:17:17", "level":"INFO", "message":"[LINEAGE] external.cophieu68_GVR -> bronze.bronze_stock_prices | op=APPEND | rows=0", "caller":"/mnt/c/Users/Admin/Downloads/Project/Github/ETL_Project/platforms/processing/base_processing_subsystem/subsystem34_metadata_repo.py:372"}
{"time":"2026-07-07T14:17:17", "level":"INFO", "message":"[BronzeExecutor] Processing symbol=HAG batch_id=batch_HAG_20260707071717_1d809075", "caller":"/mnt/c/Users/Admin/Downloads/Project/Github/ETL_Project/scripts/deploy_full_pipeline.py:510"}
{"time":"2026-07-07T14:17:18", "level":"INFO", "message":"[BronzeIngester:HAG] Start processing 101 records.", "caller":"/mnt/c/Users/Admin/Downloads/Project/Github/ETL_Project/scripts/deploy_full_pipeline.py:302"}
{"time":"2026-07-07T14:17:18", "level":"WARNING", "message":"[BronzeIngester:HAG] No records passed DQ checks.", "caller":"/mnt/c/Users/Admin/Downloads/Project/Github/ETL_Project/scripts/deploy_full_pipeline.py:311"}
{"time":"2026-07-07T14:17:18", "level":"WARNING", "message":"[WARNING] 101 rejected records in bronze ingestion for HAG | record_id=None", "caller":"/mnt/c/Users/Admin/Downloads/Project/Github/ETL_Project/platforms/processing/base_processing_subsystem/subsystem5_and_30_error_event_schema_and_escalate.py:114"}
{"time":"2026-07-07T14:17:18", "level":"INFO", "message":"[LINEAGE] external.cophieu68_HAG -> bronze.bronze_stock_prices | op=APPEND | rows=0", "caller":"/mnt/c/Users/Admin/Downloads/Project/Github/ETL_Project/platforms/processing/base_processing_subsystem/subsystem34_metadata_repo.py:372"}
{"time":"2026-07-07T14:17:18", "level":"INFO", "message":"[BronzeExecutor] Processing symbol=HAH batch_id=batch_HAH_20260707071718_ab686c9e", "caller":"/mnt/c/Users/Admin/Downloads/Project/Github/ETL_Project/scripts/deploy_full_pipeline.py:510"}
{"time":"2026-07-07T14:17:19", "level":"INFO", "message":"[BronzeIngester:HAH] Start processing 101 records.", "caller":"/mnt/c/Users/Admin/Downloads/Project/Github/ETL_Project/scripts/deploy_full_pipeline.py:302"}
{"time":"2026-07-07T14:17:19", "level":"WARNING", "message":"[BronzeIngester:HAH] No records passed DQ checks.", "caller":"/mnt/c/Users/Admin/Downloads/Project/Github/ETL_Project/scripts/deploy_full_pipeline.py:311"}
{"time":"2026-07-07T14:17:19", "level":"WARNING", "message":"[WARNING] 101 rejected records in bronze ingestion for HAH | record_id=None", "caller":"/mnt/c/Users/Admin/Downloads/Project/Github/ETL_Project/platforms/processing/base_processing_subsystem/subsystem5_and_30_error_event_schema_and_escalate.py:114"}
{"time":"2026-07-07T14:17:19", "level":"INFO", "message":"[LINEAGE] external.cophieu68_HAH -> bronze.bronze_stock_prices | op=APPEND | rows=0", "caller":"/mnt/c/Users/Admin/Downloads/Project/Github/ETL_Project/platforms/processing/base_processing_subsystem/subsystem34_metadata_repo.py:372"}
{"time":"2026-07-07T14:17:19", "level":"INFO", "message":"[BronzeExecutor] Processing symbol=HAP batch_id=batch_HAP_20260707071719_5abffe72", "caller":"/mnt/c/Users/Admin/Downloads/Project/Github/ETL_Project/scripts/deploy_full_pipeline.py:510"}
{"time":"2026-07-07T14:17:19", "level":"INFO", "message":"[BronzeIngester:HAP] Start processing 101 records.", "caller":"/mnt/c/Users/Admin/Downloads/Project/Github/ETL_Project/scripts/deploy_full_pipeline.py:302"}
{"time":"2026-07-07T14:17:19", "level":"WARNING", "message":"[BronzeIngester:HAP] No records passed DQ checks.", "caller":"/mnt/c/Users/Admin/Downloads/Project/Github/ETL_Project/scripts/deploy_full_pipeline.py:311"}
{"time":"2026-07-07T14:17:19", "level":"WARNING", "message":"[WARNING] 101 rejected records in bronze ingestion for HAP | record_id=None", "caller":"/mnt/c/Users/Admin/Downloads/Project/Github/ETL_Project/platforms/processing/base_processing_subsystem/subsystem5_and_30_error_event_schema_and_escalate.py:114"}
{"time":"2026-07-07T14:17:19", "level":"INFO", "message":"[LINEAGE] external.cophieu68_HAP -> bronze.bronze_stock_prices | op=APPEND | rows=0", "caller":"/mnt/c/Users/Admin/Downloads/Project/Github/ETL_Project/platforms/processing/base_processing_subsystem/subsystem34_metadata_repo.py:372"}
{"time":"2026-07-07T14:17:20", "level":"INFO", "message":"[BronzeExecutor] Processing symbol=HAR batch_id=batch_HAR_20260707071720_95d5fdd2", "caller":"/mnt/c/Users/Admin/Downloads/Project/Github/ETL_Project/scripts/deploy_full_pipeline.py:510"}
{"time":"2026-07-07T14:17:20", "level":"INFO", "message":"[BronzeIngester:HAR] Start processing 101 records.", "caller":"/mnt/c/Users/Admin/Downloads/Project/Github/ETL_Project/scripts/deploy_full_pipeline.py:302"}
{"time":"2026-07-07T14:17:20", "level":"WARNING", "message":"[BronzeIngester:HAR] No records passed DQ checks.", "caller":"/mnt/c/Users/Admin/Downloads/Project/Github/ETL_Project/scripts/deploy_full_pipeline.py:311"}
{"time":"2026-07-07T14:17:20", "level":"WARNING", "message":"[WARNING] 101 rejected records in bronze ingestion for HAR | record_id=None", "caller":"/mnt/c/Users/Admin/Downloads/Project/Github/ETL_Project/platforms/processing/base_processing_subsystem/subsystem5_and_30_error_event_schema_and_escalate.py:114"}
{"time":"2026-07-07T14:17:20", "level":"INFO", "message":"[LINEAGE] external.cophieu68_HAR -> bronze.bronze_stock_prices | op=APPEND | rows=0", "caller":"/mnt/c/Users/Admin/Downloads/Project/Github/ETL_Project/platforms/processing/base_processing_subsystem/subsystem34_metadata_repo.py:372"}
{"time":"2026-07-07T14:17:20", "level":"INFO", "message":"[BronzeExecutor] Processing symbol=HAS batch_id=batch_HAS_20260707071720_26c129e6", "caller":"/mnt/c/Users/Admin/Downloads/Project/Github/ETL_Project/scripts/deploy_full_pipeline.py:510"}
{"time":"2026-07-07T14:17:21", "level":"INFO", "message":"[BronzeIngester:HAS] Start processing 101 records.", "caller":"/mnt/c/Users/Admin/Downloads/Project/Github/ETL_Project/scripts/deploy_full_pipeline.py:302"}
{"time":"2026-07-07T14:17:21", "level":"WARNING", "message":"[BronzeIngester:HAS] No records passed DQ checks.", "caller":"/mnt/c/Users/Admin/Downloads/Project/Github/ETL_Project/scripts/deploy_full_pipeline.py:311"}
{"time":"2026-07-07T14:17:21", "level":"WARNING", "message":"[WARNING] 101 rejected records in bronze ingestion for HAS | record_id=None", "caller":"/mnt/c/Users/Admin/Downloads/Project/Github/ETL_Project/platforms/processing/base_processing_subsystem/subsystem5_and_30_error_event_schema_and_escalate.py:114"}
{"time":"2026-07-07T14:17:21", "level":"INFO", "message":"[LINEAGE] external.cophieu68_HAS -> bronze.bronze_stock_prices | op=APPEND | rows=0", "caller":"/mnt/c/Users/Admin/Downloads/Project/Github/ETL_Project/platforms/processing/base_processing_subsystem/subsystem34_metadata_repo.py:372"}
{"time":"2026-07-07T14:17:21", "level":"INFO", "message":"[BronzeExecutor] Processing symbol=HAX batch_id=batch_HAX_20260707071721_dc8b1e2f", "caller":"/mnt/c/Users/Admin/Downloads/Project/Github/ETL_Project/scripts/deploy_full_pipeline.py:510"}
{"time":"2026-07-07T14:17:22", "level":"INFO", "message":"[BronzeIngester:HAX] Start processing 101 records.", "caller":"/mnt/c/Users/Admin/Downloads/Project/Github/ETL_Project/scripts/deploy_full_pipeline.py:302"}
{"time":"2026-07-07T14:17:22", "level":"WARNING", "message":"[BronzeIngester:HAX] No records passed DQ checks.", "caller":"/mnt/c/Users/Admin/Downloads/Project/Github/ETL_Project/scripts/deploy_full_pipeline.py:311"}
{"time":"2026-07-07T14:17:22", "level":"WARNING", "message":"[WARNING] 101 rejected records in bronze ingestion for HAX | record_id=None", "caller":"/mnt/c/Users/Admin/Downloads/Project/Github/ETL_Project/platforms/processing/base_processing_subsystem/subsystem5_and_30_error_event_schema_and_escalate.py:114"}
{"time":"2026-07-07T14:17:22", "level":"INFO", "message":"[LINEAGE] external.cophieu68_HAX -> bronze.bronze_stock_prices | op=APPEND | rows=0", "caller":"/mnt/c/Users/Admin/Downloads/Project/Github/ETL_Project/platforms/processing/base_processing_subsystem/subsystem34_metadata_repo.py:372"}
{"time":"2026-07-07T14:17:22", "level":"INFO", "message":"[BronzeExecutor] Processing symbol=HBC batch_id=batch_HBC_20260707071722_79a99c71", "caller":"/mnt/c/Users/Admin/Downloads/Project/Github/ETL_Project/scripts/deploy_full_pipeline.py:510"}
{"time":"2026-07-07T14:17:23", "level":"INFO", "message":"[BronzeIngester:HBC] Start processing 101 records.", "caller":"/mnt/c/Users/Admin/Downloads/Project/Github/ETL_Project/scripts/deploy_full_pipeline.py:302"}
{"time":"2026-07-07T14:17:23", "level":"WARNING", "message":"[BronzeIngester:HBC] No records passed DQ checks.", "caller":"/mnt/c/Users/Admin/Downloads/Project/Github/ETL_Project/scripts/deploy_full_pipeline.py:311"}
{"time":"2026-07-07T14:17:23", "level":"WARNING", "message":"[WARNING] 101 rejected records in bronze ingestion for HBC | record_id=None", "caller":"/mnt/c/Users/Admin/Downloads/Project/Github/ETL_Project/platforms/processing/base_processing_subsystem/subsystem5_and_30_error_event_schema_and_escalate.py:114"}
{"time":"2026-07-07T14:17:23", "level":"INFO", "message":"[LINEAGE] external.cophieu68_HBC -> bronze.bronze_stock_prices | op=APPEND | rows=0", "caller":"/mnt/c/Users/Admin/Downloads/Project/Github/ETL_Project/platforms/processing/base_processing_subsystem/subsystem34_metadata_repo.py:372"}
{"time":"2026-07-07T14:17:23", "level":"INFO", "message":"[BronzeExecutor] Processing symbol=HCD batch_id=batch_HCD_20260707071723_dd7fbd7d", "caller":"/mnt/c/Users/Admin/Downloads/Project/Github/ETL_Project/scripts/deploy_full_pipeline.py:510"}
{"time":"2026-07-07T14:17:23", "level":"INFO", "message":"[BronzeIngester:HCD] Start processing 101 records.", "caller":"/mnt/c/Users/Admin/Downloads/Project/Github/ETL_Project/scripts/deploy_full_pipeline.py:302"}
{"time":"2026-07-07T14:17:23", "level":"WARNING", "message":"[BronzeIngester:HCD] No records passed DQ checks.", "caller":"/mnt/c/Users/Admin/Downloads/Project/Github/ETL_Project/scripts/deploy_full_pipeline.py:311"}
{"time":"2026-07-07T14:17:23", "level":"WARNING", "message":"[WARNING] 101 rejected records in bronze ingestion for HCD | record_id=None", "caller":"/mnt/c/Users/Admin/Downloads/Project/Github/ETL_Project/platforms/processing/base_processing_subsystem/subsystem5_and_30_error_event_schema_and_escalate.py:114"}
{"time":"2026-07-07T14:17:23", "level":"INFO", "message":"[LINEAGE] external.cophieu68_HCD -> bronze.bronze_stock_prices | op=APPEND | rows=0", "caller":"/mnt/c/Users/Admin/Downloads/Project/Github/ETL_Project/platforms/processing/base_processing_subsystem/subsystem34_metadata_repo.py:372"}
{"time":"2026-07-07T14:17:23", "level":"INFO", "message":"[BronzeExecutor] Processing symbol=HCM batch_id=batch_HCM_20260707071723_941b3e4d", "caller":"/mnt/c/Users/Admin/Downloads/Project/Github/ETL_Project/scripts/deploy_full_pipeline.py:510"}
{"time":"2026-07-07T14:17:24", "level":"INFO", "message":"[BronzeIngester:HCM] Start processing 101 records.", "caller":"/mnt/c/Users/Admin/Downloads/Project/Github/ETL_Project/scripts/deploy_full_pipeline.py:302"}
{"time":"2026-07-07T14:17:24", "level":"WARNING", "message":"[BronzeIngester:HCM] No records passed DQ checks.", "caller":"/mnt/c/Users/Admin/Downloads/Project/Github/ETL_Project/scripts/deploy_full_pipeline.py:311"}
{"time":"2026-07-07T14:17:24", "level":"WARNING", "message":"[WARNING] 101 rejected records in bronze ingestion for HCM | record_id=None", "caller":"/mnt/c/Users/Admin/Downloads/Project/Github/ETL_Project/platforms/processing/base_processing_subsystem/subsystem5_and_30_error_event_schema_and_escalate.py:114"}
{"time":"2026-07-07T14:17:24", "level":"INFO", "message":"[LINEAGE] external.cophieu68_HCM -> bronze.bronze_stock_prices | op=APPEND | rows=0", "caller":"/mnt/c/Users/Admin/Downloads/Project/Github/ETL_Project/platforms/processing/base_processing_subsystem/subsystem34_metadata_repo.py:372"}
{"time":"2026-07-07T14:17:24", "level":"INFO", "message":"[BronzeExecutor] Processing symbol=HDB batch_id=batch_HDB_20260707071724_a8a80fb5", "caller":"/mnt/c/Users/Admin/Downloads/Project/Github/ETL_Project/scripts/deploy_full_pipeline.py:510"}
{"time":"2026-07-07T14:17:25", "level":"INFO", "message":"[BronzeIngester:HDB] Start processing 101 records.", "caller":"/mnt/c/Users/Admin/Downloads/Project/Github/ETL_Project/scripts/deploy_full_pipeline.py:302"}
{"time":"2026-07-07T14:17:25", "level":"WARNING", "message":"[BronzeIngester:HDB] No records passed DQ checks.", "caller":"/mnt/c/Users/Admin/Downloads/Project/Github/ETL_Project/scripts/deploy_full_pipeline.py:311"}
{"time":"2026-07-07T14:17:25", "level":"WARNING", "message":"[WARNING] 101 rejected records in bronze ingestion for HDB | record_id=None", "caller":"/mnt/c/Users/Admin/Downloads/Project/Github/ETL_Project/platforms/processing/base_processing_subsystem/subsystem5_and_30_error_event_schema_and_escalate.py:114"}
{"time":"2026-07-07T14:17:25", "level":"INFO", "message":"[LINEAGE] external.cophieu68_HDB -> bronze.bronze_stock_prices | op=APPEND | rows=0", "caller":"/mnt/c/Users/Admin/Downloads/Project/Github/ETL_Project/platforms/processing/base_processing_subsystem/subsystem34_metadata_repo.py:372"}
{"time":"2026-07-07T14:17:25", "level":"INFO", "message":"[BronzeExecutor] Processing symbol=HDC batch_id=batch_HDC_20260707071725_786d0bd8", "caller":"/mnt/c/Users/Admin/Downloads/Project/Github/ETL_Project/scripts/deploy_full_pipeline.py:510"}
{"time":"2026-07-07T14:17:25", "level":"INFO", "message":"[BronzeIngester:HDC] Start processing 101 records.", "caller":"/mnt/c/Users/Admin/Downloads/Project/Github/ETL_Project/scripts/deploy_full_pipeline.py:302"}
{"time":"2026-07-07T14:17:25", "level":"WARNING", "message":"[BronzeIngester:HDC] No records passed DQ checks.", "caller":"/mnt/c/Users/Admin/Downloads/Project/Github/ETL_Project/scripts/deploy_full_pipeline.py:311"}
{"time":"2026-07-07T14:17:25", "level":"WARNING", "message":"[WARNING] 101 rejected records in bronze ingestion for HDC | record_id=None", "caller":"/mnt/c/Users/Admin/Downloads/Project/Github/ETL_Project/platforms/processing/base_processing_subsystem/subsystem5_and_30_error_event_schema_and_escalate.py:114"}
{"time":"2026-07-07T14:17:25", "level":"INFO", "message":"[LINEAGE] external.cophieu68_HDC -> bronze.bronze_stock_prices | op=APPEND | rows=0", "caller":"/mnt/c/Users/Admin/Downloads/Project/Github/ETL_Project/platforms/processing/base_processing_subsystem/subsystem34_metadata_repo.py:372"}
{"time":"2026-07-07T14:17:25", "level":"INFO", "message":"[BronzeExecutor] Processing symbol=HDG batch_id=batch_HDG_20260707071725_d0894ebc", "caller":"/mnt/c/Users/Admin/Downloads/Project/Github/ETL_Project/scripts/deploy_full_pipeline.py:510"}
{"time":"2026-07-07T14:17:26", "level":"INFO", "message":"[BronzeIngester:HDG] Start processing 101 records.", "caller":"/mnt/c/Users/Admin/Downloads/Project/Github/ETL_Project/scripts/deploy_full_pipeline.py:302"}
{"time":"2026-07-07T14:17:26", "level":"WARNING", "message":"[BronzeIngester:HDG] No records passed DQ checks.", "caller":"/mnt/c/Users/Admin/Downloads/Project/Github/ETL_Project/scripts/deploy_full_pipeline.py:311"}
{"time":"2026-07-07T14:17:26", "level":"WARNING", "message":"[WARNING] 101 rejected records in bronze ingestion for HDG | record_id=None", "caller":"/mnt/c/Users/Admin/Downloads/Project/Github/ETL_Project/platforms/processing/base_processing_subsystem/subsystem5_and_30_error_event_schema_and_escalate.py:114"}
{"time":"2026-07-07T14:17:26", "level":"INFO", "message":"[LINEAGE] external.cophieu68_HDG -> bronze.bronze_stock_prices | op=APPEND | rows=0", "caller":"/mnt/c/Users/Admin/Downloads/Project/Github/ETL_Project/platforms/processing/base_processing_subsystem/subsystem34_metadata_repo.py:372"}
{"time":"2026-07-07T14:17:26", "level":"INFO", "message":"[BronzeExecutor] Processing symbol=HHP batch_id=batch_HHP_20260707071726_1c02ab21", "caller":"/mnt/c/Users/Admin/Downloads/Project/Github/ETL_Project/scripts/deploy_full_pipeline.py:510"}
{"time":"2026-07-07T14:17:27", "level":"INFO", "message":"[BronzeIngester:HHP] Start processing 101 records.", "caller":"/mnt/c/Users/Admin/Downloads/Project/Github/ETL_Project/scripts/deploy_full_pipeline.py:302"}
{"time":"2026-07-07T14:17:27", "level":"WARNING", "message":"[BronzeIngester:HHP] No records passed DQ checks.", "caller":"/mnt/c/Users/Admin/Downloads/Project/Github/ETL_Project/scripts/deploy_full_pipeline.py:311"}
{"time":"2026-07-07T14:17:27", "level":"WARNING", "message":"[WARNING] 101 rejected records in bronze ingestion for HHP | record_id=None", "caller":"/mnt/c/Users/Admin/Downloads/Project/Github/ETL_Project/platforms/processing/base_processing_subsystem/subsystem5_and_30_error_event_schema_and_escalate.py:114"}
{"time":"2026-07-07T14:17:27", "level":"INFO", "message":"[LINEAGE] external.cophieu68_HHP -> bronze.bronze_stock_prices | op=APPEND | rows=0", "caller":"/mnt/c/Users/Admin/Downloads/Project/Github/ETL_Project/platforms/processing/base_processing_subsystem/subsystem34_metadata_repo.py:372"}
{"time":"2026-07-07T14:17:27", "level":"INFO", "message":"[BronzeExecutor] Processing symbol=HHS batch_id=batch_HHS_20260707071727_9d974ed4", "caller":"/mnt/c/Users/Admin/Downloads/Project/Github/ETL_Project/scripts/deploy_full_pipeline.py:510"}
{"time":"2026-07-07T14:17:28", "level":"INFO", "message":"[BronzeIngester:HHS] Start processing 101 records.", "caller":"/mnt/c/Users/Admin/Downloads/Project/Github/ETL_Project/scripts/deploy_full_pipeline.py:302"}
{"time":"2026-07-07T14:17:28", "level":"WARNING", "message":"[BronzeIngester:HHS] No records passed DQ checks.", "caller":"/mnt/c/Users/Admin/Downloads/Project/Github/ETL_Project/scripts/deploy_full_pipeline.py:311"}
{"time":"2026-07-07T14:17:28", "level":"WARNING", "message":"[WARNING] 101 rejected records in bronze ingestion for HHS | record_id=None", "caller":"/mnt/c/Users/Admin/Downloads/Project/Github/ETL_Project/platforms/processing/base_processing_subsystem/subsystem5_and_30_error_event_schema_and_escalate.py:114"}
{"time":"2026-07-07T14:17:28", "level":"INFO", "message":"[LINEAGE] external.cophieu68_HHS -> bronze.bronze_stock_prices | op=APPEND | rows=0", "caller":"/mnt/c/Users/Admin/Downloads/Project/Github/ETL_Project/platforms/processing/base_processing_subsystem/subsystem34_metadata_repo.py:372"}
{"time":"2026-07-07T14:17:28", "level":"INFO", "message":"[BronzeExecutor] Processing symbol=HID batch_id=batch_HID_20260707071728_5f2ff61c", "caller":"/mnt/c/Users/Admin/Downloads/Project/Github/ETL_Project/scripts/deploy_full_pipeline.py:510"}
{"time":"2026-07-07T14:17:29", "level":"INFO", "message":"[BronzeIngester:HID] Start processing 101 records.", "caller":"/mnt/c/Users/Admin/Downloads/Project/Github/ETL_Project/scripts/deploy_full_pipeline.py:302"}
{"time":"2026-07-07T14:17:29", "level":"WARNING", "message":"[BronzeIngester:HID] No records passed DQ checks.", "caller":"/mnt/c/Users/Admin/Downloads/Project/Github/ETL_Project/scripts/deploy_full_pipeline.py:311"}
{"time":"2026-07-07T14:17:29", "level":"WARNING", "message":"[WARNING] 101 rejected records in bronze ingestion for HID | record_id=None", "caller":"/mnt/c/Users/Admin/Downloads/Project/Github/ETL_Project/platforms/processing/base_processing_subsystem/subsystem5_and_30_error_event_schema_and_escalate.py:114"}
{"time":"2026-07-07T14:17:29", "level":"INFO", "message":"[LINEAGE] external.cophieu68_HID -> bronze.bronze_stock_prices | op=APPEND | rows=0", "caller":"/mnt/c/Users/Admin/Downloads/Project/Github/ETL_Project/platforms/processing/base_processing_subsystem/subsystem34_metadata_repo.py:372"}
{"time":"2026-07-07T14:17:29", "level":"INFO", "message":"[BronzeExecutor] Processing symbol=HII batch_id=batch_HII_20260707071729_618a8961", "caller":"/mnt/c/Users/Admin/Downloads/Project/Github/ETL_Project/scripts/deploy_full_pipeline.py:510"}
{"time":"2026-07-07T14:17:29", "level":"INFO", "message":"[BronzeIngester:HII] Start processing 101 records.", "caller":"/mnt/c/Users/Admin/Downloads/Project/Github/ETL_Project/scripts/deploy_full_pipeline.py:302"}
{"time":"2026-07-07T14:17:29", "level":"WARNING", "message":"[BronzeIngester:HII] No records passed DQ checks.", "caller":"/mnt/c/Users/Admin/Downloads/Project/Github/ETL_Project/scripts/deploy_full_pipeline.py:311"}
{"time":"2026-07-07T14:17:29", "level":"WARNING", "message":"[WARNING] 101 rejected records in bronze ingestion for HII | record_id=None", "caller":"/mnt/c/Users/Admin/Downloads/Project/Github/ETL_Project/platforms/processing/base_processing_subsystem/subsystem5_and_30_error_event_schema_and_escalate.py:114"}
{"time":"2026-07-07T14:17:29", "level":"INFO", "message":"[LINEAGE] external.cophieu68_HII -> bronze.bronze_stock_prices | op=APPEND | rows=0", "caller":"/mnt/c/Users/Admin/Downloads/Project/Github/ETL_Project/platforms/processing/base_processing_subsystem/subsystem34_metadata_repo.py:372"}
{"time":"2026-07-07T14:17:29", "level":"INFO", "message":"[BronzeExecutor] Processing symbol=HMC batch_id=batch_HMC_20260707071729_1b7eaa7d", "caller":"/mnt/c/Users/Admin/Downloads/Project/Github/ETL_Project/scripts/deploy_full_pipeline.py:510"}
{"time":"2026-07-07T14:17:30", "level":"INFO", "message":"[BronzeIngester:HMC] Start processing 101 records.", "caller":"/mnt/c/Users/Admin/Downloads/Project/Github/ETL_Project/scripts/deploy_full_pipeline.py:302"}
{"time":"2026-07-07T14:17:30", "level":"WARNING", "message":"[BronzeIngester:HMC] No records passed DQ checks.", "caller":"/mnt/c/Users/Admin/Downloads/Project/Github/ETL_Project/scripts/deploy_full_pipeline.py:311"}
{"time":"2026-07-07T14:17:30", "level":"WARNING", "message":"[WARNING] 101 rejected records in bronze ingestion for HMC | record_id=None", "caller":"/mnt/c/Users/Admin/Downloads/Project/Github/ETL_Project/platforms/processing/base_processing_subsystem/subsystem5_and_30_error_event_schema_and_escalate.py:114"}
{"time":"2026-07-07T14:17:30", "level":"INFO", "message":"[LINEAGE] external.cophieu68_HMC -> bronze.bronze_stock_prices | op=APPEND | rows=0", "caller":"/mnt/c/Users/Admin/Downloads/Project/Github/ETL_Project/platforms/processing/base_processing_subsystem/subsystem34_metadata_repo.py:372"}
{"time":"2026-07-07T14:17:30", "level":"INFO", "message":"[BronzeExecutor] Processing symbol=HNG batch_id=batch_HNG_20260707071730_8ac5eb56", "caller":"/mnt/c/Users/Admin/Downloads/Project/Github/ETL_Project/scripts/deploy_full_pipeline.py:510"}
{"time":"2026-07-07T14:17:31", "level":"INFO", "message":"[BronzeIngester:HNG] Start processing 101 records.", "caller":"/mnt/c/Users/Admin/Downloads/Project/Github/ETL_Project/scripts/deploy_full_pipeline.py:302"}
{"time":"2026-07-07T14:17:31", "level":"WARNING", "message":"[BronzeIngester:HNG] No records passed DQ checks.", "caller":"/mnt/c/Users/Admin/Downloads/Project/Github/ETL_Project/scripts/deploy_full_pipeline.py:311"}
{"time":"2026-07-07T14:17:31", "level":"WARNING", "message":"[WARNING] 101 rejected records in bronze ingestion for HNG | record_id=None", "caller":"/mnt/c/Users/Admin/Downloads/Project/Github/ETL_Project/platforms/processing/base_processing_subsystem/subsystem5_and_30_error_event_schema_and_escalate.py:114"}
{"time":"2026-07-07T14:17:31", "level":"INFO", "message":"[LINEAGE] external.cophieu68_HNG -> bronze.bronze_stock_prices | op=APPEND | rows=0", "caller":"/mnt/c/Users/Admin/Downloads/Project/Github/ETL_Project/platforms/processing/base_processing_subsystem/subsystem34_metadata_repo.py:372"}
{"time":"2026-07-07T14:17:31", "level":"INFO", "message":"[BronzeExecutor] Processing symbol=HPG batch_id=batch_HPG_20260707071731_6771019f", "caller":"/mnt/c/Users/Admin/Downloads/Project/Github/ETL_Project/scripts/deploy_full_pipeline.py:510"}
{"time":"2026-07-07T14:17:29", "level":"INFO", "message":"[BronzeIngester:HPG] Start processing 101 records.", "caller":"/mnt/c/Users/Admin/Downloads/Project/Github/ETL_Project/scripts/deploy_full_pipeline.py:302"}
{"time":"2026-07-07T14:17:29", "level":"WARNING", "message":"[BronzeIngester:HPG] No records passed DQ checks.", "caller":"/mnt/c/Users/Admin/Downloads/Project/Github/ETL_Project/scripts/deploy_full_pipeline.py:311"}
{"time":"2026-07-07T14:17:29", "level":"WARNING", "message":"[WARNING] 101 rejected records in bronze ingestion for HPG | record_id=None", "caller":"/mnt/c/Users/Admin/Downloads/Project/Github/ETL_Project/platforms/processing/base_processing_subsystem/subsystem5_and_30_error_event_schema_and_escalate.py:114"}
{"time":"2026-07-07T14:17:29", "level":"INFO", "message":"[LINEAGE] external.cophieu68_HPG -> bronze.bronze_stock_prices | op=APPEND | rows=0", "caller":"/mnt/c/Users/Admin/Downloads/Project/Github/ETL_Project/platforms/processing/base_processing_subsystem/subsystem34_metadata_repo.py:372"}
{"time":"2026-07-07T14:17:29", "level":"INFO", "message":"[BronzeExecutor] Processing symbol=HPX batch_id=batch_HPX_20260707071729_3b285e68", "caller":"/mnt/c/Users/Admin/Downloads/Project/Github/ETL_Project/scripts/deploy_full_pipeline.py:510"}
{"time":"2026-07-07T14:17:30", "level":"INFO", "message":"[BronzeIngester:HPX] Start processing 101 records.", "caller":"/mnt/c/Users/Admin/Downloads/Project/Github/ETL_Project/scripts/deploy_full_pipeline.py:302"}
{"time":"2026-07-07T14:17:30", "level":"WARNING", "message":"[BronzeIngester:HPX] No records passed DQ checks.", "caller":"/mnt/c/Users/Admin/Downloads/Project/Github/ETL_Project/scripts/deploy_full_pipeline.py:311"}
{"time":"2026-07-07T14:17:30", "level":"WARNING", "message":"[WARNING] 101 rejected records in bronze ingestion for HPX | record_id=None", "caller":"/mnt/c/Users/Admin/Downloads/Project/Github/ETL_Project/platforms/processing/base_processing_subsystem/subsystem5_and_30_error_event_schema_and_escalate.py:114"}
{"time":"2026-07-07T14:17:30", "level":"INFO", "message":"[LINEAGE] external.cophieu68_HPX -> bronze.bronze_stock_prices | op=APPEND | rows=0", "caller":"/mnt/c/Users/Admin/Downloads/Project/Github/ETL_Project/platforms/processing/base_processing_subsystem/subsystem34_metadata_repo.py:372"}
{"time":"2026-07-07T14:17:30", "level":"INFO", "message":"[BronzeExecutor] Processing symbol=HQC batch_id=batch_HQC_20260707071730_7cd0a7e1", "caller":"/mnt/c/Users/Admin/Downloads/Project/Github/ETL_Project/scripts/deploy_full_pipeline.py:510"}
{"time":"2026-07-07T14:17:31", "level":"INFO", "message":"[BronzeIngester:HQC] Start processing 101 records.", "caller":"/mnt/c/Users/Admin/Downloads/Project/Github/ETL_Project/scripts/deploy_full_pipeline.py:302"}
{"time":"2026-07-07T14:17:31", "level":"WARNING", "message":"[BronzeIngester:HQC] No records passed DQ checks.", "caller":"/mnt/c/Users/Admin/Downloads/Project/Github/ETL_Project/scripts/deploy_full_pipeline.py:311"}
{"time":"2026-07-07T14:17:31", "level":"WARNING", "message":"[WARNING] 101 rejected records in bronze ingestion for HQC | record_id=None", "caller":"/mnt/c/Users/Admin/Downloads/Project/Github/ETL_Project/platforms/processing/base_processing_subsystem/subsystem5_and_30_error_event_schema_and_escalate.py:114"}
{"time":"2026-07-07T14:17:31", "level":"INFO", "message":"[LINEAGE] external.cophieu68_HQC -> bronze.bronze_stock_prices | op=APPEND | rows=0", "caller":"/mnt/c/Users/Admin/Downloads/Project/Github/ETL_Project/platforms/processing/base_processing_subsystem/subsystem34_metadata_repo.py:372"}
{"time":"2026-07-07T14:17:31", "level":"INFO", "message":"[BronzeExecutor] Processing symbol=HRC batch_id=batch_HRC_20260707071731_fdc94ad6", "caller":"/mnt/c/Users/Admin/Downloads/Project/Github/ETL_Project/scripts/deploy_full_pipeline.py:510"}
{"time":"2026-07-07T14:17:32", "level":"INFO", "message":"[BronzeIngester:HRC] Start processing 101 records.", "caller":"/mnt/c/Users/Admin/Downloads/Project/Github/ETL_Project/scripts/deploy_full_pipeline.py:302"}
{"time":"2026-07-07T14:17:32", "level":"WARNING", "message":"[BronzeIngester:HRC] No records passed DQ checks.", "caller":"/mnt/c/Users/Admin/Downloads/Project/Github/ETL_Project/scripts/deploy_full_pipeline.py:311"}
{"time":"2026-07-07T14:17:32", "level":"WARNING", "message":"[WARNING] 101 rejected records in bronze ingestion for HRC | record_id=None", "caller":"/mnt/c/Users/Admin/Downloads/Project/Github/ETL_Project/platforms/processing/base_processing_subsystem/subsystem5_and_30_error_event_schema_and_escalate.py:114"}
{"time":"2026-07-07T14:17:32", "level":"INFO", "message":"[LINEAGE] external.cophieu68_HRC -> bronze.bronze_stock_prices | op=APPEND | rows=0", "caller":"/mnt/c/Users/Admin/Downloads/Project/Github/ETL_Project/platforms/processing/base_processing_subsystem/subsystem34_metadata_repo.py:372"}
{"time":"2026-07-07T14:17:32", "level":"INFO", "message":"[BronzeExecutor] Processing symbol=HSG batch_id=batch_HSG_20260707071732_82d91199", "caller":"/mnt/c/Users/Admin/Downloads/Project/Github/ETL_Project/scripts/deploy_full_pipeline.py:510"}
{"time":"2026-07-07T14:17:32", "level":"INFO", "message":"[BronzeIngester:HSG] Start processing 101 records.", "caller":"/mnt/c/Users/Admin/Downloads/Project/Github/ETL_Project/scripts/deploy_full_pipeline.py:302"}
{"time":"2026-07-07T14:17:32", "level":"WARNING", "message":"[BronzeIngester:HSG] No records passed DQ checks.", "caller":"/mnt/c/Users/Admin/Downloads/Project/Github/ETL_Project/scripts/deploy_full_pipeline.py:311"}
{"time":"2026-07-07T14:17:33", "level":"WARNING", "message":"[WARNING] 101 rejected records in bronze ingestion for HSG | record_id=None", "caller":"/mnt/c/Users/Admin/Downloads/Project/Github/ETL_Project/platforms/processing/base_processing_subsystem/subsystem5_and_30_error_event_schema_and_escalate.py:114"}
{"time":"2026-07-07T14:17:33", "level":"INFO", "message":"[LINEAGE] external.cophieu68_HSG -> bronze.bronze_stock_prices | op=APPEND | rows=0", "caller":"/mnt/c/Users/Admin/Downloads/Project/Github/ETL_Project/platforms/processing/base_processing_subsystem/subsystem34_metadata_repo.py:372"}
{"time":"2026-07-07T14:17:33", "level":"INFO", "message":"[BronzeExecutor] Processing symbol=HSL batch_id=batch_HSL_20260707071733_aa1d0f0e", "caller":"/mnt/c/Users/Admin/Downloads/Project/Github/ETL_Project/scripts/deploy_full_pipeline.py:510"}
{"time":"2026-07-07T14:17:33", "level":"INFO", "message":"[BronzeIngester:HSL] Start processing 101 records.", "caller":"/mnt/c/Users/Admin/Downloads/Project/Github/ETL_Project/scripts/deploy_full_pipeline.py:302"}
{"time":"2026-07-07T14:17:33", "level":"WARNING", "message":"[BronzeIngester:HSL] No records passed DQ checks.", "caller":"/mnt/c/Users/Admin/Downloads/Project/Github/ETL_Project/scripts/deploy_full_pipeline.py:311"}
{"time":"2026-07-07T14:17:33", "level":"WARNING", "message":"[WARNING] 101 rejected records in bronze ingestion for HSL | record_id=None", "caller":"/mnt/c/Users/Admin/Downloads/Project/Github/ETL_Project/platforms/processing/base_processing_subsystem/subsystem5_and_30_error_event_schema_and_escalate.py:114"}
{"time":"2026-07-07T14:17:33", "level":"INFO", "message":"[LINEAGE] external.cophieu68_HSL -> bronze.bronze_stock_prices | op=APPEND | rows=0", "caller":"/mnt/c/Users/Admin/Downloads/Project/Github/ETL_Project/platforms/processing/base_processing_subsystem/subsystem34_metadata_repo.py:372"}
{"time":"2026-07-07T14:17:33", "level":"INFO", "message":"[BronzeExecutor] Processing symbol=HT1 batch_id=batch_HT1_20260707071733_ba4588ec", "caller":"/mnt/c/Users/Admin/Downloads/Project/Github/ETL_Project/scripts/deploy_full_pipeline.py:510"}
{"time":"2026-07-07T14:17:34", "level":"INFO", "message":"[BronzeIngester:HT1] Start processing 101 records.", "caller":"/mnt/c/Users/Admin/Downloads/Project/Github/ETL_Project/scripts/deploy_full_pipeline.py:302"}
{"time":"2026-07-07T14:17:34", "level":"WARNING", "message":"[BronzeIngester:HT1] No records passed DQ checks.", "caller":"/mnt/c/Users/Admin/Downloads/Project/Github/ETL_Project/scripts/deploy_full_pipeline.py:311"}
{"time":"2026-07-07T14:17:34", "level":"WARNING", "message":"[WARNING] 101 rejected records in bronze ingestion for HT1 | record_id=None", "caller":"/mnt/c/Users/Admin/Downloads/Project/Github/ETL_Project/platforms/processing/base_processing_subsystem/subsystem5_and_30_error_event_schema_and_escalate.py:114"}
{"time":"2026-07-07T14:17:34", "level":"INFO", "message":"[LINEAGE] external.cophieu68_HT1 -> bronze.bronze_stock_prices | op=APPEND | rows=0", "caller":"/mnt/c/Users/Admin/Downloads/Project/Github/ETL_Project/platforms/processing/base_processing_subsystem/subsystem34_metadata_repo.py:372"}
{"time":"2026-07-07T14:17:34", "level":"INFO", "message":"[BronzeExecutor] Processing symbol=HTI batch_id=batch_HTI_20260707071734_0df26a33", "caller":"/mnt/c/Users/Admin/Downloads/Project/Github/ETL_Project/scripts/deploy_full_pipeline.py:510"}
{"time":"2026-07-07T14:17:35", "level":"INFO", "message":"[BronzeIngester:HTI] Start processing 101 records.", "caller":"/mnt/c/Users/Admin/Downloads/Project/Github/ETL_Project/scripts/deploy_full_pipeline.py:302"}
{"time":"2026-07-07T14:17:35", "level":"WARNING", "message":"[BronzeIngester:HTI] No records passed DQ checks.", "caller":"/mnt/c/Users/Admin/Downloads/Project/Github/ETL_Project/scripts/deploy_full_pipeline.py:311"}
{"time":"2026-07-07T14:17:35", "level":"WARNING", "message":"[WARNING] 101 rejected records in bronze ingestion for HTI | record_id=None", "caller":"/mnt/c/Users/Admin/Downloads/Project/Github/ETL_Project/platforms/processing/base_processing_subsystem/subsystem5_and_30_error_event_schema_and_escalate.py:114"}
{"time":"2026-07-07T14:17:35", "level":"INFO", "message":"[LINEAGE] external.cophieu68_HTI -> bronze.bronze_stock_prices | op=APPEND | rows=0", "caller":"/mnt/c/Users/Admin/Downloads/Project/Github/ETL_Project/platforms/processing/base_processing_subsystem/subsystem34_metadata_repo.py:372"}
{"time":"2026-07-07T14:17:35", "level":"INFO", "message":"[BronzeExecutor] Processing symbol=HTL batch_id=batch_HTL_20260707071735_4d8aad45", "caller":"/mnt/c/Users/Admin/Downloads/Project/Github/ETL_Project/scripts/deploy_full_pipeline.py:510"}
{"time":"2026-07-07T14:17:35", "level":"INFO", "message":"[BronzeIngester:HTL] Start processing 101 records.", "caller":"/mnt/c/Users/Admin/Downloads/Project/Github/ETL_Project/scripts/deploy_full_pipeline.py:302"}
{"time":"2026-07-07T14:17:35", "level":"WARNING", "message":"[BronzeIngester:HTL] No records passed DQ checks.", "caller":"/mnt/c/Users/Admin/Downloads/Project/Github/ETL_Project/scripts/deploy_full_pipeline.py:311"}
{"time":"2026-07-07T14:17:35", "level":"WARNING", "message":"[WARNING] 101 rejected records in bronze ingestion for HTL | record_id=None", "caller":"/mnt/c/Users/Admin/Downloads/Project/Github/ETL_Project/platforms/processing/base_processing_subsystem/subsystem5_and_30_error_event_schema_and_escalate.py:114"}
{"time":"2026-07-07T14:17:35", "level":"INFO", "message":"[LINEAGE] external.cophieu68_HTL -> bronze.bronze_stock_prices | op=APPEND | rows=0", "caller":"/mnt/c/Users/Admin/Downloads/Project/Github/ETL_Project/platforms/processing/base_processing_subsystem/subsystem34_metadata_repo.py:372"}
{"time":"2026-07-07T14:17:35", "level":"INFO", "message":"[BronzeExecutor] Processing symbol=HTN batch_id=batch_HTN_20260707071735_520eb6d3", "caller":"/mnt/c/Users/Admin/Downloads/Project/Github/ETL_Project/scripts/deploy_full_pipeline.py:510"}
{"time":"2026-07-07T14:17:36", "level":"INFO", "message":"[BronzeIngester:HTN] Start processing 101 records.", "caller":"/mnt/c/Users/Admin/Downloads/Project/Github/ETL_Project/scripts/deploy_full_pipeline.py:302"}
{"time":"2026-07-07T14:17:36", "level":"WARNING", "message":"[BronzeIngester:HTN] No records passed DQ checks.", "caller":"/mnt/c/Users/Admin/Downloads/Project/Github/ETL_Project/scripts/deploy_full_pipeline.py:311"}
{"time":"2026-07-07T14:17:36", "level":"WARNING", "message":"[WARNING] 101 rejected records in bronze ingestion for HTN | record_id=None", "caller":"/mnt/c/Users/Admin/Downloads/Project/Github/ETL_Project/platforms/processing/base_processing_subsystem/subsystem5_and_30_error_event_schema_and_escalate.py:114"}
{"time":"2026-07-07T14:17:36", "level":"INFO", "message":"[LINEAGE] external.cophieu68_HTN -> bronze.bronze_stock_prices | op=APPEND | rows=0", "caller":"/mnt/c/Users/Admin/Downloads/Project/Github/ETL_Project/platforms/processing/base_processing_subsystem/subsystem34_metadata_repo.py:372"}
{"time":"2026-07-07T14:17:36", "level":"INFO", "message":"[BronzeExecutor] Processing symbol=HTV batch_id=batch_HTV_20260707071736_19cb5623", "caller":"/mnt/c/Users/Admin/Downloads/Project/Github/ETL_Project/scripts/deploy_full_pipeline.py:510"}
{"time":"2026-07-07T14:17:37", "level":"INFO", "message":"[BronzeIngester:HTV] Start processing 101 records.", "caller":"/mnt/c/Users/Admin/Downloads/Project/Github/ETL_Project/scripts/deploy_full_pipeline.py:302"}
{"time":"2026-07-07T14:17:37", "level":"WARNING", "message":"[BronzeIngester:HTV] No records passed DQ checks.", "caller":"/mnt/c/Users/Admin/Downloads/Project/Github/ETL_Project/scripts/deploy_full_pipeline.py:311"}
{"time":"2026-07-07T14:17:37", "level":"WARNING", "message":"[WARNING] 101 rejected records in bronze ingestion for HTV | record_id=None", "caller":"/mnt/c/Users/Admin/Downloads/Project/Github/ETL_Project/platforms/processing/base_processing_subsystem/subsystem5_and_30_error_event_schema_and_escalate.py:114"}
{"time":"2026-07-07T14:17:37", "level":"INFO", "message":"[LINEAGE] external.cophieu68_HTV -> bronze.bronze_stock_prices | op=APPEND | rows=0", "caller":"/mnt/c/Users/Admin/Downloads/Project/Github/ETL_Project/platforms/processing/base_processing_subsystem/subsystem34_metadata_repo.py:372"}
{"time":"2026-07-07T14:17:37", "level":"INFO", "message":"[BronzeExecutor] Processing symbol=HU1 batch_id=batch_HU1_20260707071737_cb8e22bc", "caller":"/mnt/c/Users/Admin/Downloads/Project/Github/ETL_Project/scripts/deploy_full_pipeline.py:510"}
{"time":"2026-07-07T14:17:38", "level":"INFO", "message":"[BronzeIngester:HU1] Start processing 101 records.", "caller":"/mnt/c/Users/Admin/Downloads/Project/Github/ETL_Project/scripts/deploy_full_pipeline.py:302"}
{"time":"2026-07-07T14:17:38", "level":"WARNING", "message":"[BronzeIngester:HU1] No records passed DQ checks.", "caller":"/mnt/c/Users/Admin/Downloads/Project/Github/ETL_Project/scripts/deploy_full_pipeline.py:311"}
{"time":"2026-07-07T14:17:38", "level":"WARNING", "message":"[WARNING] 101 rejected records in bronze ingestion for HU1 | record_id=None", "caller":"/mnt/c/Users/Admin/Downloads/Project/Github/ETL_Project/platforms/processing/base_processing_subsystem/subsystem5_and_30_error_event_schema_and_escalate.py:114"}
{"time":"2026-07-07T14:17:38", "level":"INFO", "message":"[LINEAGE] external.cophieu68_HU1 -> bronze.bronze_stock_prices | op=APPEND | rows=0", "caller":"/mnt/c/Users/Admin/Downloads/Project/Github/ETL_Project/platforms/processing/base_processing_subsystem/subsystem34_metadata_repo.py:372"}
{"time":"2026-07-07T14:17:38", "level":"INFO", "message":"[BronzeExecutor] Processing symbol=HUB batch_id=batch_HUB_20260707071738_bf18924e", "caller":"/mnt/c/Users/Admin/Downloads/Project/Github/ETL_Project/scripts/deploy_full_pipeline.py:510"}
{"time":"2026-07-07T14:17:39", "level":"INFO", "message":"[BronzeIngester:HUB] Start processing 101 records.", "caller":"/mnt/c/Users/Admin/Downloads/Project/Github/ETL_Project/scripts/deploy_full_pipeline.py:302"}
{"time":"2026-07-07T14:17:39", "level":"WARNING", "message":"[BronzeIngester:HUB] No records passed DQ checks.", "caller":"/mnt/c/Users/Admin/Downloads/Project/Github/ETL_Project/scripts/deploy_full_pipeline.py:311"}
{"time":"2026-07-07T14:17:39", "level":"WARNING", "message":"[WARNING] 101 rejected records in bronze ingestion for HUB | record_id=None", "caller":"/mnt/c/Users/Admin/Downloads/Project/Github/ETL_Project/platforms/processing/base_processing_subsystem/subsystem5_and_30_error_event_schema_and_escalate.py:114"}
{"time":"2026-07-07T14:17:39", "level":"INFO", "message":"[LINEAGE] external.cophieu68_HUB -> bronze.bronze_stock_prices | op=APPEND | rows=0", "caller":"/mnt/c/Users/Admin/Downloads/Project/Github/ETL_Project/platforms/processing/base_processing_subsystem/subsystem34_metadata_repo.py:372"}
{"time":"2026-07-07T14:17:39", "level":"INFO", "message":"[BronzeExecutor] Processing symbol=HVH batch_id=batch_HVH_20260707071739_2e47cb93", "caller":"/mnt/c/Users/Admin/Downloads/Project/Github/ETL_Project/scripts/deploy_full_pipeline.py:510"}
{"time":"2026-07-07T14:17:39", "level":"INFO", "message":"[BronzeIngester:HVH] Start processing 101 records.", "caller":"/mnt/c/Users/Admin/Downloads/Project/Github/ETL_Project/scripts/deploy_full_pipeline.py:302"}
{"time":"2026-07-07T14:17:39", "level":"WARNING", "message":"[BronzeIngester:HVH] No records passed DQ checks.", "caller":"/mnt/c/Users/Admin/Downloads/Project/Github/ETL_Project/scripts/deploy_full_pipeline.py:311"}
{"time":"2026-07-07T14:17:39", "level":"WARNING", "message":"[WARNING] 101 rejected records in bronze ingestion for HVH | record_id=None", "caller":"/mnt/c/Users/Admin/Downloads/Project/Github/ETL_Project/platforms/processing/base_processing_subsystem/subsystem5_and_30_error_event_schema_and_escalate.py:114"}
{"time":"2026-07-07T14:17:39", "level":"INFO", "message":"[LINEAGE] external.cophieu68_HVH -> bronze.bronze_stock_prices | op=APPEND | rows=0", "caller":"/mnt/c/Users/Admin/Downloads/Project/Github/ETL_Project/platforms/processing/base_processing_subsystem/subsystem34_metadata_repo.py:372"}
{"time":"2026-07-07T14:17:39", "level":"INFO", "message":"[BronzeExecutor] Processing symbol=HVN batch_id=batch_HVN_20260707071739_d9b72740", "caller":"/mnt/c/Users/Admin/Downloads/Project/Github/ETL_Project/scripts/deploy_full_pipeline.py:510"}
{"time":"2026-07-07T14:17:40", "level":"INFO", "message":"[BronzeIngester:HVN] Start processing 101 records.", "caller":"/mnt/c/Users/Admin/Downloads/Project/Github/ETL_Project/scripts/deploy_full_pipeline.py:302"}
{"time":"2026-07-07T14:17:40", "level":"WARNING", "message":"[BronzeIngester:HVN] No records passed DQ checks.", "caller":"/mnt/c/Users/Admin/Downloads/Project/Github/ETL_Project/scripts/deploy_full_pipeline.py:311"}
{"time":"2026-07-07T14:17:40", "level":"WARNING", "message":"[WARNING] 101 rejected records in bronze ingestion for HVN | record_id=None", "caller":"/mnt/c/Users/Admin/Downloads/Project/Github/ETL_Project/platforms/processing/base_processing_subsystem/subsystem5_and_30_error_event_schema_and_escalate.py:114"}
{"time":"2026-07-07T14:17:40", "level":"INFO", "message":"[LINEAGE] external.cophieu68_HVN -> bronze.bronze_stock_prices | op=APPEND | rows=0", "caller":"/mnt/c/Users/Admin/Downloads/Project/Github/ETL_Project/platforms/processing/base_processing_subsystem/subsystem34_metadata_repo.py:372"}
{"time":"2026-07-07T14:17:40", "level":"INFO", "message":"[BronzeExecutor] Processing symbol=HVX batch_id=batch_HVX_20260707071740_54416238", "caller":"/mnt/c/Users/Admin/Downloads/Project/Github/ETL_Project/scripts/deploy_full_pipeline.py:510"}
{"time":"2026-07-07T14:17:41", "level":"INFO", "message":"[BronzeIngester:HVX] Start processing 101 records.", "caller":"/mnt/c/Users/Admin/Downloads/Project/Github/ETL_Project/scripts/deploy_full_pipeline.py:302"}
{"time":"2026-07-07T14:17:41", "level":"WARNING", "message":"[BronzeIngester:HVX] No records passed DQ checks.", "caller":"/mnt/c/Users/Admin/Downloads/Project/Github/ETL_Project/scripts/deploy_full_pipeline.py:311"}
{"time":"2026-07-07T14:17:41", "level":"WARNING", "message":"[WARNING] 101 rejected records in bronze ingestion for HVX | record_id=None", "caller":"/mnt/c/Users/Admin/Downloads/Project/Github/ETL_Project/platforms/processing/base_processing_subsystem/subsystem5_and_30_error_event_schema_and_escalate.py:114"}
{"time":"2026-07-07T14:17:41", "level":"INFO", "message":"[LINEAGE] external.cophieu68_HVX -> bronze.bronze_stock_prices | op=APPEND | rows=0", "caller":"/mnt/c/Users/Admin/Downloads/Project/Github/ETL_Project/platforms/processing/base_processing_subsystem/subsystem34_metadata_repo.py:372"}
{"time":"2026-07-07T14:17:41", "level":"INFO", "message":"[BronzeExecutor] Processing symbol=ICT batch_id=batch_ICT_20260707071741_037891d0", "caller":"/mnt/c/Users/Admin/Downloads/Project/Github/ETL_Project/scripts/deploy_full_pipeline.py:510"}
{"time":"2026-07-07T14:17:42", "level":"INFO", "message":"[BronzeIngester:ICT] Start processing 101 records.", "caller":"/mnt/c/Users/Admin/Downloads/Project/Github/ETL_Project/scripts/deploy_full_pipeline.py:302"}
{"time":"2026-07-07T14:17:42", "level":"WARNING", "message":"[BronzeIngester:ICT] No records passed DQ checks.", "caller":"/mnt/c/Users/Admin/Downloads/Project/Github/ETL_Project/scripts/deploy_full_pipeline.py:311"}
{"time":"2026-07-07T14:17:42", "level":"WARNING", "message":"[WARNING] 101 rejected records in bronze ingestion for ICT | record_id=None", "caller":"/mnt/c/Users/Admin/Downloads/Project/Github/ETL_Project/platforms/processing/base_processing_subsystem/subsystem5_and_30_error_event_schema_and_escalate.py:114"}
{"time":"2026-07-07T14:17:42", "level":"INFO", "message":"[LINEAGE] external.cophieu68_ICT -> bronze.bronze_stock_prices | op=APPEND | rows=0", "caller":"/mnt/c/Users/Admin/Downloads/Project/Github/ETL_Project/platforms/processing/base_processing_subsystem/subsystem34_metadata_repo.py:372"}
{"time":"2026-07-07T14:17:42", "level":"INFO", "message":"[BronzeExecutor] Processing symbol=IDI batch_id=batch_IDI_20260707071742_4df724af", "caller":"/mnt/c/Users/Admin/Downloads/Project/Github/ETL_Project/scripts/deploy_full_pipeline.py:510"}
{"time":"2026-07-07T14:17:42", "level":"INFO", "message":"[BronzeIngester:IDI] Start processing 101 records.", "caller":"/mnt/c/Users/Admin/Downloads/Project/Github/ETL_Project/scripts/deploy_full_pipeline.py:302"}
{"time":"2026-07-07T14:17:42", "level":"WARNING", "message":"[BronzeIngester:IDI] No records passed DQ checks.", "caller":"/mnt/c/Users/Admin/Downloads/Project/Github/ETL_Project/scripts/deploy_full_pipeline.py:311"}
{"time":"2026-07-07T14:17:42", "level":"WARNING", "message":"[WARNING] 101 rejected records in bronze ingestion for IDI | record_id=None", "caller":"/mnt/c/Users/Admin/Downloads/Project/Github/ETL_Project/platforms/processing/base_processing_subsystem/subsystem5_and_30_error_event_schema_and_escalate.py:114"}
{"time":"2026-07-07T14:17:42", "level":"INFO", "message":"[LINEAGE] external.cophieu68_IDI -> bronze.bronze_stock_prices | op=APPEND | rows=0", "caller":"/mnt/c/Users/Admin/Downloads/Project/Github/ETL_Project/platforms/processing/base_processing_subsystem/subsystem34_metadata_repo.py:372"}
{"time":"2026-07-07T14:17:42", "level":"INFO", "message":"[BronzeExecutor] Processing symbol=IJC batch_id=batch_IJC_20260707071742_7d45cc8e", "caller":"/mnt/c/Users/Admin/Downloads/Project/Github/ETL_Project/scripts/deploy_full_pipeline.py:510"}
{"time":"2026-07-07T14:17:43", "level":"INFO", "message":"[BronzeIngester:IJC] Start processing 101 records.", "caller":"/mnt/c/Users/Admin/Downloads/Project/Github/ETL_Project/scripts/deploy_full_pipeline.py:302"}
{"time":"2026-07-07T14:17:43", "level":"WARNING", "message":"[BronzeIngester:IJC] No records passed DQ checks.", "caller":"/mnt/c/Users/Admin/Downloads/Project/Github/ETL_Project/scripts/deploy_full_pipeline.py:311"}
{"time":"2026-07-07T14:17:43", "level":"WARNING", "message":"[WARNING] 101 rejected records in bronze ingestion for IJC | record_id=None", "caller":"/mnt/c/Users/Admin/Downloads/Project/Github/ETL_Project/platforms/processing/base_processing_subsystem/subsystem5_and_30_error_event_schema_and_escalate.py:114"}
{"time":"2026-07-07T14:17:43", "level":"INFO", "message":"[LINEAGE] external.cophieu68_IJC -> bronze.bronze_stock_prices | op=APPEND | rows=0", "caller":"/mnt/c/Users/Admin/Downloads/Project/Github/ETL_Project/platforms/processing/base_processing_subsystem/subsystem34_metadata_repo.py:372"}
{"time":"2026-07-07T14:17:43", "level":"INFO", "message":"[BronzeExecutor] Processing symbol=ILB batch_id=batch_ILB_20260707071743_44b2fefb", "caller":"/mnt/c/Users/Admin/Downloads/Project/Github/ETL_Project/scripts/deploy_full_pipeline.py:510"}
{"time":"2026-07-07T14:17:44", "level":"INFO", "message":"[BronzeIngester:ILB] Start processing 101 records.", "caller":"/mnt/c/Users/Admin/Downloads/Project/Github/ETL_Project/scripts/deploy_full_pipeline.py:302"}
{"time":"2026-07-07T14:17:44", "level":"WARNING", "message":"[BronzeIngester:ILB] No records passed DQ checks.", "caller":"/mnt/c/Users/Admin/Downloads/Project/Github/ETL_Project/scripts/deploy_full_pipeline.py:311"}
{"time":"2026-07-07T14:17:44", "level":"WARNING", "message":"[WARNING] 101 rejected records in bronze ingestion for ILB | record_id=None", "caller":"/mnt/c/Users/Admin/Downloads/Project/Github/ETL_Project/platforms/processing/base_processing_subsystem/subsystem5_and_30_error_event_schema_and_escalate.py:114"}
{"time":"2026-07-07T14:17:44", "level":"INFO", "message":"[LINEAGE] external.cophieu68_ILB -> bronze.bronze_stock_prices | op=APPEND | rows=0", "caller":"/mnt/c/Users/Admin/Downloads/Project/Github/ETL_Project/platforms/processing/base_processing_subsystem/subsystem34_metadata_repo.py:372"}
{"time":"2026-07-07T14:17:44", "level":"INFO", "message":"[BronzeExecutor] Processing symbol=IMP batch_id=batch_IMP_20260707071744_79553a35", "caller":"/mnt/c/Users/Admin/Downloads/Project/Github/ETL_Project/scripts/deploy_full_pipeline.py:510"}
{"time":"2026-07-07T14:17:44", "level":"INFO", "message":"[BronzeIngester:IMP] Start processing 101 records.", "caller":"/mnt/c/Users/Admin/Downloads/Project/Github/ETL_Project/scripts/deploy_full_pipeline.py:302"}
{"time":"2026-07-07T14:17:44", "level":"WARNING", "message":"[BronzeIngester:IMP] No records passed DQ checks.", "caller":"/mnt/c/Users/Admin/Downloads/Project/Github/ETL_Project/scripts/deploy_full_pipeline.py:311"}
{"time":"2026-07-07T14:17:44", "level":"WARNING", "message":"[WARNING] 101 rejected records in bronze ingestion for IMP | record_id=None", "caller":"/mnt/c/Users/Admin/Downloads/Project/Github/ETL_Project/platforms/processing/base_processing_subsystem/subsystem5_and_30_error_event_schema_and_escalate.py:114"}
{"time":"2026-07-07T14:17:44", "level":"INFO", "message":"[LINEAGE] external.cophieu68_IMP -> bronze.bronze_stock_prices | op=APPEND | rows=0", "caller":"/mnt/c/Users/Admin/Downloads/Project/Github/ETL_Project/platforms/processing/base_processing_subsystem/subsystem34_metadata_repo.py:372"}
{"time":"2026-07-07T14:17:44", "level":"INFO", "message":"[BronzeExecutor] Processing symbol=ITC batch_id=batch_ITC_20260707071744_787cd01a", "caller":"/mnt/c/Users/Admin/Downloads/Project/Github/ETL_Project/scripts/deploy_full_pipeline.py:510"}
{"time":"2026-07-07T14:17:45", "level":"INFO", "message":"[BronzeIngester:ITC] Start processing 101 records.", "caller":"/mnt/c/Users/Admin/Downloads/Project/Github/ETL_Project/scripts/deploy_full_pipeline.py:302"}
{"time":"2026-07-07T14:17:45", "level":"WARNING", "message":"[BronzeIngester:ITC] No records passed DQ checks.", "caller":"/mnt/c/Users/Admin/Downloads/Project/Github/ETL_Project/scripts/deploy_full_pipeline.py:311"}
{"time":"2026-07-07T14:17:45", "level":"WARNING", "message":"[WARNING] 101 rejected records in bronze ingestion for ITC | record_id=None", "caller":"/mnt/c/Users/Admin/Downloads/Project/Github/ETL_Project/platforms/processing/base_processing_subsystem/subsystem5_and_30_error_event_schema_and_escalate.py:114"}
{"time":"2026-07-07T14:17:45", "level":"INFO", "message":"[LINEAGE] external.cophieu68_ITC -> bronze.bronze_stock_prices | op=APPEND | rows=0", "caller":"/mnt/c/Users/Admin/Downloads/Project/Github/ETL_Project/platforms/processing/base_processing_subsystem/subsystem34_metadata_repo.py:372"}
{"time":"2026-07-07T14:17:45", "level":"INFO", "message":"[BronzeExecutor] Processing symbol=ITD batch_id=batch_ITD_20260707071745_85e74754", "caller":"/mnt/c/Users/Admin/Downloads/Project/Github/ETL_Project/scripts/deploy_full_pipeline.py:510"}
{"time":"2026-07-07T14:17:45", "level":"INFO", "message":"[BronzeIngester:ITD] Start processing 101 records.", "caller":"/mnt/c/Users/Admin/Downloads/Project/Github/ETL_Project/scripts/deploy_full_pipeline.py:302"}
{"time":"2026-07-07T14:17:45", "level":"WARNING", "message":"[BronzeIngester:ITD] No records passed DQ checks.", "caller":"/mnt/c/Users/Admin/Downloads/Project/Github/ETL_Project/scripts/deploy_full_pipeline.py:311"}
{"time":"2026-07-07T14:17:45", "level":"WARNING", "message":"[WARNING] 101 rejected records in bronze ingestion for ITD | record_id=None", "caller":"/mnt/c/Users/Admin/Downloads/Project/Github/ETL_Project/platforms/processing/base_processing_subsystem/subsystem5_and_30_error_event_schema_and_escalate.py:114"}
{"time":"2026-07-07T14:17:45", "level":"INFO", "message":"[LINEAGE] external.cophieu68_ITD -> bronze.bronze_stock_prices | op=APPEND | rows=0", "caller":"/mnt/c/Users/Admin/Downloads/Project/Github/ETL_Project/platforms/processing/base_processing_subsystem/subsystem34_metadata_repo.py:372"}
{"time":"2026-07-07T14:17:45", "level":"INFO", "message":"[BronzeExecutor] Processing symbol=JVC batch_id=batch_JVC_20260707071745_9cf98c48", "caller":"/mnt/c/Users/Admin/Downloads/Project/Github/ETL_Project/scripts/deploy_full_pipeline.py:510"}
{"time":"2026-07-07T14:17:46", "level":"INFO", "message":"[BronzeIngester:JVC] Start processing 101 records.", "caller":"/mnt/c/Users/Admin/Downloads/Project/Github/ETL_Project/scripts/deploy_full_pipeline.py:302"}
{"time":"2026-07-07T14:17:46", "level":"WARNING", "message":"[BronzeIngester:JVC] No records passed DQ checks.", "caller":"/mnt/c/Users/Admin/Downloads/Project/Github/ETL_Project/scripts/deploy_full_pipeline.py:311"}
{"time":"2026-07-07T14:17:46", "level":"WARNING", "message":"[WARNING] 101 rejected records in bronze ingestion for JVC | record_id=None", "caller":"/mnt/c/Users/Admin/Downloads/Project/Github/ETL_Project/platforms/processing/base_processing_subsystem/subsystem5_and_30_error_event_schema_and_escalate.py:114"}
{"time":"2026-07-07T14:17:46", "level":"INFO", "message":"[LINEAGE] external.cophieu68_JVC -> bronze.bronze_stock_prices | op=APPEND | rows=0", "caller":"/mnt/c/Users/Admin/Downloads/Project/Github/ETL_Project/platforms/processing/base_processing_subsystem/subsystem34_metadata_repo.py:372"}
{"time":"2026-07-07T14:17:46", "level":"INFO", "message":"[BronzeExecutor] Processing symbol=KBC batch_id=batch_KBC_20260707071746_cbe906a0", "caller":"/mnt/c/Users/Admin/Downloads/Project/Github/ETL_Project/scripts/deploy_full_pipeline.py:510"}
{"time":"2026-07-07T14:17:47", "level":"INFO", "message":"[BronzeIngester:KBC] Start processing 101 records.", "caller":"/mnt/c/Users/Admin/Downloads/Project/Github/ETL_Project/scripts/deploy_full_pipeline.py:302"}
{"time":"2026-07-07T14:17:47", "level":"WARNING", "message":"[BronzeIngester:KBC] No records passed DQ checks.", "caller":"/mnt/c/Users/Admin/Downloads/Project/Github/ETL_Project/scripts/deploy_full_pipeline.py:311"}
{"time":"2026-07-07T14:17:47", "level":"WARNING", "message":"[WARNING] 101 rejected records in bronze ingestion for KBC | record_id=None", "caller":"/mnt/c/Users/Admin/Downloads/Project/Github/ETL_Project/platforms/processing/base_processing_subsystem/subsystem5_and_30_error_event_schema_and_escalate.py:114"}
{"time":"2026-07-07T14:17:47", "level":"INFO", "message":"[LINEAGE] external.cophieu68_KBC -> bronze.bronze_stock_prices | op=APPEND | rows=0", "caller":"/mnt/c/Users/Admin/Downloads/Project/Github/ETL_Project/platforms/processing/base_processing_subsystem/subsystem34_metadata_repo.py:372"}
{"time":"2026-07-07T14:17:47", "level":"INFO", "message":"[BronzeExecutor] Processing symbol=KDC batch_id=batch_KDC_20260707071747_b758f451", "caller":"/mnt/c/Users/Admin/Downloads/Project/Github/ETL_Project/scripts/deploy_full_pipeline.py:510"}
{"time":"2026-07-07T14:17:48", "level":"INFO", "message":"[BronzeIngester:KDC] Start processing 101 records.", "caller":"/mnt/c/Users/Admin/Downloads/Project/Github/ETL_Project/scripts/deploy_full_pipeline.py:302"}
{"time":"2026-07-07T14:17:48", "level":"WARNING", "message":"[BronzeIngester:KDC] No records passed DQ checks.", "caller":"/mnt/c/Users/Admin/Downloads/Project/Github/ETL_Project/scripts/deploy_full_pipeline.py:311"}
{"time":"2026-07-07T14:17:48", "level":"WARNING", "message":"[WARNING] 101 rejected records in bronze ingestion for KDC | record_id=None", "caller":"/mnt/c/Users/Admin/Downloads/Project/Github/ETL_Project/platforms/processing/base_processing_subsystem/subsystem5_and_30_error_event_schema_and_escalate.py:114"}
{"time":"2026-07-07T14:17:48", "level":"INFO", "message":"[LINEAGE] external.cophieu68_KDC -> bronze.bronze_stock_prices | op=APPEND | rows=0", "caller":"/mnt/c/Users/Admin/Downloads/Project/Github/ETL_Project/platforms/processing/base_processing_subsystem/subsystem34_metadata_repo.py:372"}
{"time":"2026-07-07T14:17:48", "level":"INFO", "message":"[BronzeExecutor] Processing symbol=KDH batch_id=batch_KDH_20260707071748_e3e7af91", "caller":"/mnt/c/Users/Admin/Downloads/Project/Github/ETL_Project/scripts/deploy_full_pipeline.py:510"}
{"time":"2026-07-07T14:17:49", "level":"INFO", "message":"[BronzeIngester:KDH] Start processing 101 records.", "caller":"/mnt/c/Users/Admin/Downloads/Project/Github/ETL_Project/scripts/deploy_full_pipeline.py:302"}
{"time":"2026-07-07T14:17:49", "level":"WARNING", "message":"[BronzeIngester:KDH] No records passed DQ checks.", "caller":"/mnt/c/Users/Admin/Downloads/Project/Github/ETL_Project/scripts/deploy_full_pipeline.py:311"}
{"time":"2026-07-07T14:17:49", "level":"WARNING", "message":"[WARNING] 101 rejected records in bronze ingestion for KDH | record_id=None", "caller":"/mnt/c/Users/Admin/Downloads/Project/Github/ETL_Project/platforms/processing/base_processing_subsystem/subsystem5_and_30_error_event_schema_and_escalate.py:114"}
{"time":"2026-07-07T14:17:49", "level":"INFO", "message":"[LINEAGE] external.cophieu68_KDH -> bronze.bronze_stock_prices | op=APPEND | rows=0", "caller":"/mnt/c/Users/Admin/Downloads/Project/Github/ETL_Project/platforms/processing/base_processing_subsystem/subsystem34_metadata_repo.py:372"}
{"time":"2026-07-07T14:17:49", "level":"INFO", "message":"[BronzeExecutor] Processing symbol=KHG batch_id=batch_KHG_20260707071749_3e93fec3", "caller":"/mnt/c/Users/Admin/Downloads/Project/Github/ETL_Project/scripts/deploy_full_pipeline.py:510"}
{"time":"2026-07-07T14:17:49", "level":"INFO", "message":"[BronzeIngester:KHG] Start processing 101 records.", "caller":"/mnt/c/Users/Admin/Downloads/Project/Github/ETL_Project/scripts/deploy_full_pipeline.py:302"}
{"time":"2026-07-07T14:17:49", "level":"WARNING", "message":"[BronzeIngester:KHG] No records passed DQ checks.", "caller":"/mnt/c/Users/Admin/Downloads/Project/Github/ETL_Project/scripts/deploy_full_pipeline.py:311"}
{"time":"2026-07-07T14:17:49", "level":"WARNING", "message":"[WARNING] 101 rejected records in bronze ingestion for KHG | record_id=None", "caller":"/mnt/c/Users/Admin/Downloads/Project/Github/ETL_Project/platforms/processing/base_processing_subsystem/subsystem5_and_30_error_event_schema_and_escalate.py:114"}
{"time":"2026-07-07T14:17:49", "level":"INFO", "message":"[LINEAGE] external.cophieu68_KHG -> bronze.bronze_stock_prices | op=APPEND | rows=0", "caller":"/mnt/c/Users/Admin/Downloads/Project/Github/ETL_Project/platforms/processing/base_processing_subsystem/subsystem34_metadata_repo.py:372"}
{"time":"2026-07-07T14:17:49", "level":"INFO", "message":"[BronzeExecutor] Processing symbol=KHP batch_id=batch_KHP_20260707071749_ef6c8b0b", "caller":"/mnt/c/Users/Admin/Downloads/Project/Github/ETL_Project/scripts/deploy_full_pipeline.py:510"}
{"time":"2026-07-07T14:17:50", "level":"INFO", "message":"[BronzeIngester:KHP] Start processing 101 records.", "caller":"/mnt/c/Users/Admin/Downloads/Project/Github/ETL_Project/scripts/deploy_full_pipeline.py:302"}
{"time":"2026-07-07T14:17:50", "level":"WARNING", "message":"[BronzeIngester:KHP] No records passed DQ checks.", "caller":"/mnt/c/Users/Admin/Downloads/Project/Github/ETL_Project/scripts/deploy_full_pipeline.py:311"}
{"time":"2026-07-07T14:17:50", "level":"WARNING", "message":"[WARNING] 101 rejected records in bronze ingestion for KHP | record_id=None", "caller":"/mnt/c/Users/Admin/Downloads/Project/Github/ETL_Project/platforms/processing/base_processing_subsystem/subsystem5_and_30_error_event_schema_and_escalate.py:114"}
{"time":"2026-07-07T14:17:50", "level":"INFO", "message":"[LINEAGE] external.cophieu68_KHP -> bronze.bronze_stock_prices | op=APPEND | rows=0", "caller":"/mnt/c/Users/Admin/Downloads/Project/Github/ETL_Project/platforms/processing/base_processing_subsystem/subsystem34_metadata_repo.py:372"}
{"time":"2026-07-07T14:17:50", "level":"INFO", "message":"[BronzeExecutor] Processing symbol=KMR batch_id=batch_KMR_20260707071750_39ac2890", "caller":"/mnt/c/Users/Admin/Downloads/Project/Github/ETL_Project/scripts/deploy_full_pipeline.py:510"}
{"time":"2026-07-07T14:17:51", "level":"INFO", "message":"[BronzeIngester:KMR] Start processing 101 records.", "caller":"/mnt/c/Users/Admin/Downloads/Project/Github/ETL_Project/scripts/deploy_full_pipeline.py:302"}
{"time":"2026-07-07T14:17:51", "level":"WARNING", "message":"[BronzeIngester:KMR] No records passed DQ checks.", "caller":"/mnt/c/Users/Admin/Downloads/Project/Github/ETL_Project/scripts/deploy_full_pipeline.py:311"}
{"time":"2026-07-07T14:17:51", "level":"WARNING", "message":"[WARNING] 101 rejected records in bronze ingestion for KMR | record_id=None", "caller":"/mnt/c/Users/Admin/Downloads/Project/Github/ETL_Project/platforms/processing/base_processing_subsystem/subsystem5_and_30_error_event_schema_and_escalate.py:114"}
{"time":"2026-07-07T14:17:51", "level":"INFO", "message":"[LINEAGE] external.cophieu68_KMR -> bronze.bronze_stock_prices | op=APPEND | rows=0", "caller":"/mnt/c/Users/Admin/Downloads/Project/Github/ETL_Project/platforms/processing/base_processing_subsystem/subsystem34_metadata_repo.py:372"}
{"time":"2026-07-07T14:17:51", "level":"INFO", "message":"[BronzeExecutor] Processing symbol=KOS batch_id=batch_KOS_20260707071751_391f4659", "caller":"/mnt/c/Users/Admin/Downloads/Project/Github/ETL_Project/scripts/deploy_full_pipeline.py:510"}
{"time":"2026-07-07T14:17:51", "level":"INFO", "message":"[BronzeIngester:KOS] Start processing 101 records.", "caller":"/mnt/c/Users/Admin/Downloads/Project/Github/ETL_Project/scripts/deploy_full_pipeline.py:302"}
{"time":"2026-07-07T14:17:51", "level":"WARNING", "message":"[BronzeIngester:KOS] No records passed DQ checks.", "caller":"/mnt/c/Users/Admin/Downloads/Project/Github/ETL_Project/scripts/deploy_full_pipeline.py:311"}
{"time":"2026-07-07T14:17:51", "level":"WARNING", "message":"[WARNING] 101 rejected records in bronze ingestion for KOS | record_id=None", "caller":"/mnt/c/Users/Admin/Downloads/Project/Github/ETL_Project/platforms/processing/base_processing_subsystem/subsystem5_and_30_error_event_schema_and_escalate.py:114"}
{"time":"2026-07-07T14:17:51", "level":"INFO", "message":"[LINEAGE] external.cophieu68_KOS -> bronze.bronze_stock_prices | op=APPEND | rows=0", "caller":"/mnt/c/Users/Admin/Downloads/Project/Github/ETL_Project/platforms/processing/base_processing_subsystem/subsystem34_metadata_repo.py:372"}
{"time":"2026-07-07T14:17:51", "level":"INFO", "message":"[BronzeExecutor] Processing symbol=KPF batch_id=batch_KPF_20260707071751_c1a5832e", "caller":"/mnt/c/Users/Admin/Downloads/Project/Github/ETL_Project/scripts/deploy_full_pipeline.py:510"}
{"time":"2026-07-07T14:17:52", "level":"INFO", "message":"[BronzeIngester:KPF] Start processing 101 records.", "caller":"/mnt/c/Users/Admin/Downloads/Project/Github/ETL_Project/scripts/deploy_full_pipeline.py:302"}
{"time":"2026-07-07T14:17:52", "level":"WARNING", "message":"[BronzeIngester:KPF] No records passed DQ checks.", "caller":"/mnt/c/Users/Admin/Downloads/Project/Github/ETL_Project/scripts/deploy_full_pipeline.py:311"}
{"time":"2026-07-07T14:17:52", "level":"WARNING", "message":"[WARNING] 101 rejected records in bronze ingestion for KPF | record_id=None", "caller":"/mnt/c/Users/Admin/Downloads/Project/Github/ETL_Project/platforms/processing/base_processing_subsystem/subsystem5_and_30_error_event_schema_and_escalate.py:114"}
{"time":"2026-07-07T14:17:52", "level":"INFO", "message":"[LINEAGE] external.cophieu68_KPF -> bronze.bronze_stock_prices | op=APPEND | rows=0", "caller":"/mnt/c/Users/Admin/Downloads/Project/Github/ETL_Project/platforms/processing/base_processing_subsystem/subsystem34_metadata_repo.py:372"}
{"time":"2026-07-07T14:17:52", "level":"INFO", "message":"[BronzeExecutor] Processing symbol=KSB batch_id=batch_KSB_20260707071752_cb5ce3e0", "caller":"/mnt/c/Users/Admin/Downloads/Project/Github/ETL_Project/scripts/deploy_full_pipeline.py:510"}
{"time":"2026-07-07T14:17:53", "level":"INFO", "message":"[BronzeIngester:KSB] Start processing 101 records.", "caller":"/mnt/c/Users/Admin/Downloads/Project/Github/ETL_Project/scripts/deploy_full_pipeline.py:302"}
{"time":"2026-07-07T14:17:53", "level":"WARNING", "message":"[BronzeIngester:KSB] No records passed DQ checks.", "caller":"/mnt/c/Users/Admin/Downloads/Project/Github/ETL_Project/scripts/deploy_full_pipeline.py:311"}
{"time":"2026-07-07T14:17:53", "level":"WARNING", "message":"[WARNING] 101 rejected records in bronze ingestion for KSB | record_id=None", "caller":"/mnt/c/Users/Admin/Downloads/Project/Github/ETL_Project/platforms/processing/base_processing_subsystem/subsystem5_and_30_error_event_schema_and_escalate.py:114"}
{"time":"2026-07-07T14:17:53", "level":"INFO", "message":"[LINEAGE] external.cophieu68_KSB -> bronze.bronze_stock_prices | op=APPEND | rows=0", "caller":"/mnt/c/Users/Admin/Downloads/Project/Github/ETL_Project/platforms/processing/base_processing_subsystem/subsystem34_metadata_repo.py:372"}
{"time":"2026-07-07T14:17:53", "level":"INFO", "message":"[BronzeExecutor] Processing symbol=L10 batch_id=batch_L10_20260707071753_de69d9c2", "caller":"/mnt/c/Users/Admin/Downloads/Project/Github/ETL_Project/scripts/deploy_full_pipeline.py:510"}
{"time":"2026-07-07T14:17:54", "level":"WARNING", "message":"Lỗi parse dòng dữ liệu ['24/05/2024', 'Warning:  Division by zero in/usr/share/nginx/chart/quote/history.phpon line1230', '0', 'Warning:  Division by zero in/usr/share/nginx/chart/quote/history.phpon line1260', 'Warning:  Division by zero in/usr/share/nginx/chart/quote/history.phpon line1270', 'Warning:  Division by zero in/usr/share/nginx/chart/quote/history.phpon line1280', '0', '0', '0']: could not convert string to float: 'Warning:  Division by zero in/usr/share/nginx/chart/quote/history.phpon line1230'", "caller":"/mnt/c/Users/Admin/Downloads/Project/Github/ETL_Project/platforms/ingestion/cophieu68/extract/extract_cophieu68.py:581"}
{"time":"2026-07-07T14:17:54", "level":"WARNING", "message":"Lỗi parse dòng dữ liệu ['23/05/2024', 'Warning:  Division by zero in/usr/share/nginx/chart/quote/history.phpon line1230', '0', 'Warning:  Division by zero in/usr/share/nginx/chart/quote/history.phpon line1260', 'Warning:  Division by zero in/usr/share/nginx/chart/quote/history.phpon line1270', 'Warning:  Division by zero in/usr/share/nginx/chart/quote/history.phpon line1280', '-1.47', '0', '0.0']: could not convert string to float: 'Warning:  Division by zero in/usr/share/nginx/chart/quote/history.phpon line1230'", "caller":"/mnt/c/Users/Admin/Downloads/Project/Github/ETL_Project/platforms/ingestion/cophieu68/extract/extract_cophieu68.py:581"}
{"time":"2026-07-07T14:17:54", "level":"WARNING", "message":"Lỗi parse dòng dữ liệu ['22/05/2024', 'Warning:  Division by zero in/usr/share/nginx/chart/quote/history.phpon line1230', '1', 'Warning:  Division by zero in/usr/share/nginx/chart/quote/history.phpon line1260', 'Warning:  Division by zero in/usr/share/nginx/chart/quote/history.phpon line1270', 'Warning:  Division by zero in/usr/share/nginx/chart/quote/history.phpon line1280', '4.62', '0', '0']: could not convert string to float: 'Warning:  Division by zero in/usr/share/nginx/chart/quote/history.phpon line1230'", "caller":"/mnt/c/Users/Admin/Downloads/Project/Github/ETL_Project/platforms/ingestion/cophieu68/extract/extract_cophieu68.py:581"}
{"time":"2026-07-07T14:17:54", "level":"WARNING", "message":"Lỗi parse dòng dữ liệu ['21/05/2024', 'Warning:  Division by zero in/usr/share/nginx/chart/quote/history.phpon line1230', '0', 'Warning:  Division by zero in/usr/share/nginx/chart/quote/history.phpon line1260', 'Warning:  Division by zero in/usr/share/nginx/chart/quote/history.phpon line1270', 'Warning:  Division by zero in/usr/share/nginx/chart/quote/history.phpon line1280', '0', '0', '0']: could not convert string to float: 'Warning:  Division by zero in/usr/share/nginx/chart/quote/history.phpon line1230'", "caller":"/mnt/c/Users/Admin/Downloads/Project/Github/ETL_Project/platforms/ingestion/cophieu68/extract/extract_cophieu68.py:581"}
{"time":"2026-07-07T14:17:54", "level":"WARNING", "message":"Lỗi parse dòng dữ liệu ['20/05/2024', 'Warning:  Division by zero in/usr/share/nginx/chart/quote/history.phpon line1230', '0', 'Warning:  Division by zero in/usr/share/nginx/chart/quote/history.phpon line1260', 'Warning:  Division by zero in/usr/share/nginx/chart/quote/history.phpon line1270', 'Warning:  Division by zero in/usr/share/nginx/chart/quote/history.phpon line1280', '1.57', '0', '0.0']: could not convert string to float: 'Warning:  Division by zero in/usr/share/nginx/chart/quote/history.phpon line1230'", "caller":"/mnt/c/Users/Admin/Downloads/Project/Github/ETL_Project/platforms/ingestion/cophieu68/extract/extract_cophieu68.py:581"}
{"time":"2026-07-07T14:17:54", "level":"WARNING", "message":"Lỗi parse dòng dữ liệu ['17/05/2024', 'Warning:  Division by zero in/usr/share/nginx/chart/quote/history.phpon line1230', '0', 'Warning:  Division by zero in/usr/share/nginx/chart/quote/history.phpon line1260', 'Warning:  Division by zero in/usr/share/nginx/chart/quote/history.phpon line1270', 'Warning:  Division by zero in/usr/share/nginx/chart/quote/history.phpon line1280', '0', '0', '0']: could not convert string to float: 'Warning:  Division by zero in/usr/share/nginx/chart/quote/history.phpon line1230'", "caller":"/mnt/c/Users/Admin/Downloads/Project/Github/ETL_Project/platforms/ingestion/cophieu68/extract/extract_cophieu68.py:581"}
{"time":"2026-07-07T14:17:54", "level":"WARNING", "message":"Lỗi parse dòng dữ liệu ['16/05/2024', 'Warning:  Division by zero in/usr/share/nginx/chart/quote/history.phpon line1230', '0', 'Warning:  Division by zero in/usr/share/nginx/chart/quote/history.phpon line1260', 'Warning:  Division by zero in/usr/share/nginx/chart/quote/history.phpon line1270', 'Warning:  Division by zero in/usr/share/nginx/chart/quote/history.phpon line1280', '0', '0', '0']: could not convert string to float: 'Warning:  Division by zero in/usr/share/nginx/chart/quote/history.phpon line1230'", "caller":"/mnt/c/Users/Admin/Downloads/Project/Github/ETL_Project/platforms/ingestion/cophieu68/extract/extract_cophieu68.py:581"}
{"time":"2026-07-07T14:17:54", "level":"WARNING", "message":"Lỗi parse dòng dữ liệu ['15/05/2024', 'Warning:  Division by zero in/usr/share/nginx/chart/quote/history.phpon line1230', '0', 'Warning:  Division by zero in/usr/share/nginx/chart/quote/history.phpon line1260', 'Warning:  Division by zero in/usr/share/nginx/chart/quote/history.phpon line1270', 'Warning:  Division by zero in/usr/share/nginx/chart/quote/history.phpon line1280', '0', '0', '0']: could not convert string to float: 'Warning:  Division by zero in/usr/share/nginx/chart/quote/history.phpon line1230'", "caller":"/mnt/c/Users/Admin/Downloads/Project/Github/ETL_Project/platforms/ingestion/cophieu68/extract/extract_cophieu68.py:581"}
{"time":"2026-07-07T14:17:54", "level":"WARNING", "message":"Lỗi parse dòng dữ liệu ['14/05/2024', 'Warning:  Division by zero in/usr/share/nginx/chart/quote/history.phpon line1230', '-1', 'Warning:  Division by zero in/usr/share/nginx/chart/quote/history.phpon line1260', 'Warning:  Division by zero in/usr/share/nginx/chart/quote/history.phpon line1270', 'Warning:  Division by zero in/usr/share/nginx/chart/quote/history.phpon line1280', '-6.66', '0', '0.0']: could not convert string to float: 'Warning:  Division by zero in/usr/share/nginx/chart/quote/history.phpon line1230'", "caller":"/mnt/c/Users/Admin/Downloads/Project/Github/ETL_Project/platforms/ingestion/cophieu68/extract/extract_cophieu68.py:581"}
{"time":"2026-07-07T14:17:54", "level":"WARNING", "message":"Lỗi parse dòng dữ liệu ['13/05/2024', 'Warning:  Division by zero in/usr/share/nginx/chart/quote/history.phpon line1230', '0', 'Warning:  Division by zero in/usr/share/nginx/chart/quote/history.phpon line1260', 'Warning:  Division by zero in/usr/share/nginx/chart/quote/history.phpon line1270', 'Warning:  Division by zero in/usr/share/nginx/chart/quote/history.phpon line1280', '4.35', '0', '0.0']: could not convert string to float: 'Warning:  Division by zero in/usr/share/nginx/chart/quote/history.phpon line1230'", "caller":"/mnt/c/Users/Admin/Downloads/Project/Github/ETL_Project/platforms/ingestion/cophieu68/extract/extract_cophieu68.py:581"}
{"time":"2026-07-07T14:17:54", "level":"WARNING", "message":"Lỗi parse dòng dữ liệu ['10/05/2024', 'Warning:  Division by zero in/usr/share/nginx/chart/quote/history.phpon line1230', '0', 'Warning:  Division by zero in/usr/share/nginx/chart/quote/history.phpon line1260', 'Warning:  Division by zero in/usr/share/nginx/chart/quote/history.phpon line1270', 'Warning:  Division by zero in/usr/share/nginx/chart/quote/history.phpon line1280', '0', '0', '0']: could not convert string to float: 'Warning:  Division by zero in/usr/share/nginx/chart/quote/history.phpon line1230'", "caller":"/mnt/c/Users/Admin/Downloads/Project/Github/ETL_Project/platforms/ingestion/cophieu68/extract/extract_cophieu68.py:581"}
{"time":"2026-07-07T14:17:54", "level":"WARNING", "message":"Lỗi parse dòng dữ liệu ['09/05/2024', 'Warning:  Division by zero in/usr/share/nginx/chart/quote/history.phpon line1230', '0', 'Warning:  Division by zero in/usr/share/nginx/chart/quote/history.phpon line1260', 'Warning:  Division by zero in/usr/share/nginx/chart/quote/history.phpon line1270', 'Warning:  Division by zero in/usr/share/nginx/chart/quote/history.phpon line1280', '-3.36', '0', '0']: could not convert string to float: 'Warning:  Division by zero in/usr/share/nginx/chart/quote/history.phpon line1230'", "caller":"/mnt/c/Users/Admin/Downloads/Project/Github/ETL_Project/platforms/ingestion/cophieu68/extract/extract_cophieu68.py:581"}
{"time":"2026-07-07T14:17:54", "level":"WARNING", "message":"Lỗi parse dòng dữ liệu ['08/05/2024', 'Warning:  Division by zero in/usr/share/nginx/chart/quote/history.phpon line1230', '0', 'Warning:  Division by zero in/usr/share/nginx/chart/quote/history.phpon line1260', 'Warning:  Division by zero in/usr/share/nginx/chart/quote/history.phpon line1270', 'Warning:  Division by zero in/usr/share/nginx/chart/quote/history.phpon line1280', '0', '0', '0']: could not convert string to float: 'Warning:  Division by zero in/usr/share/nginx/chart/quote/history.phpon line1230'", "caller":"/mnt/c/Users/Admin/Downloads/Project/Github/ETL_Project/platforms/ingestion/cophieu68/extract/extract_cophieu68.py:581"}
{"time":"2026-07-07T14:17:54", "level":"WARNING", "message":"Lỗi parse dòng dữ liệu ['07/05/2024', 'Warning:  Division by zero in/usr/share/nginx/chart/quote/history.phpon line1230', '0', 'Warning:  Division by zero in/usr/share/nginx/chart/quote/history.phpon line1260', 'Warning:  Division by zero in/usr/share/nginx/chart/quote/history.phpon line1270', 'Warning:  Division by zero in/usr/share/nginx/chart/quote/history.phpon line1280', '0', '0', '0']: could not convert string to float: 'Warning:  Division by zero in/usr/share/nginx/chart/quote/history.phpon line1230'", "caller":"/mnt/c/Users/Admin/Downloads/Project/Github/ETL_Project/platforms/ingestion/cophieu68/extract/extract_cophieu68.py:581"}
{"time":"2026-07-07T14:17:54", "level":"WARNING", "message":"Lỗi parse dòng dữ liệu ['06/05/2024', 'Warning:  Division by zero in/usr/share/nginx/chart/quote/history.phpon line1230', '0', 'Warning:  Division by zero in/usr/share/nginx/chart/quote/history.phpon line1260', 'Warning:  Division by zero in/usr/share/nginx/chart/quote/history.phpon line1270', 'Warning:  Division by zero in/usr/share/nginx/chart/quote/history.phpon line1280', '0', '0', '0']: could not convert string to float: 'Warning:  Division by zero in/usr/share/nginx/chart/quote/history.phpon line1230'", "caller":"/mnt/c/Users/Admin/Downloads/Project/Github/ETL_Project/platforms/ingestion/cophieu68/extract/extract_cophieu68.py:581"}
{"time":"2026-07-07T14:17:54", "level":"WARNING", "message":"Lỗi parse dòng dữ liệu ['03/05/2024', 'Warning:  Division by zero in/usr/share/nginx/chart/quote/history.phpon line1230', '0', 'Warning:  Division by zero in/usr/share/nginx/chart/quote/history.phpon line1260', 'Warning:  Division by zero in/usr/share/nginx/chart/quote/history.phpon line1270', 'Warning:  Division by zero in/usr/share/nginx/chart/quote/history.phpon line1280', '0', '0', '0']: could not convert string to float: 'Warning:  Division by zero in/usr/share/nginx/chart/quote/history.phpon line1230'", "caller":"/mnt/c/Users/Admin/Downloads/Project/Github/ETL_Project/platforms/ingestion/cophieu68/extract/extract_cophieu68.py:581"}
{"time":"2026-07-07T14:17:54", "level":"WARNING", "message":"Lỗi parse dòng dữ liệu ['02/05/2024', 'Warning:  Division by zero in/usr/share/nginx/chart/quote/history.phpon line1230', '0', 'Warning:  Division by zero in/usr/share/nginx/chart/quote/history.phpon line1260', 'Warning:  Division by zero in/usr/share/nginx/chart/quote/history.phpon line1270', 'Warning:  Division by zero in/usr/share/nginx/chart/quote/history.phpon line1280', '0', '0', '0']: could not convert string to float: 'Warning:  Division by zero in/usr/share/nginx/chart/quote/history.phpon line1230'", "caller":"/mnt/c/Users/Admin/Downloads/Project/Github/ETL_Project/platforms/ingestion/cophieu68/extract/extract_cophieu68.py:581"}
{"time":"2026-07-07T14:17:54", "level":"WARNING", "message":"Lỗi parse dòng dữ liệu ['26/04/2024', 'Warning:  Division by zero in/usr/share/nginx/chart/quote/history.phpon line1230', '0', 'Warning:  Division by zero in/usr/share/nginx/chart/quote/history.phpon line1260', 'Warning:  Division by zero in/usr/share/nginx/chart/quote/history.phpon line1270', 'Warning:  Division by zero in/usr/share/nginx/chart/quote/history.phpon line1280', '0', '0', '0']: could not convert string to float: 'Warning:  Division by zero in/usr/share/nginx/chart/quote/history.phpon line1230'", "caller":"/mnt/c/Users/Admin/Downloads/Project/Github/ETL_Project/platforms/ingestion/cophieu68/extract/extract_cophieu68.py:581"}
{"time":"2026-07-07T14:17:54", "level":"WARNING", "message":"Lỗi parse dòng dữ liệu ['25/04/2024', 'Warning:  Division by zero in/usr/share/nginx/chart/quote/history.phpon line1230', '0', 'Warning:  Division by zero in/usr/share/nginx/chart/quote/history.phpon line1260', 'Warning:  Division by zero in/usr/share/nginx/chart/quote/history.phpon line1270', 'Warning:  Division by zero in/usr/share/nginx/chart/quote/history.phpon line1280', '0', '0', '0']: could not convert string to float: 'Warning:  Division by zero in/usr/share/nginx/chart/quote/history.phpon line1230'", "caller":"/mnt/c/Users/Admin/Downloads/Project/Github/ETL_Project/platforms/ingestion/cophieu68/extract/extract_cophieu68.py:581"}
{"time":"2026-07-07T14:17:54", "level":"WARNING", "message":"Lỗi parse dòng dữ liệu ['24/04/2024', 'Warning:  Division by zero in/usr/share/nginx/chart/quote/history.phpon line1230', '0', 'Warning:  Division by zero in/usr/share/nginx/chart/quote/history.phpon line1260', 'Warning:  Division by zero in/usr/share/nginx/chart/quote/history.phpon line1270', 'Warning:  Division by zero in/usr/share/nginx/chart/quote/history.phpon line1280', '0', '0', '0']: could not convert string to float: 'Warning:  Division by zero in/usr/share/nginx/chart/quote/history.phpon line1230'", "caller":"/mnt/c/Users/Admin/Downloads/Project/Github/ETL_Project/platforms/ingestion/cophieu68/extract/extract_cophieu68.py:581"}
{"time":"2026-07-07T14:17:54", "level":"WARNING", "message":"Lỗi parse dòng dữ liệu ['23/04/2024', 'Warning:  Division by zero in/usr/share/nginx/chart/quote/history.phpon line1230', '0', 'Warning:  Division by zero in/usr/share/nginx/chart/quote/history.phpon line1260', 'Warning:  Division by zero in/usr/share/nginx/chart/quote/history.phpon line1270', 'Warning:  Division by zero in/usr/share/nginx/chart/quote/history.phpon line1280', '0', '0', '0']: could not convert string to float: 'Warning:  Division by zero in/usr/share/nginx/chart/quote/history.phpon line1230'", "caller":"/mnt/c/Users/Admin/Downloads/Project/Github/ETL_Project/platforms/ingestion/cophieu68/extract/extract_cophieu68.py:581"}
{"time":"2026-07-07T14:17:54", "level":"WARNING", "message":"Lỗi parse dòng dữ liệu ['22/04/2024', 'Warning:  Division by zero in/usr/share/nginx/chart/quote/history.phpon line1230', '0', 'Warning:  Division by zero in/usr/share/nginx/chart/quote/history.phpon line1260', 'Warning:  Division by zero in/usr/share/nginx/chart/quote/history.phpon line1270', 'Warning:  Division by zero in/usr/share/nginx/chart/quote/history.phpon line1280', '0', '0', '0']: could not convert string to float: 'Warning:  Division by zero in/usr/share/nginx/chart/quote/history.phpon line1230'", "caller":"/mnt/c/Users/Admin/Downloads/Project/Github/ETL_Project/platforms/ingestion/cophieu68/extract/extract_cophieu68.py:581"}
{"time":"2026-07-07T14:17:54", "level":"WARNING", "message":"Lỗi parse dòng dữ liệu ['19/04/2024', 'Warning:  Division by zero in/usr/share/nginx/chart/quote/history.phpon line1230', '0', 'Warning:  Division by zero in/usr/share/nginx/chart/quote/history.phpon line1260', 'Warning:  Division by zero in/usr/share/nginx/chart/quote/history.phpon line1270', 'Warning:  Division by zero in/usr/share/nginx/chart/quote/history.phpon line1280', '0', '0', '0']: could not convert string to float: 'Warning:  Division by zero in/usr/share/nginx/chart/quote/history.phpon line1230'", "caller":"/mnt/c/Users/Admin/Downloads/Project/Github/ETL_Project/platforms/ingestion/cophieu68/extract/extract_cophieu68.py:581"}
{"time":"2026-07-07T14:17:54", "level":"WARNING", "message":"Lỗi parse dòng dữ liệu ['17/04/2024', 'Warning:  Division by zero in/usr/share/nginx/chart/quote/history.phpon line1230', '0', 'Warning:  Division by zero in/usr/share/nginx/chart/quote/history.phpon line1260', 'Warning:  Division by zero in/usr/share/nginx/chart/quote/history.phpon line1270', 'Warning:  Division by zero in/usr/share/nginx/chart/quote/history.phpon line1280', '0', '0', '0']: could not convert string to float: 'Warning:  Division by zero in/usr/share/nginx/chart/quote/history.phpon line1230'", "caller":"/mnt/c/Users/Admin/Downloads/Project/Github/ETL_Project/platforms/ingestion/cophieu68/extract/extract_cophieu68.py:581"}
{"time":"2026-07-07T14:17:54", "level":"WARNING", "message":"Lỗi parse dòng dữ liệu ['16/04/2024', 'Warning:  Division by zero in/usr/share/nginx/chart/quote/history.phpon line1230', '0', 'Warning:  Division by zero in/usr/share/nginx/chart/quote/history.phpon line1260', 'Warning:  Division by zero in/usr/share/nginx/chart/quote/history.phpon line1270', 'Warning:  Division by zero in/usr/share/nginx/chart/quote/history.phpon line1280', '3.71', '0', '0']: could not convert string to float: 'Warning:  Division by zero in/usr/share/nginx/chart/quote/history.phpon line1230'", "caller":"/mnt/c/Users/Admin/Downloads/Project/Github/ETL_Project/platforms/ingestion/cophieu68/extract/extract_cophieu68.py:581"}
{"time":"2026-07-07T14:17:54", "level":"WARNING", "message":"Lỗi parse dòng dữ liệu ['15/04/2024', 'Warning:  Division by zero in/usr/share/nginx/chart/quote/history.phpon line1230', '0', 'Warning:  Division by zero in/usr/share/nginx/chart/quote/history.phpon line1260', 'Warning:  Division by zero in/usr/share/nginx/chart/quote/history.phpon line1270', 'Warning:  Division by zero in/usr/share/nginx/chart/quote/history.phpon line1280', '-3.57', '0', '0']: could not convert string to float: 'Warning:  Division by zero in/usr/share/nginx/chart/quote/history.phpon line1230'", "caller":"/mnt/c/Users/Admin/Downloads/Project/Github/ETL_Project/platforms/ingestion/cophieu68/extract/extract_cophieu68.py:581"}
{"time":"2026-07-07T14:17:54", "level":"WARNING", "message":"Lỗi parse dòng dữ liệu ['12/04/2024', 'Warning:  Division by zero in/usr/share/nginx/chart/quote/history.phpon line1230', '0', 'Warning:  Division by zero in/usr/share/nginx/chart/quote/history.phpon line1260', 'Warning:  Division by zero in/usr/share/nginx/chart/quote/history.phpon line1270', 'Warning:  Division by zero in/usr/share/nginx/chart/quote/history.phpon line1280', '4.16', '0', '0']: could not convert string to float: 'Warning:  Division by zero in/usr/share/nginx/chart/quote/history.phpon line1230'", "caller":"/mnt/c/Users/Admin/Downloads/Project/Github/ETL_Project/platforms/ingestion/cophieu68/extract/extract_cophieu68.py:581"}
{"time":"2026-07-07T14:17:54", "level":"WARNING", "message":"Lỗi parse dòng dữ liệu ['11/04/2024', 'Warning:  Division by zero in/usr/share/nginx/chart/quote/history.phpon line1230', '0', 'Warning:  Division by zero in/usr/share/nginx/chart/quote/history.phpon line1260', 'Warning:  Division by zero in/usr/share/nginx/chart/quote/history.phpon line1270', 'Warning:  Division by zero in/usr/share/nginx/chart/quote/history.phpon line1280', '0', '0', '0']: could not convert string to float: 'Warning:  Division by zero in/usr/share/nginx/chart/quote/history.phpon line1230'", "caller":"/mnt/c/Users/Admin/Downloads/Project/Github/ETL_Project/platforms/ingestion/cophieu68/extract/extract_cophieu68.py:581"}
{"time":"2026-07-07T14:17:54", "level":"WARNING", "message":"Lỗi parse dòng dữ liệu ['10/04/2024', 'Warning:  Division by zero in/usr/share/nginx/chart/quote/history.phpon line1230', '0', 'Warning:  Division by zero in/usr/share/nginx/chart/quote/history.phpon line1260', 'Warning:  Division by zero in/usr/share/nginx/chart/quote/history.phpon line1270', 'Warning:  Division by zero in/usr/share/nginx/chart/quote/history.phpon line1280', '0', '0', '0']: could not convert string to float: 'Warning:  Division by zero in/usr/share/nginx/chart/quote/history.phpon line1230'", "caller":"/mnt/c/Users/Admin/Downloads/Project/Github/ETL_Project/platforms/ingestion/cophieu68/extract/extract_cophieu68.py:581"}
{"time":"2026-07-07T14:17:55", "level":"WARNING", "message":"Lỗi parse dòng dữ liệu ['09/04/2024', 'Warning:  Division by zero in/usr/share/nginx/chart/quote/history.phpon line1230', '0', 'Warning:  Division by zero in/usr/share/nginx/chart/quote/history.phpon line1260', 'Warning:  Division by zero in/usr/share/nginx/chart/quote/history.phpon line1270', 'Warning:  Division by zero in/usr/share/nginx/chart/quote/history.phpon line1280', '0', '0', '0']: could not convert string to float: 'Warning:  Division by zero in/usr/share/nginx/chart/quote/history.phpon line1230'", "caller":"/mnt/c/Users/Admin/Downloads/Project/Github/ETL_Project/platforms/ingestion/cophieu68/extract/extract_cophieu68.py:581"}
{"time":"2026-07-07T14:17:55", "level":"WARNING", "message":"Lỗi parse dòng dữ liệu ['08/04/2024', 'Warning:  Division by zero in/usr/share/nginx/chart/quote/history.phpon line1230', '0', 'Warning:  Division by zero in/usr/share/nginx/chart/quote/history.phpon line1260', 'Warning:  Division by zero in/usr/share/nginx/chart/quote/history.phpon line1270', 'Warning:  Division by zero in/usr/share/nginx/chart/quote/history.phpon line1280', '0', '0', '0']: could not convert string to float: 'Warning:  Division by zero in/usr/share/nginx/chart/quote/history.phpon line1230'", "caller":"/mnt/c/Users/Admin/Downloads/Project/Github/ETL_Project/platforms/ingestion/cophieu68/extract/extract_cophieu68.py:581"}
{"time":"2026-07-07T14:17:55", "level":"WARNING", "message":"Lỗi parse dòng dữ liệu ['05/04/2024', 'Warning:  Division by zero in/usr/share/nginx/chart/quote/history.phpon line1230', '0', 'Warning:  Division by zero in/usr/share/nginx/chart/quote/history.phpon line1260', 'Warning:  Division by zero in/usr/share/nginx/chart/quote/history.phpon line1270', 'Warning:  Division by zero in/usr/share/nginx/chart/quote/history.phpon line1280', '0', '0', '0']: could not convert string to float: 'Warning:  Division by zero in/usr/share/nginx/chart/quote/history.phpon line1230'", "caller":"/mnt/c/Users/Admin/Downloads/Project/Github/ETL_Project/platforms/ingestion/cophieu68/extract/extract_cophieu68.py:581"}
{"time":"2026-07-07T14:17:55", "level":"WARNING", "message":"Lỗi parse dòng dữ liệu ['04/04/2024', 'Warning:  Division by zero in/usr/share/nginx/chart/quote/history.phpon line1230', '0', 'Warning:  Division by zero in/usr/share/nginx/chart/quote/history.phpon line1260', 'Warning:  Division by zero in/usr/share/nginx/chart/quote/history.phpon line1270', 'Warning:  Division by zero in/usr/share/nginx/chart/quote/history.phpon line1280', '0', '0', '0']: could not convert string to float: 'Warning:  Division by zero in/usr/share/nginx/chart/quote/history.phpon line1230'", "caller":"/mnt/c/Users/Admin/Downloads/Project/Github/ETL_Project/platforms/ingestion/cophieu68/extract/extract_cophieu68.py:581"}
{"time":"2026-07-07T14:17:55", "level":"WARNING", "message":"Lỗi parse dòng dữ liệu ['03/04/2024', 'Warning:  Division by zero in/usr/share/nginx/chart/quote/history.phpon line1230', '0', 'Warning:  Division by zero in/usr/share/nginx/chart/quote/history.phpon line1260', 'Warning:  Division by zero in/usr/share/nginx/chart/quote/history.phpon line1270', 'Warning:  Division by zero in/usr/share/nginx/chart/quote/history.phpon line1280', '0', '0', '0']: could not convert string to float: 'Warning:  Division by zero in/usr/share/nginx/chart/quote/history.phpon line1230'", "caller":"/mnt/c/Users/Admin/Downloads/Project/Github/ETL_Project/platforms/ingestion/cophieu68/extract/extract_cophieu68.py:581"}
{"time":"2026-07-07T14:17:55", "level":"WARNING", "message":"Lỗi parse dòng dữ liệu ['02/04/2024', 'Warning:  Division by zero in/usr/share/nginx/chart/quote/history.phpon line1230', '0', 'Warning:  Division by zero in/usr/share/nginx/chart/quote/history.phpon line1260', 'Warning:  Division by zero in/usr/share/nginx/chart/quote/history.phpon line1270', 'Warning:  Division by zero in/usr/share/nginx/chart/quote/history.phpon line1280', '0', '0', '0']: could not convert string to float: 'Warning:  Division by zero in/usr/share/nginx/chart/quote/history.phpon line1230'", "caller":"/mnt/c/Users/Admin/Downloads/Project/Github/ETL_Project/platforms/ingestion/cophieu68/extract/extract_cophieu68.py:581"}
{"time":"2026-07-07T14:17:55", "level":"WARNING", "message":"Lỗi parse dòng dữ liệu ['01/04/2024', 'Warning:  Division by zero in/usr/share/nginx/chart/quote/history.phpon line1230', '0', 'Warning:  Division by zero in/usr/share/nginx/chart/quote/history.phpon line1260', 'Warning:  Division by zero in/usr/share/nginx/chart/quote/history.phpon line1270', 'Warning:  Division by zero in/usr/share/nginx/chart/quote/history.phpon line1280', '0', '0', '0']: could not convert string to float: 'Warning:  Division by zero in/usr/share/nginx/chart/quote/history.phpon line1230'", "caller":"/mnt/c/Users/Admin/Downloads/Project/Github/ETL_Project/platforms/ingestion/cophieu68/extract/extract_cophieu68.py:581"}
{"time":"2026-07-07T14:17:55", "level":"WARNING", "message":"Lỗi parse dòng dữ liệu ['29/03/2024', 'Warning:  Division by zero in/usr/share/nginx/chart/quote/history.phpon line1230', '0', 'Warning:  Division by zero in/usr/share/nginx/chart/quote/history.phpon line1260', 'Warning:  Division by zero in/usr/share/nginx/chart/quote/history.phpon line1270', 'Warning:  Division by zero in/usr/share/nginx/chart/quote/history.phpon line1280', '0', '0', '0']: could not convert string to float: 'Warning:  Division by zero in/usr/share/nginx/chart/quote/history.phpon line1230'", "caller":"/mnt/c/Users/Admin/Downloads/Project/Github/ETL_Project/platforms/ingestion/cophieu68/extract/extract_cophieu68.py:581"}
{"time":"2026-07-07T14:17:55", "level":"WARNING", "message":"Lỗi parse dòng dữ liệu ['28/03/2024', 'Warning:  Division by zero in/usr/share/nginx/chart/quote/history.phpon line1230', '0', 'Warning:  Division by zero in/usr/share/nginx/chart/quote/history.phpon line1260', 'Warning:  Division by zero in/usr/share/nginx/chart/quote/history.phpon line1270', 'Warning:  Division by zero in/usr/share/nginx/chart/quote/history.phpon line1280', '0', '0', '0']: could not convert string to float: 'Warning:  Division by zero in/usr/share/nginx/chart/quote/history.phpon line1230'", "caller":"/mnt/c/Users/Admin/Downloads/Project/Github/ETL_Project/platforms/ingestion/cophieu68/extract/extract_cophieu68.py:581"}
{"time":"2026-07-07T14:17:55", "level":"WARNING", "message":"Lỗi parse dòng dữ liệu ['26/03/2024', 'Warning:  Division by zero in/usr/share/nginx/chart/quote/history.phpon line1230', '0', 'Warning:  Division by zero in/usr/share/nginx/chart/quote/history.phpon line1260', 'Warning:  Division by zero in/usr/share/nginx/chart/quote/history.phpon line1270', 'Warning:  Division by zero in/usr/share/nginx/chart/quote/history.phpon line1280', '-0.22', '0', '0']: could not convert string to float: 'Warning:  Division by zero in/usr/share/nginx/chart/quote/history.phpon line1230'", "caller":"/mnt/c/Users/Admin/Downloads/Project/Github/ETL_Project/platforms/ingestion/cophieu68/extract/extract_cophieu68.py:581"}
{"time":"2026-07-07T14:17:55", "level":"WARNING", "message":"Lỗi parse dòng dữ liệu ['25/03/2024', 'Warning:  Division by zero in/usr/share/nginx/chart/quote/history.phpon line1230', '0', 'Warning:  Division by zero in/usr/share/nginx/chart/quote/history.phpon line1260', 'Warning:  Division by zero in/usr/share/nginx/chart/quote/history.phpon line1270', 'Warning:  Division by zero in/usr/share/nginx/chart/quote/history.phpon line1280', '0', '0', '0']: could not convert string to float: 'Warning:  Division by zero in/usr/share/nginx/chart/quote/history.phpon line1230'", "caller":"/mnt/c/Users/Admin/Downloads/Project/Github/ETL_Project/platforms/ingestion/cophieu68/extract/extract_cophieu68.py:581"}
{"time":"2026-07-07T14:17:55", "level":"WARNING", "message":"Lỗi parse dòng dữ liệu ['22/03/2024', 'Warning:  Division by zero in/usr/share/nginx/chart/quote/history.phpon line1230', '0', 'Warning:  Division by zero in/usr/share/nginx/chart/quote/history.phpon line1260', 'Warning:  Division by zero in/usr/share/nginx/chart/quote/history.phpon line1270', 'Warning:  Division by zero in/usr/share/nginx/chart/quote/history.phpon line1280', '4.34', '0', '0']: could not convert string to float: 'Warning:  Division by zero in/usr/share/nginx/chart/quote/history.phpon line1230'", "caller":"/mnt/c/Users/Admin/Downloads/Project/Github/ETL_Project/platforms/ingestion/cophieu68/extract/extract_cophieu68.py:581"}
{"time":"2026-07-07T14:17:55", "level":"WARNING", "message":"Lỗi parse dòng dữ liệu ['21/03/2024', 'Warning:  Division by zero in/usr/share/nginx/chart/quote/history.phpon line1230', '1', 'Warning:  Division by zero in/usr/share/nginx/chart/quote/history.phpon line1260', 'Warning:  Division by zero in/usr/share/nginx/chart/quote/history.phpon line1270', 'Warning:  Division by zero in/usr/share/nginx/chart/quote/history.phpon line1280', '6.60', '0', '0']: could not convert string to float: 'Warning:  Division by zero in/usr/share/nginx/chart/quote/history.phpon line1230'", "caller":"/mnt/c/Users/Admin/Downloads/Project/Github/ETL_Project/platforms/ingestion/cophieu68/extract/extract_cophieu68.py:581"}
{"time":"2026-07-07T14:17:55", "level":"WARNING", "message":"Lỗi parse dòng dữ liệu ['19/03/2024', 'Warning:  Division by zero in/usr/share/nginx/chart/quote/history.phpon line1230', '1', 'Warning:  Division by zero in/usr/share/nginx/chart/quote/history.phpon line1260', 'Warning:  Division by zero in/usr/share/nginx/chart/quote/history.phpon line1270', 'Warning:  Division by zero in/usr/share/nginx/chart/quote/history.phpon line1280', '6.53', '0', '0']: could not convert string to float: 'Warning:  Division by zero in/usr/share/nginx/chart/quote/history.phpon line1230'", "caller":"/mnt/c/Users/Admin/Downloads/Project/Github/ETL_Project/platforms/ingestion/cophieu68/extract/extract_cophieu68.py:581"}
{"time":"2026-07-07T14:17:55", "level":"WARNING", "message":"Lỗi parse dòng dữ liệu ['18/03/2024', 'Warning:  Division by zero in/usr/share/nginx/chart/quote/history.phpon line1230', '0', 'Warning:  Division by zero in/usr/share/nginx/chart/quote/history.phpon line1260', 'Warning:  Division by zero in/usr/share/nginx/chart/quote/history.phpon line1270', 'Warning:  Division by zero in/usr/share/nginx/chart/quote/history.phpon line1280', '0.26', '0', '0.0']: could not convert string to float: 'Warning:  Division by zero in/usr/share/nginx/chart/quote/history.phpon line1230'", "caller":"/mnt/c/Users/Admin/Downloads/Project/Github/ETL_Project/platforms/ingestion/cophieu68/extract/extract_cophieu68.py:581"}
{"time":"2026-07-07T14:17:55", "level":"WARNING", "message":"Lỗi parse dòng dữ liệu ['15/03/2024', 'Warning:  Division by zero in/usr/share/nginx/chart/quote/history.phpon line1230', '0', 'Warning:  Division by zero in/usr/share/nginx/chart/quote/history.phpon line1260', 'Warning:  Division by zero in/usr/share/nginx/chart/quote/history.phpon line1270', 'Warning:  Division by zero in/usr/share/nginx/chart/quote/history.phpon line1280', '-4.73', '0', '0']: could not convert string to float: 'Warning:  Division by zero in/usr/share/nginx/chart/quote/history.phpon line1230'", "caller":"/mnt/c/Users/Admin/Downloads/Project/Github/ETL_Project/platforms/ingestion/cophieu68/extract/extract_cophieu68.py:581"}
{"time":"2026-07-07T14:17:55", "level":"WARNING", "message":"Lỗi parse dòng dữ liệu ['14/03/2024', 'Warning:  Division by zero in/usr/share/nginx/chart/quote/history.phpon line1230', '0', 'Warning:  Division by zero in/usr/share/nginx/chart/quote/history.phpon line1260', 'Warning:  Division by zero in/usr/share/nginx/chart/quote/history.phpon line1270', 'Warning:  Division by zero in/usr/share/nginx/chart/quote/history.phpon line1280', '0', '0', '0']: could not convert string to float: 'Warning:  Division by zero in/usr/share/nginx/chart/quote/history.phpon line1230'", "caller":"/mnt/c/Users/Admin/Downloads/Project/Github/ETL_Project/platforms/ingestion/cophieu68/extract/extract_cophieu68.py:581"}
{"time":"2026-07-07T14:17:55", "level":"WARNING", "message":"Lỗi parse dòng dữ liệu ['13/03/2024', 'Warning:  Division by zero in/usr/share/nginx/chart/quote/history.phpon line1230', '0', 'Warning:  Division by zero in/usr/share/nginx/chart/quote/history.phpon line1260', 'Warning:  Division by zero in/usr/share/nginx/chart/quote/history.phpon line1270', 'Warning:  Division by zero in/usr/share/nginx/chart/quote/history.phpon line1280', '-3.36', '0', '0']: could not convert string to float: 'Warning:  Division by zero in/usr/share/nginx/chart/quote/history.phpon line1230'", "caller":"/mnt/c/Users/Admin/Downloads/Project/Github/ETL_Project/platforms/ingestion/cophieu68/extract/extract_cophieu68.py:581"}
{"time":"2026-07-07T14:17:55", "level":"WARNING", "message":"Lỗi parse dòng dữ liệu ['12/03/2024', 'Warning:  Division by zero in/usr/share/nginx/chart/quote/history.phpon line1230', '0', 'Warning:  Division by zero in/usr/share/nginx/chart/quote/history.phpon line1260', 'Warning:  Division by zero in/usr/share/nginx/chart/quote/history.phpon line1270', 'Warning:  Division by zero in/usr/share/nginx/chart/quote/history.phpon line1280', '0', '0', '0']: could not convert string to float: 'Warning:  Division by zero in/usr/share/nginx/chart/quote/history.phpon line1230'", "caller":"/mnt/c/Users/Admin/Downloads/Project/Github/ETL_Project/platforms/ingestion/cophieu68/extract/extract_cophieu68.py:581"}
{"time":"2026-07-07T14:17:55", "level":"WARNING", "message":"Lỗi parse dòng dữ liệu ['11/03/2024', 'Warning:  Division by zero in/usr/share/nginx/chart/quote/history.phpon line1230', '0', 'Warning:  Division by zero in/usr/share/nginx/chart/quote/history.phpon line1260', 'Warning:  Division by zero in/usr/share/nginx/chart/quote/history.phpon line1270', 'Warning:  Division by zero in/usr/share/nginx/chart/quote/history.phpon line1280', '0', '0', '0']: could not convert string to float: 'Warning:  Division by zero in/usr/share/nginx/chart/quote/history.phpon line1230'", "caller":"/mnt/c/Users/Admin/Downloads/Project/Github/ETL_Project/platforms/ingestion/cophieu68/extract/extract_cophieu68.py:581"}
{"time":"2026-07-07T14:17:55", "level":"WARNING", "message":"Lỗi parse dòng dữ liệu ['08/03/2024', 'Warning:  Division by zero in/usr/share/nginx/chart/quote/history.phpon line1230', '0', 'Warning:  Division by zero in/usr/share/nginx/chart/quote/history.phpon line1260', 'Warning:  Division by zero in/usr/share/nginx/chart/quote/history.phpon line1270', 'Warning:  Division by zero in/usr/share/nginx/chart/quote/history.phpon line1280', '0', '0', '0']: could not convert string to float: 'Warning:  Division by zero in/usr/share/nginx/chart/quote/history.phpon line1230'", "caller":"/mnt/c/Users/Admin/Downloads/Project/Github/ETL_Project/platforms/ingestion/cophieu68/extract/extract_cophieu68.py:581"}
{"time":"2026-07-07T14:17:55", "level":"WARNING", "message":"Lỗi parse dòng dữ liệu ['07/03/2024', 'Warning:  Division by zero in/usr/share/nginx/chart/quote/history.phpon line1230', '0', 'Warning:  Division by zero in/usr/share/nginx/chart/quote/history.phpon line1260', 'Warning:  Division by zero in/usr/share/nginx/chart/quote/history.phpon line1270', 'Warning:  Division by zero in/usr/share/nginx/chart/quote/history.phpon line1280', '0', '0', '0']: could not convert string to float: 'Warning:  Division by zero in/usr/share/nginx/chart/quote/history.phpon line1230'", "caller":"/mnt/c/Users/Admin/Downloads/Project/Github/ETL_Project/platforms/ingestion/cophieu68/extract/extract_cophieu68.py:581"}
{"time":"2026-07-07T14:17:55", "level":"WARNING", "message":"Lỗi parse dòng dữ liệu ['06/03/2024', 'Warning:  Division by zero in/usr/share/nginx/chart/quote/history.phpon line1230', '0', 'Warning:  Division by zero in/usr/share/nginx/chart/quote/history.phpon line1260', 'Warning:  Division by zero in/usr/share/nginx/chart/quote/history.phpon line1270', 'Warning:  Division by zero in/usr/share/nginx/chart/quote/history.phpon line1280', '0', '0', '0']: could not convert string to float: 'Warning:  Division by zero in/usr/share/nginx/chart/quote/history.phpon line1230'", "caller":"/mnt/c/Users/Admin/Downloads/Project/Github/ETL_Project/platforms/ingestion/cophieu68/extract/extract_cophieu68.py:581"}
{"time":"2026-07-07T14:17:55", "level":"WARNING", "message":"Lỗi parse dòng dữ liệu ['05/03/2024', 'Warning:  Division by zero in/usr/share/nginx/chart/quote/history.phpon line1230', '0', 'Warning:  Division by zero in/usr/share/nginx/chart/quote/history.phpon line1260', 'Warning:  Division by zero in/usr/share/nginx/chart/quote/history.phpon line1270', 'Warning:  Division by zero in/usr/share/nginx/chart/quote/history.phpon line1280', '0', '0', '0']: could not convert string to float: 'Warning:  Division by zero in/usr/share/nginx/chart/quote/history.phpon line1230'", "caller":"/mnt/c/Users/Admin/Downloads/Project/Github/ETL_Project/platforms/ingestion/cophieu68/extract/extract_cophieu68.py:581"}
{"time":"2026-07-07T14:17:55", "level":"WARNING", "message":"Lỗi parse dòng dữ liệu ['04/03/2024', 'Warning:  Division by zero in/usr/share/nginx/chart/quote/history.phpon line1230', '-1', 'Warning:  Division by zero in/usr/share/nginx/chart/quote/history.phpon line1260', 'Warning:  Division by zero in/usr/share/nginx/chart/quote/history.phpon line1270', 'Warning:  Division by zero in/usr/share/nginx/chart/quote/history.phpon line1280', '-6.07', '0', '0']: could not convert string to float: 'Warning:  Division by zero in/usr/share/nginx/chart/quote/history.phpon line1230'", "caller":"/mnt/c/Users/Admin/Downloads/Project/Github/ETL_Project/platforms/ingestion/cophieu68/extract/extract_cophieu68.py:581"}
{"time":"2026-07-07T14:17:55", "level":"WARNING", "message":"Lỗi parse dòng dữ liệu ['01/03/2024', 'Warning:  Division by zero in/usr/share/nginx/chart/quote/history.phpon line1230', '0', 'Warning:  Division by zero in/usr/share/nginx/chart/quote/history.phpon line1260', 'Warning:  Division by zero in/usr/share/nginx/chart/quote/history.phpon line1270', 'Warning:  Division by zero in/usr/share/nginx/chart/quote/history.phpon line1280', '0', '0', '0']: could not convert string to float: 'Warning:  Division by zero in/usr/share/nginx/chart/quote/history.phpon line1230'", "caller":"/mnt/c/Users/Admin/Downloads/Project/Github/ETL_Project/platforms/ingestion/cophieu68/extract/extract_cophieu68.py:581"}
{"time":"2026-07-07T14:17:55", "level":"WARNING", "message":"Lỗi parse dòng dữ liệu ['29/02/2024', 'Warning:  Division by zero in/usr/share/nginx/chart/quote/history.phpon line1230', '0', 'Warning:  Division by zero in/usr/share/nginx/chart/quote/history.phpon line1260', 'Warning:  Division by zero in/usr/share/nginx/chart/quote/history.phpon line1270', 'Warning:  Division by zero in/usr/share/nginx/chart/quote/history.phpon line1280', '0', '0', '0']: could not convert string to float: 'Warning:  Division by zero in/usr/share/nginx/chart/quote/history.phpon line1230'", "caller":"/mnt/c/Users/Admin/Downloads/Project/Github/ETL_Project/platforms/ingestion/cophieu68/extract/extract_cophieu68.py:581"}
{"time":"2026-07-07T14:17:55", "level":"WARNING", "message":"Lỗi parse dòng dữ liệu ['28/02/2024', 'Warning:  Division by zero in/usr/share/nginx/chart/quote/history.phpon line1230', '0', 'Warning:  Division by zero in/usr/share/nginx/chart/quote/history.phpon line1260', 'Warning:  Division by zero in/usr/share/nginx/chart/quote/history.phpon line1270', 'Warning:  Division by zero in/usr/share/nginx/chart/quote/history.phpon line1280', '0', '0', '0']: could not convert string to float: 'Warning:  Division by zero in/usr/share/nginx/chart/quote/history.phpon line1230'", "caller":"/mnt/c/Users/Admin/Downloads/Project/Github/ETL_Project/platforms/ingestion/cophieu68/extract/extract_cophieu68.py:581"}
{"time":"2026-07-07T14:17:55", "level":"WARNING", "message":"Lỗi parse dòng dữ liệu ['27/02/2024', 'Warning:  Division by zero in/usr/share/nginx/chart/quote/history.phpon line1230', '0', 'Warning:  Division by zero in/usr/share/nginx/chart/quote/history.phpon line1260', 'Warning:  Division by zero in/usr/share/nginx/chart/quote/history.phpon line1270', 'Warning:  Division by zero in/usr/share/nginx/chart/quote/history.phpon line1280', '0', '0', '0']: could not convert string to float: 'Warning:  Division by zero in/usr/share/nginx/chart/quote/history.phpon line1230'", "caller":"/mnt/c/Users/Admin/Downloads/Project/Github/ETL_Project/platforms/ingestion/cophieu68/extract/extract_cophieu68.py:581"}
{"time":"2026-07-07T14:17:55", "level":"WARNING", "message":"Lỗi parse dòng dữ liệu ['26/02/2024', 'Warning:  Division by zero in/usr/share/nginx/chart/quote/history.phpon line1230', '0', 'Warning:  Division by zero in/usr/share/nginx/chart/quote/history.phpon line1260', 'Warning:  Division by zero in/usr/share/nginx/chart/quote/history.phpon line1270', 'Warning:  Division by zero in/usr/share/nginx/chart/quote/history.phpon line1280', '0', '0', '0']: could not convert string to float: 'Warning:  Division by zero in/usr/share/nginx/chart/quote/history.phpon line1230'", "caller":"/mnt/c/Users/Admin/Downloads/Project/Github/ETL_Project/platforms/ingestion/cophieu68/extract/extract_cophieu68.py:581"}
{"time":"2026-07-07T14:17:55", "level":"WARNING", "message":"Lỗi parse dòng dữ liệu ['23/02/2024', 'Warning:  Division by zero in/usr/share/nginx/chart/quote/history.phpon line1230', '1', 'Warning:  Division by zero in/usr/share/nginx/chart/quote/history.phpon line1260', 'Warning:  Division by zero in/usr/share/nginx/chart/quote/history.phpon line1270', 'Warning:  Division by zero in/usr/share/nginx/chart/quote/history.phpon line1280', '6.48', '0', '0']: could not convert string to float: 'Warning:  Division by zero in/usr/share/nginx/chart/quote/history.phpon line1230'", "caller":"/mnt/c/Users/Admin/Downloads/Project/Github/ETL_Project/platforms/ingestion/cophieu68/extract/extract_cophieu68.py:581"}
{"time":"2026-07-07T14:17:55", "level":"WARNING", "message":"Lỗi parse dòng dữ liệu ['22/02/2024', 'Warning:  Division by zero in/usr/share/nginx/chart/quote/history.phpon line1230', '-1', 'Warning:  Division by zero in/usr/share/nginx/chart/quote/history.phpon line1260', 'Warning:  Division by zero in/usr/share/nginx/chart/quote/history.phpon line1270', 'Warning:  Division by zero in/usr/share/nginx/chart/quote/history.phpon line1280', '-6.28', '0', '0.0']: could not convert string to float: 'Warning:  Division by zero in/usr/share/nginx/chart/quote/history.phpon line1230'", "caller":"/mnt/c/Users/Admin/Downloads/Project/Github/ETL_Project/platforms/ingestion/cophieu68/extract/extract_cophieu68.py:581"}
{"time":"2026-07-07T14:17:55", "level":"WARNING", "message":"Lỗi parse dòng dữ liệu ['21/02/2024', 'Warning:  Division by zero in/usr/share/nginx/chart/quote/history.phpon line1230', '-1', 'Warning:  Division by zero in/usr/share/nginx/chart/quote/history.phpon line1260', 'Warning:  Division by zero in/usr/share/nginx/chart/quote/history.phpon line1270', 'Warning:  Division by zero in/usr/share/nginx/chart/quote/history.phpon line1280', '-6.68', '0', '0.0']: could not convert string to float: 'Warning:  Division by zero in/usr/share/nginx/chart/quote/history.phpon line1230'", "caller":"/mnt/c/Users/Admin/Downloads/Project/Github/ETL_Project/platforms/ingestion/cophieu68/extract/extract_cophieu68.py:581"}
{"time":"2026-07-07T14:17:55", "level":"WARNING", "message":"Lỗi parse dòng dữ liệu ['20/02/2024', 'Warning:  Division by zero in/usr/share/nginx/chart/quote/history.phpon line1230', '0', 'Warning:  Division by zero in/usr/share/nginx/chart/quote/history.phpon line1260', 'Warning:  Division by zero in/usr/share/nginx/chart/quote/history.phpon line1270', 'Warning:  Division by zero in/usr/share/nginx/chart/quote/history.phpon line1280', '3.01', '0', '0']: could not convert string to float: 'Warning:  Division by zero in/usr/share/nginx/chart/quote/history.phpon line1230'", "caller":"/mnt/c/Users/Admin/Downloads/Project/Github/ETL_Project/platforms/ingestion/cophieu68/extract/extract_cophieu68.py:581"}
{"time":"2026-07-07T14:17:55", "level":"WARNING", "message":"Lỗi parse dòng dữ liệu ['16/02/2024', 'Warning:  Division by zero in/usr/share/nginx/chart/quote/history.phpon line1230', '1', 'Warning:  Division by zero in/usr/share/nginx/chart/quote/history.phpon line1260', 'Warning:  Division by zero in/usr/share/nginx/chart/quote/history.phpon line1270', 'Warning:  Division by zero in/usr/share/nginx/chart/quote/history.phpon line1280', '5.70', '0', '0']: could not convert string to float: 'Warning:  Division by zero in/usr/share/nginx/chart/quote/history.phpon line1230'", "caller":"/mnt/c/Users/Admin/Downloads/Project/Github/ETL_Project/platforms/ingestion/cophieu68/extract/extract_cophieu68.py:581"}
{"time":"2026-07-07T14:17:55", "level":"WARNING", "message":"Lỗi parse dòng dữ liệu ['15/02/2024', 'Warning:  Division by zero in/usr/share/nginx/chart/quote/history.phpon line1230', '0', 'Warning:  Division by zero in/usr/share/nginx/chart/quote/history.phpon line1260', 'Warning:  Division by zero in/usr/share/nginx/chart/quote/history.phpon line1270', 'Warning:  Division by zero in/usr/share/nginx/chart/quote/history.phpon line1280', '3.55', '0', '0']: could not convert string to float: 'Warning:  Division by zero in/usr/share/nginx/chart/quote/history.phpon line1230'", "caller":"/mnt/c/Users/Admin/Downloads/Project/Github/ETL_Project/platforms/ingestion/cophieu68/extract/extract_cophieu68.py:581"}
{"time":"2026-07-07T14:17:55", "level":"WARNING", "message":"Lỗi parse dòng dữ liệu ['07/02/2024', 'Warning:  Division by zero in/usr/share/nginx/chart/quote/history.phpon line1230', '1', 'Warning:  Division by zero in/usr/share/nginx/chart/quote/history.phpon line1260', 'Warning:  Division by zero in/usr/share/nginx/chart/quote/history.phpon line1270', 'Warning:  Division by zero in/usr/share/nginx/chart/quote/history.phpon line1280', '6.57', '0', '0']: could not convert string to float: 'Warning:  Division by zero in/usr/share/nginx/chart/quote/history.phpon line1230'", "caller":"/mnt/c/Users/Admin/Downloads/Project/Github/ETL_Project/platforms/ingestion/cophieu68/extract/extract_cophieu68.py:581"}
{"time":"2026-07-07T14:17:55", "level":"WARNING", "message":"Lỗi parse dòng dữ liệu ['06/02/2024', 'Warning:  Division by zero in/usr/share/nginx/chart/quote/history.phpon line1230', '1', 'Warning:  Division by zero in/usr/share/nginx/chart/quote/history.phpon line1260', 'Warning:  Division by zero in/usr/share/nginx/chart/quote/history.phpon line1270', 'Warning:  Division by zero in/usr/share/nginx/chart/quote/history.phpon line1280', '6.48', '0', '0']: could not convert string to float: 'Warning:  Division by zero in/usr/share/nginx/chart/quote/history.phpon line1230'", "caller":"/mnt/c/Users/Admin/Downloads/Project/Github/ETL_Project/platforms/ingestion/cophieu68/extract/extract_cophieu68.py:581"}
{"time":"2026-07-07T14:17:55", "level":"WARNING", "message":"Lỗi parse dòng dữ liệu ['05/02/2024', 'Warning:  Division by zero in/usr/share/nginx/chart/quote/history.phpon line1230', '0', 'Warning:  Division by zero in/usr/share/nginx/chart/quote/history.phpon line1260', 'Warning:  Division by zero in/usr/share/nginx/chart/quote/history.phpon line1270', 'Warning:  Division by zero in/usr/share/nginx/chart/quote/history.phpon line1280', '0', '0', '0']: could not convert string to float: 'Warning:  Division by zero in/usr/share/nginx/chart/quote/history.phpon line1230'", "caller":"/mnt/c/Users/Admin/Downloads/Project/Github/ETL_Project/platforms/ingestion/cophieu68/extract/extract_cophieu68.py:581"}
{"time":"2026-07-07T14:17:55", "level":"WARNING", "message":"Lỗi parse dòng dữ liệu ['02/02/2024', 'Warning:  Division by zero in/usr/share/nginx/chart/quote/history.phpon line1230', '0', 'Warning:  Division by zero in/usr/share/nginx/chart/quote/history.phpon line1260', 'Warning:  Division by zero in/usr/share/nginx/chart/quote/history.phpon line1270', 'Warning:  Division by zero in/usr/share/nginx/chart/quote/history.phpon line1280', '0', '0', '0']: could not convert string to float: 'Warning:  Division by zero in/usr/share/nginx/chart/quote/history.phpon line1230'", "caller":"/mnt/c/Users/Admin/Downloads/Project/Github/ETL_Project/platforms/ingestion/cophieu68/extract/extract_cophieu68.py:581"}
{"time":"2026-07-07T14:17:55", "level":"WARNING", "message":"Lỗi parse dòng dữ liệu ['31/01/2024', 'Warning:  Division by zero in/usr/share/nginx/chart/quote/history.phpon line1230', '0', 'Warning:  Division by zero in/usr/share/nginx/chart/quote/history.phpon line1260', 'Warning:  Division by zero in/usr/share/nginx/chart/quote/history.phpon line1270', 'Warning:  Division by zero in/usr/share/nginx/chart/quote/history.phpon line1280', '0', '0', '0']: could not convert string to float: 'Warning:  Division by zero in/usr/share/nginx/chart/quote/history.phpon line1230'", "caller":"/mnt/c/Users/Admin/Downloads/Project/Github/ETL_Project/platforms/ingestion/cophieu68/extract/extract_cophieu68.py:581"}
{"time":"2026-07-07T14:17:55", "level":"WARNING", "message":"Lỗi parse dòng dữ liệu ['30/01/2024', 'Warning:  Division by zero in/usr/share/nginx/chart/quote/history.phpon line1230', '0', 'Warning:  Division by zero in/usr/share/nginx/chart/quote/history.phpon line1260', 'Warning:  Division by zero in/usr/share/nginx/chart/quote/history.phpon line1270', 'Warning:  Division by zero in/usr/share/nginx/chart/quote/history.phpon line1280', '0', '0', '0']: could not convert string to float: 'Warning:  Division by zero in/usr/share/nginx/chart/quote/history.phpon line1230'", "caller":"/mnt/c/Users/Admin/Downloads/Project/Github/ETL_Project/platforms/ingestion/cophieu68/extract/extract_cophieu68.py:581"}
{"time":"2026-07-07T14:17:55", "level":"WARNING", "message":"Lỗi parse dòng dữ liệu ['26/01/2024', 'Warning:  Division by zero in/usr/share/nginx/chart/quote/history.phpon line1230', '0', 'Warning:  Division by zero in/usr/share/nginx/chart/quote/history.phpon line1260', 'Warning:  Division by zero in/usr/share/nginx/chart/quote/history.phpon line1270', 'Warning:  Division by zero in/usr/share/nginx/chart/quote/history.phpon line1280', '0', '0', '0']: could not convert string to float: 'Warning:  Division by zero in/usr/share/nginx/chart/quote/history.phpon line1230'", "caller":"/mnt/c/Users/Admin/Downloads/Project/Github/ETL_Project/platforms/ingestion/cophieu68/extract/extract_cophieu68.py:581"}
{"time":"2026-07-07T14:17:55", "level":"WARNING", "message":"Lỗi parse dòng dữ liệu ['25/01/2024', 'Warning:  Division by zero in/usr/share/nginx/chart/quote/history.phpon line1230', '0', 'Warning:  Division by zero in/usr/share/nginx/chart/quote/history.phpon line1260', 'Warning:  Division by zero in/usr/share/nginx/chart/quote/history.phpon line1270', 'Warning:  Division by zero in/usr/share/nginx/chart/quote/history.phpon line1280', '-4.87', '0', '0.0']: could not convert string to float: 'Warning:  Division by zero in/usr/share/nginx/chart/quote/history.phpon line1230'", "caller":"/mnt/c/Users/Admin/Downloads/Project/Github/ETL_Project/platforms/ingestion/cophieu68/extract/extract_cophieu68.py:581"}
{"time":"2026-07-07T14:17:55", "level":"WARNING", "message":"Lỗi parse dòng dữ liệu ['24/01/2024', 'Warning:  Division by zero in/usr/share/nginx/chart/quote/history.phpon line1230', '0', 'Warning:  Division by zero in/usr/share/nginx/chart/quote/history.phpon line1260', 'Warning:  Division by zero in/usr/share/nginx/chart/quote/history.phpon line1270', 'Warning:  Division by zero in/usr/share/nginx/chart/quote/history.phpon line1280', '0', '0', '0']: could not convert string to float: 'Warning:  Division by zero in/usr/share/nginx/chart/quote/history.phpon line1230'", "caller":"/mnt/c/Users/Admin/Downloads/Project/Github/ETL_Project/platforms/ingestion/cophieu68/extract/extract_cophieu68.py:581"}
{"time":"2026-07-07T14:17:55", "level":"WARNING", "message":"Lỗi parse dòng dữ liệu ['23/01/2024', 'Warning:  Division by zero in/usr/share/nginx/chart/quote/history.phpon line1230', '0', 'Warning:  Division by zero in/usr/share/nginx/chart/quote/history.phpon line1260', 'Warning:  Division by zero in/usr/share/nginx/chart/quote/history.phpon line1270', 'Warning:  Division by zero in/usr/share/nginx/chart/quote/history.phpon line1280', '0', '0', '0']: could not convert string to float: 'Warning:  Division by zero in/usr/share/nginx/chart/quote/history.phpon line1230'", "caller":"/mnt/c/Users/Admin/Downloads/Project/Github/ETL_Project/platforms/ingestion/cophieu68/extract/extract_cophieu68.py:581"}
{"time":"2026-07-07T14:17:55", "level":"WARNING", "message":"Lỗi parse dòng dữ liệu ['22/01/2024', 'Warning:  Division by zero in/usr/share/nginx/chart/quote/history.phpon line1230', '0', 'Warning:  Division by zero in/usr/share/nginx/chart/quote/history.phpon line1260', 'Warning:  Division by zero in/usr/share/nginx/chart/quote/history.phpon line1270', 'Warning:  Division by zero in/usr/share/nginx/chart/quote/history.phpon line1280', '0', '0', '0']: could not convert string to float: 'Warning:  Division by zero in/usr/share/nginx/chart/quote/history.phpon line1230'", "caller":"/mnt/c/Users/Admin/Downloads/Project/Github/ETL_Project/platforms/ingestion/cophieu68/extract/extract_cophieu68.py:581"}
{"time":"2026-07-07T14:17:55", "level":"WARNING", "message":"Lỗi parse dòng dữ liệu ['19/01/2024', 'Warning:  Division by zero in/usr/share/nginx/chart/quote/history.phpon line1230', '0', 'Warning:  Division by zero in/usr/share/nginx/chart/quote/history.phpon line1260', 'Warning:  Division by zero in/usr/share/nginx/chart/quote/history.phpon line1270', 'Warning:  Division by zero in/usr/share/nginx/chart/quote/history.phpon line1280', '0', '0', '0']: could not convert string to float: 'Warning:  Division by zero in/usr/share/nginx/chart/quote/history.phpon line1230'", "caller":"/mnt/c/Users/Admin/Downloads/Project/Github/ETL_Project/platforms/ingestion/cophieu68/extract/extract_cophieu68.py:581"}
{"time":"2026-07-07T14:17:55", "level":"WARNING", "message":"Lỗi parse dòng dữ liệu ['18/01/2024', 'Warning:  Division by zero in/usr/share/nginx/chart/quote/history.phpon line1230', '0', 'Warning:  Division by zero in/usr/share/nginx/chart/quote/history.phpon line1260', 'Warning:  Division by zero in/usr/share/nginx/chart/quote/history.phpon line1270', 'Warning:  Division by zero in/usr/share/nginx/chart/quote/history.phpon line1280', '0', '0', '0']: could not convert string to float: 'Warning:  Division by zero in/usr/share/nginx/chart/quote/history.phpon line1230'", "caller":"/mnt/c/Users/Admin/Downloads/Project/Github/ETL_Project/platforms/ingestion/cophieu68/extract/extract_cophieu68.py:581"}
{"time":"2026-07-07T14:17:55", "level":"WARNING", "message":"Lỗi parse dòng dữ liệu ['17/01/2024', 'Warning:  Division by zero in/usr/share/nginx/chart/quote/history.phpon line1230', '0', 'Warning:  Division by zero in/usr/share/nginx/chart/quote/history.phpon line1260', 'Warning:  Division by zero in/usr/share/nginx/chart/quote/history.phpon line1270', 'Warning:  Division by zero in/usr/share/nginx/chart/quote/history.phpon line1280', '0', '0', '0']: could not convert string to float: 'Warning:  Division by zero in/usr/share/nginx/chart/quote/history.phpon line1230'", "caller":"/mnt/c/Users/Admin/Downloads/Project/Github/ETL_Project/platforms/ingestion/cophieu68/extract/extract_cophieu68.py:581"}
{"time":"2026-07-07T14:17:55", "level":"WARNING", "message":"Lỗi parse dòng dữ liệu ['16/01/2024', 'Warning:  Division by zero in/usr/share/nginx/chart/quote/history.phpon line1230', '0', 'Warning:  Division by zero in/usr/share/nginx/chart/quote/history.phpon line1260', 'Warning:  Division by zero in/usr/share/nginx/chart/quote/history.phpon line1270', 'Warning:  Division by zero in/usr/share/nginx/chart/quote/history.phpon line1280', '0', '0', '0']: could not convert string to float: 'Warning:  Division by zero in/usr/share/nginx/chart/quote/history.phpon line1230'", "caller":"/mnt/c/Users/Admin/Downloads/Project/Github/ETL_Project/platforms/ingestion/cophieu68/extract/extract_cophieu68.py:581"}
{"time":"2026-07-07T14:17:55", "level":"WARNING", "message":"Lỗi parse dòng dữ liệu ['15/01/2024', 'Warning:  Division by zero in/usr/share/nginx/chart/quote/history.phpon line1230', '0', 'Warning:  Division by zero in/usr/share/nginx/chart/quote/history.phpon line1260', 'Warning:  Division by zero in/usr/share/nginx/chart/quote/history.phpon line1270', 'Warning:  Division by zero in/usr/share/nginx/chart/quote/history.phpon line1280', '0', '0', '0']: could not convert string to float: 'Warning:  Division by zero in/usr/share/nginx/chart/quote/history.phpon line1230'", "caller":"/mnt/c/Users/Admin/Downloads/Project/Github/ETL_Project/platforms/ingestion/cophieu68/extract/extract_cophieu68.py:581"}
{"time":"2026-07-07T14:17:55", "level":"WARNING", "message":"Lỗi parse dòng dữ liệu ['12/01/2024', 'Warning:  Division by zero in/usr/share/nginx/chart/quote/history.phpon line1230', '0', 'Warning:  Division by zero in/usr/share/nginx/chart/quote/history.phpon line1260', 'Warning:  Division by zero in/usr/share/nginx/chart/quote/history.phpon line1270', 'Warning:  Division by zero in/usr/share/nginx/chart/quote/history.phpon line1280', '-2.74', '0', '0']: could not convert string to float: 'Warning:  Division by zero in/usr/share/nginx/chart/quote/history.phpon line1230'", "caller":"/mnt/c/Users/Admin/Downloads/Project/Github/ETL_Project/platforms/ingestion/cophieu68/extract/extract_cophieu68.py:581"}
{"time":"2026-07-07T14:17:55", "level":"WARNING", "message":"Lỗi parse dòng dữ liệu ['11/01/2024', 'Warning:  Division by zero in/usr/share/nginx/chart/quote/history.phpon line1230', '0', 'Warning:  Division by zero in/usr/share/nginx/chart/quote/history.phpon line1260', 'Warning:  Division by zero in/usr/share/nginx/chart/quote/history.phpon line1270', 'Warning:  Division by zero in/usr/share/nginx/chart/quote/history.phpon line1280', '0', '0', '0']: could not convert string to float: 'Warning:  Division by zero in/usr/share/nginx/chart/quote/history.phpon line1230'", "caller":"/mnt/c/Users/Admin/Downloads/Project/Github/ETL_Project/platforms/ingestion/cophieu68/extract/extract_cophieu68.py:581"}
{"time":"2026-07-07T14:17:55", "level":"WARNING", "message":"Lỗi parse dòng dữ liệu ['10/01/2024', 'Warning:  Division by zero in/usr/share/nginx/chart/quote/history.phpon line1230', '0', 'Warning:  Division by zero in/usr/share/nginx/chart/quote/history.phpon line1260', 'Warning:  Division by zero in/usr/share/nginx/chart/quote/history.phpon line1270', 'Warning:  Division by zero in/usr/share/nginx/chart/quote/history.phpon line1280', '0', '0', '0']: could not convert string to float: 'Warning:  Division by zero in/usr/share/nginx/chart/quote/history.phpon line1230'", "caller":"/mnt/c/Users/Admin/Downloads/Project/Github/ETL_Project/platforms/ingestion/cophieu68/extract/extract_cophieu68.py:581"}
{"time":"2026-07-07T14:17:55", "level":"WARNING", "message":"Lỗi parse dòng dữ liệu ['09/01/2024', 'Warning:  Division by zero in/usr/share/nginx/chart/quote/history.phpon line1230', '0', 'Warning:  Division by zero in/usr/share/nginx/chart/quote/history.phpon line1260', 'Warning:  Division by zero in/usr/share/nginx/chart/quote/history.phpon line1270', 'Warning:  Division by zero in/usr/share/nginx/chart/quote/history.phpon line1280', '0', '0', '0']: could not convert string to float: 'Warning:  Division by zero in/usr/share/nginx/chart/quote/history.phpon line1230'", "caller":"/mnt/c/Users/Admin/Downloads/Project/Github/ETL_Project/platforms/ingestion/cophieu68/extract/extract_cophieu68.py:581"}
{"time":"2026-07-07T14:17:55", "level":"WARNING", "message":"Lỗi parse dòng dữ liệu ['08/01/2024', 'Warning:  Division by zero in/usr/share/nginx/chart/quote/history.phpon line1230', '-1', 'Warning:  Division by zero in/usr/share/nginx/chart/quote/history.phpon line1260', 'Warning:  Division by zero in/usr/share/nginx/chart/quote/history.phpon line1270', 'Warning:  Division by zero in/usr/share/nginx/chart/quote/history.phpon line1280', '-6.06', '0', '0']: could not convert string to float: 'Warning:  Division by zero in/usr/share/nginx/chart/quote/history.phpon line1230'", "caller":"/mnt/c/Users/Admin/Downloads/Project/Github/ETL_Project/platforms/ingestion/cophieu68/extract/extract_cophieu68.py:581"}
{"time":"2026-07-07T14:17:55", "level":"WARNING", "message":"Lỗi parse dòng dữ liệu ['05/01/2024', 'Warning:  Division by zero in/usr/share/nginx/chart/quote/history.phpon line1230', '0', 'Warning:  Division by zero in/usr/share/nginx/chart/quote/history.phpon line1260', 'Warning:  Division by zero in/usr/share/nginx/chart/quote/history.phpon line1270', 'Warning:  Division by zero in/usr/share/nginx/chart/quote/history.phpon line1280', '-1.83', '0', '0']: could not convert string to float: 'Warning:  Division by zero in/usr/share/nginx/chart/quote/history.phpon line1230'", "caller":"/mnt/c/Users/Admin/Downloads/Project/Github/ETL_Project/platforms/ingestion/cophieu68/extract/extract_cophieu68.py:581"}
{"time":"2026-07-07T14:17:55", "level":"WARNING", "message":"Lỗi parse dòng dữ liệu ['04/01/2024', 'Warning:  Division by zero in/usr/share/nginx/chart/quote/history.phpon line1230', '-1', 'Warning:  Division by zero in/usr/share/nginx/chart/quote/history.phpon line1260', 'Warning:  Division by zero in/usr/share/nginx/chart/quote/history.phpon line1270', 'Warning:  Division by zero in/usr/share/nginx/chart/quote/history.phpon line1280', '-6.60', '0', '0.0']: could not convert string to float: 'Warning:  Division by zero in/usr/share/nginx/chart/quote/history.phpon line1230'", "caller":"/mnt/c/Users/Admin/Downloads/Project/Github/ETL_Project/platforms/ingestion/cophieu68/extract/extract_cophieu68.py:581"}
{"time":"2026-07-07T14:17:55", "level":"WARNING", "message":"Lỗi parse dòng dữ liệu ['03/01/2024', 'Warning:  Division by zero in/usr/share/nginx/chart/quote/history.phpon line1230', '1', 'Warning:  Division by zero in/usr/share/nginx/chart/quote/history.phpon line1260', 'Warning:  Division by zero in/usr/share/nginx/chart/quote/history.phpon line1270', 'Warning:  Division by zero in/usr/share/nginx/chart/quote/history.phpon line1280', '5.40', '0', '0']: could not convert string to float: 'Warning:  Division by zero in/usr/share/nginx/chart/quote/history.phpon line1230'", "caller":"/mnt/c/Users/Admin/Downloads/Project/Github/ETL_Project/platforms/ingestion/cophieu68/extract/extract_cophieu68.py:581"}
{"time":"2026-07-07T14:17:55", "level":"WARNING", "message":"Lỗi parse dòng dữ liệu ['02/01/2024', 'Warning:  Division by zero in/usr/share/nginx/chart/quote/history.phpon line1230', '1', 'Warning:  Division by zero in/usr/share/nginx/chart/quote/history.phpon line1260', 'Warning:  Division by zero in/usr/share/nginx/chart/quote/history.phpon line1270', 'Warning:  Division by zero in/usr/share/nginx/chart/quote/history.phpon line1280', '6.48', '0', '0.0']: could not convert string to float: 'Warning:  Division by zero in/usr/share/nginx/chart/quote/history.phpon line1230'", "caller":"/mnt/c/Users/Admin/Downloads/Project/Github/ETL_Project/platforms/ingestion/cophieu68/extract/extract_cophieu68.py:581"}
{"time":"2026-07-07T14:17:55", "level":"WARNING", "message":"Lỗi parse dòng dữ liệu ['29/12/2023', 'Warning:  Division by zero in/usr/share/nginx/chart/quote/history.phpon line1230', '0', 'Warning:  Division by zero in/usr/share/nginx/chart/quote/history.phpon line1260', 'Warning:  Division by zero in/usr/share/nginx/chart/quote/history.phpon line1270', 'Warning:  Division by zero in/usr/share/nginx/chart/quote/history.phpon line1280', '0', '0', '0']: could not convert string to float: 'Warning:  Division by zero in/usr/share/nginx/chart/quote/history.phpon line1230'", "caller":"/mnt/c/Users/Admin/Downloads/Project/Github/ETL_Project/platforms/ingestion/cophieu68/extract/extract_cophieu68.py:581"}
{"time":"2026-07-07T14:17:55", "level":"WARNING", "message":"Lỗi parse dòng dữ liệu ['28/12/2023', 'Warning:  Division by zero in/usr/share/nginx/chart/quote/history.phpon line1230', '1', 'Warning:  Division by zero in/usr/share/nginx/chart/quote/history.phpon line1260', 'Warning:  Division by zero in/usr/share/nginx/chart/quote/history.phpon line1270', 'Warning:  Division by zero in/usr/share/nginx/chart/quote/history.phpon line1280', '6.68', '0', '0.0']: could not convert string to float: 'Warning:  Division by zero in/usr/share/nginx/chart/quote/history.phpon line1230'", "caller":"/mnt/c/Users/Admin/Downloads/Project/Github/ETL_Project/platforms/ingestion/cophieu68/extract/extract_cophieu68.py:581"}
{"time":"2026-07-07T14:17:55", "level":"WARNING", "message":"Lỗi parse dòng dữ liệu ['27/12/2023', 'Warning:  Division by zero in/usr/share/nginx/chart/quote/history.phpon line1230', '0', 'Warning:  Division by zero in/usr/share/nginx/chart/quote/history.phpon line1260', 'Warning:  Division by zero in/usr/share/nginx/chart/quote/history.phpon line1270', 'Warning:  Division by zero in/usr/share/nginx/chart/quote/history.phpon line1280', '0', '0', '0']: could not convert string to float: 'Warning:  Division by zero in/usr/share/nginx/chart/quote/history.phpon line1230'", "caller":"/mnt/c/Users/Admin/Downloads/Project/Github/ETL_Project/platforms/ingestion/cophieu68/extract/extract_cophieu68.py:581"}
{"time":"2026-07-07T14:17:55", "level":"WARNING", "message":"Lỗi parse dòng dữ liệu ['26/12/2023', 'Warning:  Division by zero in/usr/share/nginx/chart/quote/history.phpon line1230', '0', 'Warning:  Division by zero in/usr/share/nginx/chart/quote/history.phpon line1260', 'Warning:  Division by zero in/usr/share/nginx/chart/quote/history.phpon line1270', 'Warning:  Division by zero in/usr/share/nginx/chart/quote/history.phpon line1280', '0', '0', '0']: could not convert string to float: 'Warning:  Division by zero in/usr/share/nginx/chart/quote/history.phpon line1230'", "caller":"/mnt/c/Users/Admin/Downloads/Project/Github/ETL_Project/platforms/ingestion/cophieu68/extract/extract_cophieu68.py:581"}
{"time":"2026-07-07T14:17:55", "level":"WARNING", "message":"Lỗi parse dòng dữ liệu ['25/12/2023', 'Warning:  Division by zero in/usr/share/nginx/chart/quote/history.phpon line1230', '0', 'Warning:  Division by zero in/usr/share/nginx/chart/quote/history.phpon line1260', 'Warning:  Division by zero in/usr/share/nginx/chart/quote/history.phpon line1270', 'Warning:  Division by zero in/usr/share/nginx/chart/quote/history.phpon line1280', '0', '0', '0']: could not convert string to float: 'Warning:  Division by zero in/usr/share/nginx/chart/quote/history.phpon line1230'", "caller":"/mnt/c/Users/Admin/Downloads/Project/Github/ETL_Project/platforms/ingestion/cophieu68/extract/extract_cophieu68.py:581"}
{"time":"2026-07-07T14:17:55", "level":"WARNING", "message":"Lỗi parse dòng dữ liệu ['22/12/2023', 'Warning:  Division by zero in/usr/share/nginx/chart/quote/history.phpon line1230', '0', 'Warning:  Division by zero in/usr/share/nginx/chart/quote/history.phpon line1260', 'Warning:  Division by zero in/usr/share/nginx/chart/quote/history.phpon line1270', 'Warning:  Division by zero in/usr/share/nginx/chart/quote/history.phpon line1280', '0', '0', '0']: could not convert string to float: 'Warning:  Division by zero in/usr/share/nginx/chart/quote/history.phpon line1230'", "caller":"/mnt/c/Users/Admin/Downloads/Project/Github/ETL_Project/platforms/ingestion/cophieu68/extract/extract_cophieu68.py:581"}
{"time":"2026-07-07T14:17:55", "level":"WARNING", "message":"Lỗi parse dòng dữ liệu ['21/12/2023', 'Warning:  Division by zero in/usr/share/nginx/chart/quote/history.phpon line1230', '0', 'Warning:  Division by zero in/usr/share/nginx/chart/quote/history.phpon line1260', 'Warning:  Division by zero in/usr/share/nginx/chart/quote/history.phpon line1270', 'Warning:  Division by zero in/usr/share/nginx/chart/quote/history.phpon line1280', '0', '0', '0']: could not convert string to float: 'Warning:  Division by zero in/usr/share/nginx/chart/quote/history.phpon line1230'", "caller":"/mnt/c/Users/Admin/Downloads/Project/Github/ETL_Project/platforms/ingestion/cophieu68/extract/extract_cophieu68.py:581"}
{"time":"2026-07-07T14:17:55", "level":"WARNING", "message":"Lỗi parse dòng dữ liệu ['20/12/2023', 'Warning:  Division by zero in/usr/share/nginx/chart/quote/history.phpon line1230', '0', 'Warning:  Division by zero in/usr/share/nginx/chart/quote/history.phpon line1260', 'Warning:  Division by zero in/usr/share/nginx/chart/quote/history.phpon line1270', 'Warning:  Division by zero in/usr/share/nginx/chart/quote/history.phpon line1280', '0', '0', '0']: could not convert string to float: 'Warning:  Division by zero in/usr/share/nginx/chart/quote/history.phpon line1230'", "caller":"/mnt/c/Users/Admin/Downloads/Project/Github/ETL_Project/platforms/ingestion/cophieu68/extract/extract_cophieu68.py:581"}
{"time":"2026-07-07T14:17:55", "level":"WARNING", "message":"Lỗi parse dòng dữ liệu ['19/12/2023', 'Warning:  Division by zero in/usr/share/nginx/chart/quote/history.phpon line1230', '-1', 'Warning:  Division by zero in/usr/share/nginx/chart/quote/history.phpon line1260', 'Warning:  Division by zero in/usr/share/nginx/chart/quote/history.phpon line1270', 'Warning:  Division by zero in/usr/share/nginx/chart/quote/history.phpon line1280', '-6.69', '0', '0']: could not convert string to float: 'Warning:  Division by zero in/usr/share/nginx/chart/quote/history.phpon line1230'", "caller":"/mnt/c/Users/Admin/Downloads/Project/Github/ETL_Project/platforms/ingestion/cophieu68/extract/extract_cophieu68.py:581"}
{"time":"2026-07-07T14:17:55", "level":"WARNING", "message":"Lỗi parse dòng dữ liệu ['18/12/2023', 'Warning:  Division by zero in/usr/share/nginx/chart/quote/history.phpon line1230', '0', 'Warning:  Division by zero in/usr/share/nginx/chart/quote/history.phpon line1260', 'Warning:  Division by zero in/usr/share/nginx/chart/quote/history.phpon line1270', 'Warning:  Division by zero in/usr/share/nginx/chart/quote/history.phpon line1280', '-2.10', '0', '0']: could not convert string to float: 'Warning:  Division by zero in/usr/share/nginx/chart/quote/history.phpon line1230'", "caller":"/mnt/c/Users/Admin/Downloads/Project/Github/ETL_Project/platforms/ingestion/cophieu68/extract/extract_cophieu68.py:581"}
{"time":"2026-07-07T14:17:55", "level":"INFO", "message":"[BronzeIngester:L10] Start processing 1 records.", "caller":"/mnt/c/Users/Admin/Downloads/Project/Github/ETL_Project/scripts/deploy_full_pipeline.py:302"}
{"time":"2026-07-07T14:17:55", "level":"WARNING", "message":"[BronzeIngester:L10] No records passed DQ checks.", "caller":"/mnt/c/Users/Admin/Downloads/Project/Github/ETL_Project/scripts/deploy_full_pipeline.py:311"}
{"time":"2026-07-07T14:17:55", "level":"WARNING", "message":"[WARNING] 1 rejected records in bronze ingestion for L10 | record_id=None", "caller":"/mnt/c/Users/Admin/Downloads/Project/Github/ETL_Project/platforms/processing/base_processing_subsystem/subsystem5_and_30_error_event_schema_and_escalate.py:114"}
{"time":"2026-07-07T14:17:55", "level":"INFO", "message":"[LINEAGE] external.cophieu68_L10 -> bronze.bronze_stock_prices | op=APPEND | rows=0", "caller":"/mnt/c/Users/Admin/Downloads/Project/Github/ETL_Project/platforms/processing/base_processing_subsystem/subsystem34_metadata_repo.py:372"}
{"time":"2026-07-07T14:17:55", "level":"INFO", "message":"[BronzeExecutor] Processing symbol=LAF batch_id=batch_LAF_20260707071755_6d5f13dc", "caller":"/mnt/c/Users/Admin/Downloads/Project/Github/ETL_Project/scripts/deploy_full_pipeline.py:510"}
{"time":"2026-07-07T14:17:56", "level":"INFO", "message":"[BronzeIngester:LAF] Start processing 101 records.", "caller":"/mnt/c/Users/Admin/Downloads/Project/Github/ETL_Project/scripts/deploy_full_pipeline.py:302"}
{"time":"2026-07-07T14:17:56", "level":"WARNING", "message":"[BronzeIngester:LAF] No records passed DQ checks.", "caller":"/mnt/c/Users/Admin/Downloads/Project/Github/ETL_Project/scripts/deploy_full_pipeline.py:311"}
{"time":"2026-07-07T14:17:56", "level":"WARNING", "message":"[WARNING] 101 rejected records in bronze ingestion for LAF | record_id=None", "caller":"/mnt/c/Users/Admin/Downloads/Project/Github/ETL_Project/platforms/processing/base_processing_subsystem/subsystem5_and_30_error_event_schema_and_escalate.py:114"}
{"time":"2026-07-07T14:17:56", "level":"INFO", "message":"[LINEAGE] external.cophieu68_LAF -> bronze.bronze_stock_prices | op=APPEND | rows=0", "caller":"/mnt/c/Users/Admin/Downloads/Project/Github/ETL_Project/platforms/processing/base_processing_subsystem/subsystem34_metadata_repo.py:372"}
{"time":"2026-07-07T14:17:56", "level":"INFO", "message":"[BronzeExecutor] Processing symbol=LBM batch_id=batch_LBM_20260707071756_dccb4621", "caller":"/mnt/c/Users/Admin/Downloads/Project/Github/ETL_Project/scripts/deploy_full_pipeline.py:510"}
{"time":"2026-07-07T14:17:57", "level":"INFO", "message":"[BronzeIngester:LBM] Start processing 101 records.", "caller":"/mnt/c/Users/Admin/Downloads/Project/Github/ETL_Project/scripts/deploy_full_pipeline.py:302"}
{"time":"2026-07-07T14:17:57", "level":"WARNING", "message":"[BronzeIngester:LBM] No records passed DQ checks.", "caller":"/mnt/c/Users/Admin/Downloads/Project/Github/ETL_Project/scripts/deploy_full_pipeline.py:311"}
{"time":"2026-07-07T14:17:57", "level":"WARNING", "message":"[WARNING] 101 rejected records in bronze ingestion for LBM | record_id=None", "caller":"/mnt/c/Users/Admin/Downloads/Project/Github/ETL_Project/platforms/processing/base_processing_subsystem/subsystem5_and_30_error_event_schema_and_escalate.py:114"}
{"time":"2026-07-07T14:17:57", "level":"INFO", "message":"[LINEAGE] external.cophieu68_LBM -> bronze.bronze_stock_prices | op=APPEND | rows=0", "caller":"/mnt/c/Users/Admin/Downloads/Project/Github/ETL_Project/platforms/processing/base_processing_subsystem/subsystem34_metadata_repo.py:372"}
{"time":"2026-07-07T14:17:57", "level":"INFO", "message":"[BronzeExecutor] Processing symbol=LCG batch_id=batch_LCG_20260707071757_bbfc3a1d", "caller":"/mnt/c/Users/Admin/Downloads/Project/Github/ETL_Project/scripts/deploy_full_pipeline.py:510"}
{"time":"2026-07-07T14:17:57", "level":"INFO", "message":"[BronzeIngester:LCG] Start processing 101 records.", "caller":"/mnt/c/Users/Admin/Downloads/Project/Github/ETL_Project/scripts/deploy_full_pipeline.py:302"}
{"time":"2026-07-07T14:17:57", "level":"WARNING", "message":"[BronzeIngester:LCG] No records passed DQ checks.", "caller":"/mnt/c/Users/Admin/Downloads/Project/Github/ETL_Project/scripts/deploy_full_pipeline.py:311"}
{"time":"2026-07-07T14:17:57", "level":"WARNING", "message":"[WARNING] 101 rejected records in bronze ingestion for LCG | record_id=None", "caller":"/mnt/c/Users/Admin/Downloads/Project/Github/ETL_Project/platforms/processing/base_processing_subsystem/subsystem5_and_30_error_event_schema_and_escalate.py:114"}
{"time":"2026-07-07T14:17:57", "level":"INFO", "message":"[LINEAGE] external.cophieu68_LCG -> bronze.bronze_stock_prices | op=APPEND | rows=0", "caller":"/mnt/c/Users/Admin/Downloads/Project/Github/ETL_Project/platforms/processing/base_processing_subsystem/subsystem34_metadata_repo.py:372"}
{"time":"2026-07-07T14:17:57", "level":"INFO", "message":"[BronzeExecutor] Processing symbol=LCM batch_id=batch_LCM_20260707071757_9dee2ea6", "caller":"/mnt/c/Users/Admin/Downloads/Project/Github/ETL_Project/scripts/deploy_full_pipeline.py:510"}
{"time":"2026-07-07T14:17:58", "level":"INFO", "message":"[BronzeIngester:LCM] Start processing 101 records.", "caller":"/mnt/c/Users/Admin/Downloads/Project/Github/ETL_Project/scripts/deploy_full_pipeline.py:302"}
{"time":"2026-07-07T14:17:58", "level":"WARNING", "message":"[BronzeIngester:LCM] No records passed DQ checks.", "caller":"/mnt/c/Users/Admin/Downloads/Project/Github/ETL_Project/scripts/deploy_full_pipeline.py:311"}
{"time":"2026-07-07T14:17:58", "level":"WARNING", "message":"[WARNING] 101 rejected records in bronze ingestion for LCM | record_id=None", "caller":"/mnt/c/Users/Admin/Downloads/Project/Github/ETL_Project/platforms/processing/base_processing_subsystem/subsystem5_and_30_error_event_schema_and_escalate.py:114"}
{"time":"2026-07-07T14:17:58", "level":"INFO", "message":"[LINEAGE] external.cophieu68_LCM -> bronze.bronze_stock_prices | op=APPEND | rows=0", "caller":"/mnt/c/Users/Admin/Downloads/Project/Github/ETL_Project/platforms/processing/base_processing_subsystem/subsystem34_metadata_repo.py:372"}
{"time":"2026-07-07T14:17:58", "level":"INFO", "message":"[BronzeExecutor] Processing symbol=LDG batch_id=batch_LDG_20260707071758_ba47f9ee", "caller":"/mnt/c/Users/Admin/Downloads/Project/Github/ETL_Project/scripts/deploy_full_pipeline.py:510"}
{"time":"2026-07-07T14:17:59", "level":"INFO", "message":"[BronzeIngester:LDG] Start processing 101 records.", "caller":"/mnt/c/Users/Admin/Downloads/Project/Github/ETL_Project/scripts/deploy_full_pipeline.py:302"}
{"time":"2026-07-07T14:17:59", "level":"WARNING", "message":"[BronzeIngester:LDG] No records passed DQ checks.", "caller":"/mnt/c/Users/Admin/Downloads/Project/Github/ETL_Project/scripts/deploy_full_pipeline.py:311"}
{"time":"2026-07-07T14:17:59", "level":"WARNING", "message":"[WARNING] 101 rejected records in bronze ingestion for LDG | record_id=None", "caller":"/mnt/c/Users/Admin/Downloads/Project/Github/ETL_Project/platforms/processing/base_processing_subsystem/subsystem5_and_30_error_event_schema_and_escalate.py:114"}
{"time":"2026-07-07T14:17:59", "level":"INFO", "message":"[LINEAGE] external.cophieu68_LDG -> bronze.bronze_stock_prices | op=APPEND | rows=0", "caller":"/mnt/c/Users/Admin/Downloads/Project/Github/ETL_Project/platforms/processing/base_processing_subsystem/subsystem34_metadata_repo.py:372"}
{"time":"2026-07-07T14:17:59", "level":"INFO", "message":"[BronzeExecutor] Processing symbol=LEC batch_id=batch_LEC_20260707071759_8e380a02", "caller":"/mnt/c/Users/Admin/Downloads/Project/Github/ETL_Project/scripts/deploy_full_pipeline.py:510"}
{"time":"2026-07-07T14:17:59", "level":"INFO", "message":"[BronzeIngester:LEC] Start processing 101 records.", "caller":"/mnt/c/Users/Admin/Downloads/Project/Github/ETL_Project/scripts/deploy_full_pipeline.py:302"}
{"time":"2026-07-07T14:17:59", "level":"WARNING", "message":"[BronzeIngester:LEC] No records passed DQ checks.", "caller":"/mnt/c/Users/Admin/Downloads/Project/Github/ETL_Project/scripts/deploy_full_pipeline.py:311"}
{"time":"2026-07-07T14:17:59", "level":"WARNING", "message":"[WARNING] 101 rejected records in bronze ingestion for LEC | record_id=None", "caller":"/mnt/c/Users/Admin/Downloads/Project/Github/ETL_Project/platforms/processing/base_processing_subsystem/subsystem5_and_30_error_event_schema_and_escalate.py:114"}
{"time":"2026-07-07T14:17:59", "level":"INFO", "message":"[LINEAGE] external.cophieu68_LEC -> bronze.bronze_stock_prices | op=APPEND | rows=0", "caller":"/mnt/c/Users/Admin/Downloads/Project/Github/ETL_Project/platforms/processing/base_processing_subsystem/subsystem34_metadata_repo.py:372"}
{"time":"2026-07-07T14:17:59", "level":"INFO", "message":"[BronzeExecutor] Processing symbol=LGC batch_id=batch_LGC_20260707071759_c7750642", "caller":"/mnt/c/Users/Admin/Downloads/Project/Github/ETL_Project/scripts/deploy_full_pipeline.py:510"}
{"time":"2026-07-07T14:18:01", "level":"INFO", "message":"[BronzeIngester:LGC] Start processing 101 records.", "caller":"/mnt/c/Users/Admin/Downloads/Project/Github/ETL_Project/scripts/deploy_full_pipeline.py:302"}
{"time":"2026-07-07T14:18:01", "level":"WARNING", "message":"[BronzeIngester:LGC] No records passed DQ checks.", "caller":"/mnt/c/Users/Admin/Downloads/Project/Github/ETL_Project/scripts/deploy_full_pipeline.py:311"}
{"time":"2026-07-07T14:18:01", "level":"WARNING", "message":"[WARNING] 101 rejected records in bronze ingestion for LGC | record_id=None", "caller":"/mnt/c/Users/Admin/Downloads/Project/Github/ETL_Project/platforms/processing/base_processing_subsystem/subsystem5_and_30_error_event_schema_and_escalate.py:114"}
{"time":"2026-07-07T14:18:01", "level":"INFO", "message":"[LINEAGE] external.cophieu68_LGC -> bronze.bronze_stock_prices | op=APPEND | rows=0", "caller":"/mnt/c/Users/Admin/Downloads/Project/Github/ETL_Project/platforms/processing/base_processing_subsystem/subsystem34_metadata_repo.py:372"}
{"time":"2026-07-07T14:18:01", "level":"INFO", "message":"[BronzeExecutor] Processing symbol=LGL batch_id=batch_LGL_20260707071801_3bfbf247", "caller":"/mnt/c/Users/Admin/Downloads/Project/Github/ETL_Project/scripts/deploy_full_pipeline.py:510"}
{"time":"2026-07-07T14:18:01", "level":"INFO", "message":"[BronzeIngester:LGL] Start processing 101 records.", "caller":"/mnt/c/Users/Admin/Downloads/Project/Github/ETL_Project/scripts/deploy_full_pipeline.py:302"}
{"time":"2026-07-07T14:18:01", "level":"WARNING", "message":"[BronzeIngester:LGL] No records passed DQ checks.", "caller":"/mnt/c/Users/Admin/Downloads/Project/Github/ETL_Project/scripts/deploy_full_pipeline.py:311"}
{"time":"2026-07-07T14:18:01", "level":"WARNING", "message":"[WARNING] 101 rejected records in bronze ingestion for LGL | record_id=None", "caller":"/mnt/c/Users/Admin/Downloads/Project/Github/ETL_Project/platforms/processing/base_processing_subsystem/subsystem5_and_30_error_event_schema_and_escalate.py:114"}
{"time":"2026-07-07T14:18:01", "level":"INFO", "message":"[LINEAGE] external.cophieu68_LGL -> bronze.bronze_stock_prices | op=APPEND | rows=0", "caller":"/mnt/c/Users/Admin/Downloads/Project/Github/ETL_Project/platforms/processing/base_processing_subsystem/subsystem34_metadata_repo.py:372"}
{"time":"2026-07-07T14:18:01", "level":"INFO", "message":"[BronzeExecutor] Processing symbol=LHG batch_id=batch_LHG_20260707071801_b5ad1b29", "caller":"/mnt/c/Users/Admin/Downloads/Project/Github/ETL_Project/scripts/deploy_full_pipeline.py:510"}
{"time":"2026-07-07T14:18:02", "level":"INFO", "message":"[BronzeIngester:LHG] Start processing 101 records.", "caller":"/mnt/c/Users/Admin/Downloads/Project/Github/ETL_Project/scripts/deploy_full_pipeline.py:302"}
{"time":"2026-07-07T14:18:02", "level":"WARNING", "message":"[BronzeIngester:LHG] No records passed DQ checks.", "caller":"/mnt/c/Users/Admin/Downloads/Project/Github/ETL_Project/scripts/deploy_full_pipeline.py:311"}
{"time":"2026-07-07T14:18:02", "level":"WARNING", "message":"[WARNING] 101 rejected records in bronze ingestion for LHG | record_id=None", "caller":"/mnt/c/Users/Admin/Downloads/Project/Github/ETL_Project/platforms/processing/base_processing_subsystem/subsystem5_and_30_error_event_schema_and_escalate.py:114"}
{"time":"2026-07-07T14:18:02", "level":"INFO", "message":"[LINEAGE] external.cophieu68_LHG -> bronze.bronze_stock_prices | op=APPEND | rows=0", "caller":"/mnt/c/Users/Admin/Downloads/Project/Github/ETL_Project/platforms/processing/base_processing_subsystem/subsystem34_metadata_repo.py:372"}
{"time":"2026-07-07T14:18:02", "level":"INFO", "message":"[BronzeExecutor] Processing symbol=LIX batch_id=batch_LIX_20260707071802_599a273a", "caller":"/mnt/c/Users/Admin/Downloads/Project/Github/ETL_Project/scripts/deploy_full_pipeline.py:510"}
{"time":"2026-07-07T14:18:03", "level":"INFO", "message":"[BronzeIngester:LIX] Start processing 101 records.", "caller":"/mnt/c/Users/Admin/Downloads/Project/Github/ETL_Project/scripts/deploy_full_pipeline.py:302"}
{"time":"2026-07-07T14:18:03", "level":"WARNING", "message":"[BronzeIngester:LIX] No records passed DQ checks.", "caller":"/mnt/c/Users/Admin/Downloads/Project/Github/ETL_Project/scripts/deploy_full_pipeline.py:311"}
{"time":"2026-07-07T14:18:03", "level":"WARNING", "message":"[WARNING] 101 rejected records in bronze ingestion for LIX | record_id=None", "caller":"/mnt/c/Users/Admin/Downloads/Project/Github/ETL_Project/platforms/processing/base_processing_subsystem/subsystem5_and_30_error_event_schema_and_escalate.py:114"}
{"time":"2026-07-07T14:18:03", "level":"INFO", "message":"[LINEAGE] external.cophieu68_LIX -> bronze.bronze_stock_prices | op=APPEND | rows=0", "caller":"/mnt/c/Users/Admin/Downloads/Project/Github/ETL_Project/platforms/processing/base_processing_subsystem/subsystem34_metadata_repo.py:372"}
{"time":"2026-07-07T14:18:03", "level":"INFO", "message":"[BronzeExecutor] Processing symbol=LM8 batch_id=batch_LM8_20260707071803_47276e9b", "caller":"/mnt/c/Users/Admin/Downloads/Project/Github/ETL_Project/scripts/deploy_full_pipeline.py:510"}
{"time":"2026-07-07T14:18:04", "level":"INFO", "message":"[BronzeIngester:LM8] Start processing 101 records.", "caller":"/mnt/c/Users/Admin/Downloads/Project/Github/ETL_Project/scripts/deploy_full_pipeline.py:302"}
{"time":"2026-07-07T14:18:04", "level":"WARNING", "message":"[BronzeIngester:LM8] No records passed DQ checks.", "caller":"/mnt/c/Users/Admin/Downloads/Project/Github/ETL_Project/scripts/deploy_full_pipeline.py:311"}
{"time":"2026-07-07T14:18:04", "level":"WARNING", "message":"[WARNING] 101 rejected records in bronze ingestion for LM8 | record_id=None", "caller":"/mnt/c/Users/Admin/Downloads/Project/Github/ETL_Project/platforms/processing/base_processing_subsystem/subsystem5_and_30_error_event_schema_and_escalate.py:114"}
{"time":"2026-07-07T14:18:04", "level":"INFO", "message":"[LINEAGE] external.cophieu68_LM8 -> bronze.bronze_stock_prices | op=APPEND | rows=0", "caller":"/mnt/c/Users/Admin/Downloads/Project/Github/ETL_Project/platforms/processing/base_processing_subsystem/subsystem34_metadata_repo.py:372"}
{"time":"2026-07-07T14:18:04", "level":"INFO", "message":"[BronzeExecutor] Processing symbol=LPB batch_id=batch_LPB_20260707071804_6ff0ecb1", "caller":"/mnt/c/Users/Admin/Downloads/Project/Github/ETL_Project/scripts/deploy_full_pipeline.py:510"}
{"time":"2026-07-07T14:18:04", "level":"INFO", "message":"[BronzeIngester:LPB] Start processing 101 records.", "caller":"/mnt/c/Users/Admin/Downloads/Project/Github/ETL_Project/scripts/deploy_full_pipeline.py:302"}
{"time":"2026-07-07T14:18:04", "level":"WARNING", "message":"[BronzeIngester:LPB] No records passed DQ checks.", "caller":"/mnt/c/Users/Admin/Downloads/Project/Github/ETL_Project/scripts/deploy_full_pipeline.py:311"}
{"time":"2026-07-07T14:18:04", "level":"WARNING", "message":"[WARNING] 101 rejected records in bronze ingestion for LPB | record_id=None", "caller":"/mnt/c/Users/Admin/Downloads/Project/Github/ETL_Project/platforms/processing/base_processing_subsystem/subsystem5_and_30_error_event_schema_and_escalate.py:114"}
{"time":"2026-07-07T14:18:04", "level":"INFO", "message":"[LINEAGE] external.cophieu68_LPB -> bronze.bronze_stock_prices | op=APPEND | rows=0", "caller":"/mnt/c/Users/Admin/Downloads/Project/Github/ETL_Project/platforms/processing/base_processing_subsystem/subsystem34_metadata_repo.py:372"}
{"time":"2026-07-07T14:18:04", "level":"INFO", "message":"[BronzeExecutor] Processing symbol=LSS batch_id=batch_LSS_20260707071804_540a5cc4", "caller":"/mnt/c/Users/Admin/Downloads/Project/Github/ETL_Project/scripts/deploy_full_pipeline.py:510"}
{"time":"2026-07-07T14:18:05", "level":"INFO", "message":"[BronzeIngester:LSS] Start processing 101 records.", "caller":"/mnt/c/Users/Admin/Downloads/Project/Github/ETL_Project/scripts/deploy_full_pipeline.py:302"}
{"time":"2026-07-07T14:18:05", "level":"WARNING", "message":"[BronzeIngester:LSS] No records passed DQ checks.", "caller":"/mnt/c/Users/Admin/Downloads/Project/Github/ETL_Project/scripts/deploy_full_pipeline.py:311"}
{"time":"2026-07-07T14:18:05", "level":"WARNING", "message":"[WARNING] 101 rejected records in bronze ingestion for LSS | record_id=None", "caller":"/mnt/c/Users/Admin/Downloads/Project/Github/ETL_Project/platforms/processing/base_processing_subsystem/subsystem5_and_30_error_event_schema_and_escalate.py:114"}
{"time":"2026-07-07T14:18:05", "level":"INFO", "message":"[LINEAGE] external.cophieu68_LSS -> bronze.bronze_stock_prices | op=APPEND | rows=0", "caller":"/mnt/c/Users/Admin/Downloads/Project/Github/ETL_Project/platforms/processing/base_processing_subsystem/subsystem34_metadata_repo.py:372"}
{"time":"2026-07-07T14:18:05", "level":"INFO", "message":"[BronzeExecutor] Processing symbol=MBB batch_id=batch_MBB_20260707071805_db9050dc", "caller":"/mnt/c/Users/Admin/Downloads/Project/Github/ETL_Project/scripts/deploy_full_pipeline.py:510"}
{"time":"2026-07-07T14:18:06", "level":"INFO", "message":"[BronzeIngester:MBB] Start processing 101 records.", "caller":"/mnt/c/Users/Admin/Downloads/Project/Github/ETL_Project/scripts/deploy_full_pipeline.py:302"}
{"time":"2026-07-07T14:18:06", "level":"WARNING", "message":"[BronzeIngester:MBB] No records passed DQ checks.", "caller":"/mnt/c/Users/Admin/Downloads/Project/Github/ETL_Project/scripts/deploy_full_pipeline.py:311"}
{"time":"2026-07-07T14:18:06", "level":"WARNING", "message":"[WARNING] 101 rejected records in bronze ingestion for MBB | record_id=None", "caller":"/mnt/c/Users/Admin/Downloads/Project/Github/ETL_Project/platforms/processing/base_processing_subsystem/subsystem5_and_30_error_event_schema_and_escalate.py:114"}
{"time":"2026-07-07T14:18:06", "level":"INFO", "message":"[LINEAGE] external.cophieu68_MBB -> bronze.bronze_stock_prices | op=APPEND | rows=0", "caller":"/mnt/c/Users/Admin/Downloads/Project/Github/ETL_Project/platforms/processing/base_processing_subsystem/subsystem34_metadata_repo.py:372"}
{"time":"2026-07-07T14:18:06", "level":"INFO", "message":"[BronzeExecutor] Processing symbol=MCP batch_id=batch_MCP_20260707071806_cdb93e76", "caller":"/mnt/c/Users/Admin/Downloads/Project/Github/ETL_Project/scripts/deploy_full_pipeline.py:510"}
{"time":"2026-07-07T14:18:07", "level":"INFO", "message":"[BronzeIngester:MCP] Start processing 101 records.", "caller":"/mnt/c/Users/Admin/Downloads/Project/Github/ETL_Project/scripts/deploy_full_pipeline.py:302"}
{"time":"2026-07-07T14:18:07", "level":"WARNING", "message":"[BronzeIngester:MCP] No records passed DQ checks.", "caller":"/mnt/c/Users/Admin/Downloads/Project/Github/ETL_Project/scripts/deploy_full_pipeline.py:311"}
{"time":"2026-07-07T14:18:07", "level":"WARNING", "message":"[WARNING] 101 rejected records in bronze ingestion for MCP | record_id=None", "caller":"/mnt/c/Users/Admin/Downloads/Project/Github/ETL_Project/platforms/processing/base_processing_subsystem/subsystem5_and_30_error_event_schema_and_escalate.py:114"}
{"time":"2026-07-07T14:18:07", "level":"INFO", "message":"[LINEAGE] external.cophieu68_MCP -> bronze.bronze_stock_prices | op=APPEND | rows=0", "caller":"/mnt/c/Users/Admin/Downloads/Project/Github/ETL_Project/platforms/processing/base_processing_subsystem/subsystem34_metadata_repo.py:372"}
{"time":"2026-07-07T14:18:07", "level":"INFO", "message":"[BronzeExecutor] Processing symbol=MDG batch_id=batch_MDG_20260707071807_46c2df00", "caller":"/mnt/c/Users/Admin/Downloads/Project/Github/ETL_Project/scripts/deploy_full_pipeline.py:510"}
{"time":"2026-07-07T14:18:08", "level":"INFO", "message":"[BronzeIngester:MDG] Start processing 101 records.", "caller":"/mnt/c/Users/Admin/Downloads/Project/Github/ETL_Project/scripts/deploy_full_pipeline.py:302"}
{"time":"2026-07-07T14:18:08", "level":"WARNING", "message":"[BronzeIngester:MDG] No records passed DQ checks.", "caller":"/mnt/c/Users/Admin/Downloads/Project/Github/ETL_Project/scripts/deploy_full_pipeline.py:311"}
{"time":"2026-07-07T14:18:08", "level":"WARNING", "message":"[WARNING] 101 rejected records in bronze ingestion for MDG | record_id=None", "caller":"/mnt/c/Users/Admin/Downloads/Project/Github/ETL_Project/platforms/processing/base_processing_subsystem/subsystem5_and_30_error_event_schema_and_escalate.py:114"}
{"time":"2026-07-07T14:18:08", "level":"INFO", "message":"[LINEAGE] external.cophieu68_MDG -> bronze.bronze_stock_prices | op=APPEND | rows=0", "caller":"/mnt/c/Users/Admin/Downloads/Project/Github/ETL_Project/platforms/processing/base_processing_subsystem/subsystem34_metadata_repo.py:372"}
{"time":"2026-07-07T14:18:08", "level":"INFO", "message":"[BronzeExecutor] Processing symbol=MHC batch_id=batch_MHC_20260707071808_8303d82f", "caller":"/mnt/c/Users/Admin/Downloads/Project/Github/ETL_Project/scripts/deploy_full_pipeline.py:510"}
{"time":"2026-07-07T14:18:08", "level":"INFO", "message":"[BronzeIngester:MHC] Start processing 101 records.", "caller":"/mnt/c/Users/Admin/Downloads/Project/Github/ETL_Project/scripts/deploy_full_pipeline.py:302"}
{"time":"2026-07-07T14:18:08", "level":"WARNING", "message":"[BronzeIngester:MHC] No records passed DQ checks.", "caller":"/mnt/c/Users/Admin/Downloads/Project/Github/ETL_Project/scripts/deploy_full_pipeline.py:311"}
{"time":"2026-07-07T14:18:08", "level":"WARNING", "message":"[WARNING] 101 rejected records in bronze ingestion for MHC | record_id=None", "caller":"/mnt/c/Users/Admin/Downloads/Project/Github/ETL_Project/platforms/processing/base_processing_subsystem/subsystem5_and_30_error_event_schema_and_escalate.py:114"}
{"time":"2026-07-07T14:18:08", "level":"INFO", "message":"[LINEAGE] external.cophieu68_MHC -> bronze.bronze_stock_prices | op=APPEND | rows=0", "caller":"/mnt/c/Users/Admin/Downloads/Project/Github/ETL_Project/platforms/processing/base_processing_subsystem/subsystem34_metadata_repo.py:372"}
{"time":"2026-07-07T14:18:08", "level":"INFO", "message":"[BronzeExecutor] Processing symbol=MIG batch_id=batch_MIG_20260707071808_4a50ca6a", "caller":"/mnt/c/Users/Admin/Downloads/Project/Github/ETL_Project/scripts/deploy_full_pipeline.py:510"}
{"time":"2026-07-07T14:18:09", "level":"INFO", "message":"[BronzeIngester:MIG] Start processing 101 records.", "caller":"/mnt/c/Users/Admin/Downloads/Project/Github/ETL_Project/scripts/deploy_full_pipeline.py:302"}
{"time":"2026-07-07T14:18:09", "level":"WARNING", "message":"[BronzeIngester:MIG] No records passed DQ checks.", "caller":"/mnt/c/Users/Admin/Downloads/Project/Github/ETL_Project/scripts/deploy_full_pipeline.py:311"}
{"time":"2026-07-07T14:18:09", "level":"WARNING", "message":"[WARNING] 101 rejected records in bronze ingestion for MIG | record_id=None", "caller":"/mnt/c/Users/Admin/Downloads/Project/Github/ETL_Project/platforms/processing/base_processing_subsystem/subsystem5_and_30_error_event_schema_and_escalate.py:114"}
{"time":"2026-07-07T14:18:09", "level":"INFO", "message":"[LINEAGE] external.cophieu68_MIG -> bronze.bronze_stock_prices | op=APPEND | rows=0", "caller":"/mnt/c/Users/Admin/Downloads/Project/Github/ETL_Project/platforms/processing/base_processing_subsystem/subsystem34_metadata_repo.py:372"}
{"time":"2026-07-07T14:18:09", "level":"INFO", "message":"[BronzeExecutor] Processing symbol=MSB batch_id=batch_MSB_20260707071809_8ac4c7e4", "caller":"/mnt/c/Users/Admin/Downloads/Project/Github/ETL_Project/scripts/deploy_full_pipeline.py:510"}
{"time":"2026-07-07T14:18:10", "level":"INFO", "message":"[BronzeIngester:MSB] Start processing 101 records.", "caller":"/mnt/c/Users/Admin/Downloads/Project/Github/ETL_Project/scripts/deploy_full_pipeline.py:302"}
{"time":"2026-07-07T14:18:10", "level":"WARNING", "message":"[BronzeIngester:MSB] No records passed DQ checks.", "caller":"/mnt/c/Users/Admin/Downloads/Project/Github/ETL_Project/scripts/deploy_full_pipeline.py:311"}
{"time":"2026-07-07T14:18:10", "level":"WARNING", "message":"[WARNING] 101 rejected records in bronze ingestion for MSB | record_id=None", "caller":"/mnt/c/Users/Admin/Downloads/Project/Github/ETL_Project/platforms/processing/base_processing_subsystem/subsystem5_and_30_error_event_schema_and_escalate.py:114"}
{"time":"2026-07-07T14:18:10", "level":"INFO", "message":"[LINEAGE] external.cophieu68_MSB -> bronze.bronze_stock_prices | op=APPEND | rows=0", "caller":"/mnt/c/Users/Admin/Downloads/Project/Github/ETL_Project/platforms/processing/base_processing_subsystem/subsystem34_metadata_repo.py:372"}
{"time":"2026-07-07T14:18:10", "level":"INFO", "message":"[BronzeExecutor] Processing symbol=MSH batch_id=batch_MSH_20260707071810_2aad4614", "caller":"/mnt/c/Users/Admin/Downloads/Project/Github/ETL_Project/scripts/deploy_full_pipeline.py:510"}
{"time":"2026-07-07T14:18:10", "level":"INFO", "message":"[BronzeIngester:MSH] Start processing 101 records.", "caller":"/mnt/c/Users/Admin/Downloads/Project/Github/ETL_Project/scripts/deploy_full_pipeline.py:302"}
{"time":"2026-07-07T14:18:10", "level":"WARNING", "message":"[BronzeIngester:MSH] No records passed DQ checks.", "caller":"/mnt/c/Users/Admin/Downloads/Project/Github/ETL_Project/scripts/deploy_full_pipeline.py:311"}
{"time":"2026-07-07T14:18:10", "level":"WARNING", "message":"[WARNING] 101 rejected records in bronze ingestion for MSH | record_id=None", "caller":"/mnt/c/Users/Admin/Downloads/Project/Github/ETL_Project/platforms/processing/base_processing_subsystem/subsystem5_and_30_error_event_schema_and_escalate.py:114"}
{"time":"2026-07-07T14:18:10", "level":"INFO", "message":"[LINEAGE] external.cophieu68_MSH -> bronze.bronze_stock_prices | op=APPEND | rows=0", "caller":"/mnt/c/Users/Admin/Downloads/Project/Github/ETL_Project/platforms/processing/base_processing_subsystem/subsystem34_metadata_repo.py:372"}
{"time":"2026-07-07T14:18:10", "level":"INFO", "message":"[BronzeExecutor] Processing symbol=MSN batch_id=batch_MSN_20260707071810_f58f5c44", "caller":"/mnt/c/Users/Admin/Downloads/Project/Github/ETL_Project/scripts/deploy_full_pipeline.py:510"}
{"time":"2026-07-07T14:18:11", "level":"INFO", "message":"[BronzeIngester:MSN] Start processing 101 records.", "caller":"/mnt/c/Users/Admin/Downloads/Project/Github/ETL_Project/scripts/deploy_full_pipeline.py:302"}
{"time":"2026-07-07T14:18:11", "level":"WARNING", "message":"[BronzeIngester:MSN] No records passed DQ checks.", "caller":"/mnt/c/Users/Admin/Downloads/Project/Github/ETL_Project/scripts/deploy_full_pipeline.py:311"}
{"time":"2026-07-07T14:18:11", "level":"WARNING", "message":"[WARNING] 101 rejected records in bronze ingestion for MSN | record_id=None", "caller":"/mnt/c/Users/Admin/Downloads/Project/Github/ETL_Project/platforms/processing/base_processing_subsystem/subsystem5_and_30_error_event_schema_and_escalate.py:114"}
{"time":"2026-07-07T14:18:11", "level":"INFO", "message":"[LINEAGE] external.cophieu68_MSN -> bronze.bronze_stock_prices | op=APPEND | rows=0", "caller":"/mnt/c/Users/Admin/Downloads/Project/Github/ETL_Project/platforms/processing/base_processing_subsystem/subsystem34_metadata_repo.py:372"}
{"time":"2026-07-07T14:18:11", "level":"INFO", "message":"[BronzeExecutor] Processing symbol=MWG batch_id=batch_MWG_20260707071811_2129e019", "caller":"/mnt/c/Users/Admin/Downloads/Project/Github/ETL_Project/scripts/deploy_full_pipeline.py:510"}
{"time":"2026-07-07T14:18:12", "level":"INFO", "message":"[BronzeIngester:MWG] Start processing 101 records.", "caller":"/mnt/c/Users/Admin/Downloads/Project/Github/ETL_Project/scripts/deploy_full_pipeline.py:302"}
{"time":"2026-07-07T14:18:12", "level":"WARNING", "message":"[BronzeIngester:MWG] No records passed DQ checks.", "caller":"/mnt/c/Users/Admin/Downloads/Project/Github/ETL_Project/scripts/deploy_full_pipeline.py:311"}
{"time":"2026-07-07T14:18:12", "level":"WARNING", "message":"[WARNING] 101 rejected records in bronze ingestion for MWG | record_id=None", "caller":"/mnt/c/Users/Admin/Downloads/Project/Github/ETL_Project/platforms/processing/base_processing_subsystem/subsystem5_and_30_error_event_schema_and_escalate.py:114"}
{"time":"2026-07-07T14:18:12", "level":"INFO", "message":"[LINEAGE] external.cophieu68_MWG -> bronze.bronze_stock_prices | op=APPEND | rows=0", "caller":"/mnt/c/Users/Admin/Downloads/Project/Github/ETL_Project/platforms/processing/base_processing_subsystem/subsystem34_metadata_repo.py:372"}
{"time":"2026-07-07T14:18:12", "level":"INFO", "message":"[BronzeExecutor] Processing symbol=NAF batch_id=batch_NAF_20260707071812_4813c0be", "caller":"/mnt/c/Users/Admin/Downloads/Project/Github/ETL_Project/scripts/deploy_full_pipeline.py:510"}
{"time":"2026-07-07T14:18:13", "level":"INFO", "message":"[BronzeIngester:NAF] Start processing 101 records.", "caller":"/mnt/c/Users/Admin/Downloads/Project/Github/ETL_Project/scripts/deploy_full_pipeline.py:302"}
{"time":"2026-07-07T14:18:13", "level":"WARNING", "message":"[BronzeIngester:NAF] No records passed DQ checks.", "caller":"/mnt/c/Users/Admin/Downloads/Project/Github/ETL_Project/scripts/deploy_full_pipeline.py:311"}
{"time":"2026-07-07T14:18:13", "level":"WARNING", "message":"[WARNING] 101 rejected records in bronze ingestion for NAF | record_id=None", "caller":"/mnt/c/Users/Admin/Downloads/Project/Github/ETL_Project/platforms/processing/base_processing_subsystem/subsystem5_and_30_error_event_schema_and_escalate.py:114"}
{"time":"2026-07-07T14:18:13", "level":"INFO", "message":"[LINEAGE] external.cophieu68_NAF -> bronze.bronze_stock_prices | op=APPEND | rows=0", "caller":"/mnt/c/Users/Admin/Downloads/Project/Github/ETL_Project/platforms/processing/base_processing_subsystem/subsystem34_metadata_repo.py:372"}
{"time":"2026-07-07T14:18:13", "level":"INFO", "message":"[BronzeExecutor] Processing symbol=NAV batch_id=batch_NAV_20260707071813_8b739567", "caller":"/mnt/c/Users/Admin/Downloads/Project/Github/ETL_Project/scripts/deploy_full_pipeline.py:510"}
{"time":"2026-07-07T14:18:11", "level":"INFO", "message":"[BronzeIngester:NAV] Start processing 101 records.", "caller":"/mnt/c/Users/Admin/Downloads/Project/Github/ETL_Project/scripts/deploy_full_pipeline.py:302"}
{"time":"2026-07-07T14:18:11", "level":"WARNING", "message":"[BronzeIngester:NAV] No records passed DQ checks.", "caller":"/mnt/c/Users/Admin/Downloads/Project/Github/ETL_Project/scripts/deploy_full_pipeline.py:311"}
{"time":"2026-07-07T14:18:11", "level":"WARNING", "message":"[WARNING] 101 rejected records in bronze ingestion for NAV | record_id=None", "caller":"/mnt/c/Users/Admin/Downloads/Project/Github/ETL_Project/platforms/processing/base_processing_subsystem/subsystem5_and_30_error_event_schema_and_escalate.py:114"}
{"time":"2026-07-07T14:18:11", "level":"INFO", "message":"[LINEAGE] external.cophieu68_NAV -> bronze.bronze_stock_prices | op=APPEND | rows=0", "caller":"/mnt/c/Users/Admin/Downloads/Project/Github/ETL_Project/platforms/processing/base_processing_subsystem/subsystem34_metadata_repo.py:372"}
{"time":"2026-07-07T14:18:11", "level":"INFO", "message":"[BronzeExecutor] Processing symbol=NBB batch_id=batch_NBB_20260707071811_d9b40eac", "caller":"/mnt/c/Users/Admin/Downloads/Project/Github/ETL_Project/scripts/deploy_full_pipeline.py:510"}
{"time":"2026-07-07T14:18:12", "level":"INFO", "message":"[BronzeIngester:NBB] Start processing 101 records.", "caller":"/mnt/c/Users/Admin/Downloads/Project/Github/ETL_Project/scripts/deploy_full_pipeline.py:302"}
{"time":"2026-07-07T14:18:12", "level":"WARNING", "message":"[BronzeIngester:NBB] No records passed DQ checks.", "caller":"/mnt/c/Users/Admin/Downloads/Project/Github/ETL_Project/scripts/deploy_full_pipeline.py:311"}
{"time":"2026-07-07T14:18:12", "level":"WARNING", "message":"[WARNING] 101 rejected records in bronze ingestion for NBB | record_id=None", "caller":"/mnt/c/Users/Admin/Downloads/Project/Github/ETL_Project/platforms/processing/base_processing_subsystem/subsystem5_and_30_error_event_schema_and_escalate.py:114"}
{"time":"2026-07-07T14:18:12", "level":"INFO", "message":"[LINEAGE] external.cophieu68_NBB -> bronze.bronze_stock_prices | op=APPEND | rows=0", "caller":"/mnt/c/Users/Admin/Downloads/Project/Github/ETL_Project/platforms/processing/base_processing_subsystem/subsystem34_metadata_repo.py:372"}
{"time":"2026-07-07T14:18:12", "level":"INFO", "message":"[BronzeExecutor] Processing symbol=NCT batch_id=batch_NCT_20260707071812_626e4fac", "caller":"/mnt/c/Users/Admin/Downloads/Project/Github/ETL_Project/scripts/deploy_full_pipeline.py:510"}
{"time":"2026-07-07T14:18:13", "level":"INFO", "message":"[BronzeIngester:NCT] Start processing 101 records.", "caller":"/mnt/c/Users/Admin/Downloads/Project/Github/ETL_Project/scripts/deploy_full_pipeline.py:302"}
{"time":"2026-07-07T14:18:13", "level":"WARNING", "message":"[BronzeIngester:NCT] No records passed DQ checks.", "caller":"/mnt/c/Users/Admin/Downloads/Project/Github/ETL_Project/scripts/deploy_full_pipeline.py:311"}
{"time":"2026-07-07T14:18:13", "level":"WARNING", "message":"[WARNING] 101 rejected records in bronze ingestion for NCT | record_id=None", "caller":"/mnt/c/Users/Admin/Downloads/Project/Github/ETL_Project/platforms/processing/base_processing_subsystem/subsystem5_and_30_error_event_schema_and_escalate.py:114"}
{"time":"2026-07-07T14:18:13", "level":"INFO", "message":"[LINEAGE] external.cophieu68_NCT -> bronze.bronze_stock_prices | op=APPEND | rows=0", "caller":"/mnt/c/Users/Admin/Downloads/Project/Github/ETL_Project/platforms/processing/base_processing_subsystem/subsystem34_metadata_repo.py:372"}
{"time":"2026-07-07T14:18:13", "level":"INFO", "message":"[BronzeExecutor] Processing symbol=NHA batch_id=batch_NHA_20260707071813_1b3c5b73", "caller":"/mnt/c/Users/Admin/Downloads/Project/Github/ETL_Project/scripts/deploy_full_pipeline.py:510"}
{"time":"2026-07-07T14:18:13", "level":"INFO", "message":"[BronzeIngester:NHA] Start processing 101 records.", "caller":"/mnt/c/Users/Admin/Downloads/Project/Github/ETL_Project/scripts/deploy_full_pipeline.py:302"}
{"time":"2026-07-07T14:18:14", "level":"WARNING", "message":"[BronzeIngester:NHA] No records passed DQ checks.", "caller":"/mnt/c/Users/Admin/Downloads/Project/Github/ETL_Project/scripts/deploy_full_pipeline.py:311"}
{"time":"2026-07-07T14:18:14", "level":"WARNING", "message":"[WARNING] 101 rejected records in bronze ingestion for NHA | record_id=None", "caller":"/mnt/c/Users/Admin/Downloads/Project/Github/ETL_Project/platforms/processing/base_processing_subsystem/subsystem5_and_30_error_event_schema_and_escalate.py:114"}
{"time":"2026-07-07T14:18:14", "level":"INFO", "message":"[LINEAGE] external.cophieu68_NHA -> bronze.bronze_stock_prices | op=APPEND | rows=0", "caller":"/mnt/c/Users/Admin/Downloads/Project/Github/ETL_Project/platforms/processing/base_processing_subsystem/subsystem34_metadata_repo.py:372"}
{"time":"2026-07-07T14:18:14", "level":"INFO", "message":"[BronzeExecutor] Processing symbol=NHH batch_id=batch_NHH_20260707071814_d744e69b", "caller":"/mnt/c/Users/Admin/Downloads/Project/Github/ETL_Project/scripts/deploy_full_pipeline.py:510"}
{"time":"2026-07-07T14:18:14", "level":"INFO", "message":"[BronzeIngester:NHH] Start processing 101 records.", "caller":"/mnt/c/Users/Admin/Downloads/Project/Github/ETL_Project/scripts/deploy_full_pipeline.py:302"}
{"time":"2026-07-07T14:18:14", "level":"WARNING", "message":"[BronzeIngester:NHH] No records passed DQ checks.", "caller":"/mnt/c/Users/Admin/Downloads/Project/Github/ETL_Project/scripts/deploy_full_pipeline.py:311"}
{"time":"2026-07-07T14:18:14", "level":"WARNING", "message":"[WARNING] 101 rejected records in bronze ingestion for NHH | record_id=None", "caller":"/mnt/c/Users/Admin/Downloads/Project/Github/ETL_Project/platforms/processing/base_processing_subsystem/subsystem5_and_30_error_event_schema_and_escalate.py:114"}
{"time":"2026-07-07T14:18:14", "level":"INFO", "message":"[LINEAGE] external.cophieu68_NHH -> bronze.bronze_stock_prices | op=APPEND | rows=0", "caller":"/mnt/c/Users/Admin/Downloads/Project/Github/ETL_Project/platforms/processing/base_processing_subsystem/subsystem34_metadata_repo.py:372"}
{"time":"2026-07-07T14:18:14", "level":"INFO", "message":"[BronzeExecutor] Processing symbol=NKG batch_id=batch_NKG_20260707071814_a10fa9de", "caller":"/mnt/c/Users/Admin/Downloads/Project/Github/ETL_Project/scripts/deploy_full_pipeline.py:510"}
{"time":"2026-07-07T14:18:15", "level":"INFO", "message":"[BronzeIngester:NKG] Start processing 101 records.", "caller":"/mnt/c/Users/Admin/Downloads/Project/Github/ETL_Project/scripts/deploy_full_pipeline.py:302"}
{"time":"2026-07-07T14:18:15", "level":"WARNING", "message":"[BronzeIngester:NKG] No records passed DQ checks.", "caller":"/mnt/c/Users/Admin/Downloads/Project/Github/ETL_Project/scripts/deploy_full_pipeline.py:311"}
{"time":"2026-07-07T14:18:15", "level":"WARNING", "message":"[WARNING] 101 rejected records in bronze ingestion for NKG | record_id=None", "caller":"/mnt/c/Users/Admin/Downloads/Project/Github/ETL_Project/platforms/processing/base_processing_subsystem/subsystem5_and_30_error_event_schema_and_escalate.py:114"}
{"time":"2026-07-07T14:18:15", "level":"INFO", "message":"[LINEAGE] external.cophieu68_NKG -> bronze.bronze_stock_prices | op=APPEND | rows=0", "caller":"/mnt/c/Users/Admin/Downloads/Project/Github/ETL_Project/platforms/processing/base_processing_subsystem/subsystem34_metadata_repo.py:372"}
{"time":"2026-07-07T14:18:15", "level":"INFO", "message":"[BronzeExecutor] Processing symbol=NLG batch_id=batch_NLG_20260707071815_ae912177", "caller":"/mnt/c/Users/Admin/Downloads/Project/Github/ETL_Project/scripts/deploy_full_pipeline.py:510"}
{"time":"2026-07-07T14:18:16", "level":"INFO", "message":"[BronzeIngester:NLG] Start processing 101 records.", "caller":"/mnt/c/Users/Admin/Downloads/Project/Github/ETL_Project/scripts/deploy_full_pipeline.py:302"}
{"time":"2026-07-07T14:18:16", "level":"WARNING", "message":"[BronzeIngester:NLG] No records passed DQ checks.", "caller":"/mnt/c/Users/Admin/Downloads/Project/Github/ETL_Project/scripts/deploy_full_pipeline.py:311"}
{"time":"2026-07-07T14:18:16", "level":"WARNING", "message":"[WARNING] 101 rejected records in bronze ingestion for NLG | record_id=None", "caller":"/mnt/c/Users/Admin/Downloads/Project/Github/ETL_Project/platforms/processing/base_processing_subsystem/subsystem5_and_30_error_event_schema_and_escalate.py:114"}
{"time":"2026-07-07T14:18:16", "level":"INFO", "message":"[LINEAGE] external.cophieu68_NLG -> bronze.bronze_stock_prices | op=APPEND | rows=0", "caller":"/mnt/c/Users/Admin/Downloads/Project/Github/ETL_Project/platforms/processing/base_processing_subsystem/subsystem34_metadata_repo.py:372"}
{"time":"2026-07-07T14:18:16", "level":"INFO", "message":"[BronzeExecutor] Processing symbol=NNC batch_id=batch_NNC_20260707071816_d4f5f065", "caller":"/mnt/c/Users/Admin/Downloads/Project/Github/ETL_Project/scripts/deploy_full_pipeline.py:510"}
{"time":"2026-07-07T14:18:17", "level":"INFO", "message":"[BronzeIngester:NNC] Start processing 101 records.", "caller":"/mnt/c/Users/Admin/Downloads/Project/Github/ETL_Project/scripts/deploy_full_pipeline.py:302"}
{"time":"2026-07-07T14:18:17", "level":"WARNING", "message":"[BronzeIngester:NNC] No records passed DQ checks.", "caller":"/mnt/c/Users/Admin/Downloads/Project/Github/ETL_Project/scripts/deploy_full_pipeline.py:311"}
{"time":"2026-07-07T14:18:17", "level":"WARNING", "message":"[WARNING] 101 rejected records in bronze ingestion for NNC | record_id=None", "caller":"/mnt/c/Users/Admin/Downloads/Project/Github/ETL_Project/platforms/processing/base_processing_subsystem/subsystem5_and_30_error_event_schema_and_escalate.py:114"}
{"time":"2026-07-07T14:18:17", "level":"INFO", "message":"[LINEAGE] external.cophieu68_NNC -> bronze.bronze_stock_prices | op=APPEND | rows=0", "caller":"/mnt/c/Users/Admin/Downloads/Project/Github/ETL_Project/platforms/processing/base_processing_subsystem/subsystem34_metadata_repo.py:372"}
{"time":"2026-07-07T14:18:17", "level":"INFO", "message":"[BronzeExecutor] Processing symbol=NSC batch_id=batch_NSC_20260707071817_710e34f1", "caller":"/mnt/c/Users/Admin/Downloads/Project/Github/ETL_Project/scripts/deploy_full_pipeline.py:510"}
{"time":"2026-07-07T14:18:17", "level":"INFO", "message":"[BronzeIngester:NSC] Start processing 101 records.", "caller":"/mnt/c/Users/Admin/Downloads/Project/Github/ETL_Project/scripts/deploy_full_pipeline.py:302"}
{"time":"2026-07-07T14:18:18", "level":"WARNING", "message":"[BronzeIngester:NSC] No records passed DQ checks.", "caller":"/mnt/c/Users/Admin/Downloads/Project/Github/ETL_Project/scripts/deploy_full_pipeline.py:311"}
{"time":"2026-07-07T14:18:18", "level":"WARNING", "message":"[WARNING] 101 rejected records in bronze ingestion for NSC | record_id=None", "caller":"/mnt/c/Users/Admin/Downloads/Project/Github/ETL_Project/platforms/processing/base_processing_subsystem/subsystem5_and_30_error_event_schema_and_escalate.py:114"}
{"time":"2026-07-07T14:18:18", "level":"INFO", "message":"[LINEAGE] external.cophieu68_NSC -> bronze.bronze_stock_prices | op=APPEND | rows=0", "caller":"/mnt/c/Users/Admin/Downloads/Project/Github/ETL_Project/platforms/processing/base_processing_subsystem/subsystem34_metadata_repo.py:372"}
{"time":"2026-07-07T14:18:18", "level":"INFO", "message":"[BronzeExecutor] Processing symbol=NT2 batch_id=batch_NT2_20260707071818_398c879a", "caller":"/mnt/c/Users/Admin/Downloads/Project/Github/ETL_Project/scripts/deploy_full_pipeline.py:510"}
{"time":"2026-07-07T14:18:18", "level":"INFO", "message":"[BronzeIngester:NT2] Start processing 101 records.", "caller":"/mnt/c/Users/Admin/Downloads/Project/Github/ETL_Project/scripts/deploy_full_pipeline.py:302"}
{"time":"2026-07-07T14:18:18", "level":"WARNING", "message":"[BronzeIngester:NT2] No records passed DQ checks.", "caller":"/mnt/c/Users/Admin/Downloads/Project/Github/ETL_Project/scripts/deploy_full_pipeline.py:311"}
{"time":"2026-07-07T14:18:18", "level":"WARNING", "message":"[WARNING] 101 rejected records in bronze ingestion for NT2 | record_id=None", "caller":"/mnt/c/Users/Admin/Downloads/Project/Github/ETL_Project/platforms/processing/base_processing_subsystem/subsystem5_and_30_error_event_schema_and_escalate.py:114"}
{"time":"2026-07-07T14:18:18", "level":"INFO", "message":"[LINEAGE] external.cophieu68_NT2 -> bronze.bronze_stock_prices | op=APPEND | rows=0", "caller":"/mnt/c/Users/Admin/Downloads/Project/Github/ETL_Project/platforms/processing/base_processing_subsystem/subsystem34_metadata_repo.py:372"}
{"time":"2026-07-07T14:18:18", "level":"INFO", "message":"[BronzeExecutor] Processing symbol=NTL batch_id=batch_NTL_20260707071818_39b71957", "caller":"/mnt/c/Users/Admin/Downloads/Project/Github/ETL_Project/scripts/deploy_full_pipeline.py:510"}
{"time":"2026-07-07T14:18:19", "level":"INFO", "message":"[BronzeIngester:NTL] Start processing 101 records.", "caller":"/mnt/c/Users/Admin/Downloads/Project/Github/ETL_Project/scripts/deploy_full_pipeline.py:302"}
{"time":"2026-07-07T14:18:19", "level":"WARNING", "message":"[BronzeIngester:NTL] No records passed DQ checks.", "caller":"/mnt/c/Users/Admin/Downloads/Project/Github/ETL_Project/scripts/deploy_full_pipeline.py:311"}
{"time":"2026-07-07T14:18:19", "level":"WARNING", "message":"[WARNING] 101 rejected records in bronze ingestion for NTL | record_id=None", "caller":"/mnt/c/Users/Admin/Downloads/Project/Github/ETL_Project/platforms/processing/base_processing_subsystem/subsystem5_and_30_error_event_schema_and_escalate.py:114"}
{"time":"2026-07-07T14:18:19", "level":"INFO", "message":"[LINEAGE] external.cophieu68_NTL -> bronze.bronze_stock_prices | op=APPEND | rows=0", "caller":"/mnt/c/Users/Admin/Downloads/Project/Github/ETL_Project/platforms/processing/base_processing_subsystem/subsystem34_metadata_repo.py:372"}
{"time":"2026-07-07T14:18:19", "level":"INFO", "message":"[BronzeExecutor] Processing symbol=NVL batch_id=batch_NVL_20260707071819_422111ad", "caller":"/mnt/c/Users/Admin/Downloads/Project/Github/ETL_Project/scripts/deploy_full_pipeline.py:510"}
{"time":"2026-07-07T14:18:20", "level":"INFO", "message":"[BronzeIngester:NVL] Start processing 101 records.", "caller":"/mnt/c/Users/Admin/Downloads/Project/Github/ETL_Project/scripts/deploy_full_pipeline.py:302"}
{"time":"2026-07-07T14:18:20", "level":"WARNING", "message":"[BronzeIngester:NVL] No records passed DQ checks.", "caller":"/mnt/c/Users/Admin/Downloads/Project/Github/ETL_Project/scripts/deploy_full_pipeline.py:311"}
{"time":"2026-07-07T14:18:20", "level":"WARNING", "message":"[WARNING] 101 rejected records in bronze ingestion for NVL | record_id=None", "caller":"/mnt/c/Users/Admin/Downloads/Project/Github/ETL_Project/platforms/processing/base_processing_subsystem/subsystem5_and_30_error_event_schema_and_escalate.py:114"}
{"time":"2026-07-07T14:18:20", "level":"INFO", "message":"[LINEAGE] external.cophieu68_NVL -> bronze.bronze_stock_prices | op=APPEND | rows=0", "caller":"/mnt/c/Users/Admin/Downloads/Project/Github/ETL_Project/platforms/processing/base_processing_subsystem/subsystem34_metadata_repo.py:372"}
{"time":"2026-07-07T14:18:20", "level":"INFO", "message":"[BronzeExecutor] Processing symbol=NVT batch_id=batch_NVT_20260707071820_63ce18e3", "caller":"/mnt/c/Users/Admin/Downloads/Project/Github/ETL_Project/scripts/deploy_full_pipeline.py:510"}
{"time":"2026-07-07T14:18:20", "level":"INFO", "message":"[BronzeIngester:NVT] Start processing 101 records.", "caller":"/mnt/c/Users/Admin/Downloads/Project/Github/ETL_Project/scripts/deploy_full_pipeline.py:302"}
{"time":"2026-07-07T14:18:21", "level":"WARNING", "message":"[BronzeIngester:NVT] No records passed DQ checks.", "caller":"/mnt/c/Users/Admin/Downloads/Project/Github/ETL_Project/scripts/deploy_full_pipeline.py:311"}
{"time":"2026-07-07T14:18:21", "level":"WARNING", "message":"[WARNING] 101 rejected records in bronze ingestion for NVT | record_id=None", "caller":"/mnt/c/Users/Admin/Downloads/Project/Github/ETL_Project/platforms/processing/base_processing_subsystem/subsystem5_and_30_error_event_schema_and_escalate.py:114"}
{"time":"2026-07-07T14:18:21", "level":"INFO", "message":"[LINEAGE] external.cophieu68_NVT -> bronze.bronze_stock_prices | op=APPEND | rows=0", "caller":"/mnt/c/Users/Admin/Downloads/Project/Github/ETL_Project/platforms/processing/base_processing_subsystem/subsystem34_metadata_repo.py:372"}
{"time":"2026-07-07T14:18:21", "level":"INFO", "message":"[BronzeExecutor] Processing symbol=OCB batch_id=batch_OCB_20260707071821_5c0d34ef", "caller":"/mnt/c/Users/Admin/Downloads/Project/Github/ETL_Project/scripts/deploy_full_pipeline.py:510"}
{"time":"2026-07-07T14:18:21", "level":"INFO", "message":"[BronzeIngester:OCB] Start processing 101 records.", "caller":"/mnt/c/Users/Admin/Downloads/Project/Github/ETL_Project/scripts/deploy_full_pipeline.py:302"}
{"time":"2026-07-07T14:18:21", "level":"WARNING", "message":"[BronzeIngester:OCB] No records passed DQ checks.", "caller":"/mnt/c/Users/Admin/Downloads/Project/Github/ETL_Project/scripts/deploy_full_pipeline.py:311"}
{"time":"2026-07-07T14:18:21", "level":"WARNING", "message":"[WARNING] 101 rejected records in bronze ingestion for OCB | record_id=None", "caller":"/mnt/c/Users/Admin/Downloads/Project/Github/ETL_Project/platforms/processing/base_processing_subsystem/subsystem5_and_30_error_event_schema_and_escalate.py:114"}
{"time":"2026-07-07T14:18:21", "level":"INFO", "message":"[LINEAGE] external.cophieu68_OCB -> bronze.bronze_stock_prices | op=APPEND | rows=0", "caller":"/mnt/c/Users/Admin/Downloads/Project/Github/ETL_Project/platforms/processing/base_processing_subsystem/subsystem34_metadata_repo.py:372"}
{"time":"2026-07-07T14:18:21", "level":"INFO", "message":"[BronzeExecutor] Processing symbol=OGC batch_id=batch_OGC_20260707071821_79078347", "caller":"/mnt/c/Users/Admin/Downloads/Project/Github/ETL_Project/scripts/deploy_full_pipeline.py:510"}
{"time":"2026-07-07T14:18:22", "level":"INFO", "message":"[BronzeIngester:OGC] Start processing 101 records.", "caller":"/mnt/c/Users/Admin/Downloads/Project/Github/ETL_Project/scripts/deploy_full_pipeline.py:302"}
{"time":"2026-07-07T14:18:22", "level":"WARNING", "message":"[BronzeIngester:OGC] No records passed DQ checks.", "caller":"/mnt/c/Users/Admin/Downloads/Project/Github/ETL_Project/scripts/deploy_full_pipeline.py:311"}
{"time":"2026-07-07T14:18:22", "level":"WARNING", "message":"[WARNING] 101 rejected records in bronze ingestion for OGC | record_id=None", "caller":"/mnt/c/Users/Admin/Downloads/Project/Github/ETL_Project/platforms/processing/base_processing_subsystem/subsystem5_and_30_error_event_schema_and_escalate.py:114"}
{"time":"2026-07-07T14:18:22", "level":"INFO", "message":"[LINEAGE] external.cophieu68_OGC -> bronze.bronze_stock_prices | op=APPEND | rows=0", "caller":"/mnt/c/Users/Admin/Downloads/Project/Github/ETL_Project/platforms/processing/base_processing_subsystem/subsystem34_metadata_repo.py:372"}
{"time":"2026-07-07T14:18:22", "level":"INFO", "message":"[BronzeExecutor] Processing symbol=OPC batch_id=batch_OPC_20260707071822_ce70b263", "caller":"/mnt/c/Users/Admin/Downloads/Project/Github/ETL_Project/scripts/deploy_full_pipeline.py:510"}
{"time":"2026-07-07T14:18:23", "level":"INFO", "message":"[BronzeIngester:OPC] Start processing 101 records.", "caller":"/mnt/c/Users/Admin/Downloads/Project/Github/ETL_Project/scripts/deploy_full_pipeline.py:302"}
{"time":"2026-07-07T14:18:23", "level":"WARNING", "message":"[BronzeIngester:OPC] No records passed DQ checks.", "caller":"/mnt/c/Users/Admin/Downloads/Project/Github/ETL_Project/scripts/deploy_full_pipeline.py:311"}
{"time":"2026-07-07T14:18:23", "level":"WARNING", "message":"[WARNING] 101 rejected records in bronze ingestion for OPC | record_id=None", "caller":"/mnt/c/Users/Admin/Downloads/Project/Github/ETL_Project/platforms/processing/base_processing_subsystem/subsystem5_and_30_error_event_schema_and_escalate.py:114"}
{"time":"2026-07-07T14:18:23", "level":"INFO", "message":"[LINEAGE] external.cophieu68_OPC -> bronze.bronze_stock_prices | op=APPEND | rows=0", "caller":"/mnt/c/Users/Admin/Downloads/Project/Github/ETL_Project/platforms/processing/base_processing_subsystem/subsystem34_metadata_repo.py:372"}
{"time":"2026-07-07T14:18:23", "level":"INFO", "message":"[BronzeExecutor] Processing symbol=ORS batch_id=batch_ORS_20260707071823_1a4b3737", "caller":"/mnt/c/Users/Admin/Downloads/Project/Github/ETL_Project/scripts/deploy_full_pipeline.py:510"}
{"time":"2026-07-07T14:18:24", "level":"INFO", "message":"[BronzeIngester:ORS] Start processing 101 records.", "caller":"/mnt/c/Users/Admin/Downloads/Project/Github/ETL_Project/scripts/deploy_full_pipeline.py:302"}
{"time":"2026-07-07T14:18:24", "level":"WARNING", "message":"[BronzeIngester:ORS] No records passed DQ checks.", "caller":"/mnt/c/Users/Admin/Downloads/Project/Github/ETL_Project/scripts/deploy_full_pipeline.py:311"}
{"time":"2026-07-07T14:18:24", "level":"WARNING", "message":"[WARNING] 101 rejected records in bronze ingestion for ORS | record_id=None", "caller":"/mnt/c/Users/Admin/Downloads/Project/Github/ETL_Project/platforms/processing/base_processing_subsystem/subsystem5_and_30_error_event_schema_and_escalate.py:114"}
{"time":"2026-07-07T14:18:24", "level":"INFO", "message":"[LINEAGE] external.cophieu68_ORS -> bronze.bronze_stock_prices | op=APPEND | rows=0", "caller":"/mnt/c/Users/Admin/Downloads/Project/Github/ETL_Project/platforms/processing/base_processing_subsystem/subsystem34_metadata_repo.py:372"}
{"time":"2026-07-07T14:18:24", "level":"INFO", "message":"[BronzeExecutor] Processing symbol=PAC batch_id=batch_PAC_20260707071824_e04d5060", "caller":"/mnt/c/Users/Admin/Downloads/Project/Github/ETL_Project/scripts/deploy_full_pipeline.py:510"}
{"time":"2026-07-07T14:18:25", "level":"INFO", "message":"[BronzeIngester:PAC] Start processing 101 records.", "caller":"/mnt/c/Users/Admin/Downloads/Project/Github/ETL_Project/scripts/deploy_full_pipeline.py:302"}
{"time":"2026-07-07T14:18:25", "level":"WARNING", "message":"[BronzeIngester:PAC] No records passed DQ checks.", "caller":"/mnt/c/Users/Admin/Downloads/Project/Github/ETL_Project/scripts/deploy_full_pipeline.py:311"}
{"time":"2026-07-07T14:18:25", "level":"WARNING", "message":"[WARNING] 101 rejected records in bronze ingestion for PAC | record_id=None", "caller":"/mnt/c/Users/Admin/Downloads/Project/Github/ETL_Project/platforms/processing/base_processing_subsystem/subsystem5_and_30_error_event_schema_and_escalate.py:114"}
{"time":"2026-07-07T14:18:25", "level":"INFO", "message":"[LINEAGE] external.cophieu68_PAC -> bronze.bronze_stock_prices | op=APPEND | rows=0", "caller":"/mnt/c/Users/Admin/Downloads/Project/Github/ETL_Project/platforms/processing/base_processing_subsystem/subsystem34_metadata_repo.py:372"}
{"time":"2026-07-07T14:18:25", "level":"INFO", "message":"[BronzeExecutor] Processing symbol=PAN batch_id=batch_PAN_20260707071825_a23895b2", "caller":"/mnt/c/Users/Admin/Downloads/Project/Github/ETL_Project/scripts/deploy_full_pipeline.py:510"}
{"time":"2026-07-07T14:18:26", "level":"INFO", "message":"[BronzeIngester:PAN] Start processing 101 records.", "caller":"/mnt/c/Users/Admin/Downloads/Project/Github/ETL_Project/scripts/deploy_full_pipeline.py:302"}
{"time":"2026-07-07T14:18:26", "level":"WARNING", "message":"[BronzeIngester:PAN] No records passed DQ checks.", "caller":"/mnt/c/Users/Admin/Downloads/Project/Github/ETL_Project/scripts/deploy_full_pipeline.py:311"}
{"time":"2026-07-07T14:18:26", "level":"WARNING", "message":"[WARNING] 101 rejected records in bronze ingestion for PAN | record_id=None", "caller":"/mnt/c/Users/Admin/Downloads/Project/Github/ETL_Project/platforms/processing/base_processing_subsystem/subsystem5_and_30_error_event_schema_and_escalate.py:114"}
{"time":"2026-07-07T14:18:26", "level":"INFO", "message":"[LINEAGE] external.cophieu68_PAN -> bronze.bronze_stock_prices | op=APPEND | rows=0", "caller":"/mnt/c/Users/Admin/Downloads/Project/Github/ETL_Project/platforms/processing/base_processing_subsystem/subsystem34_metadata_repo.py:372"}
{"time":"2026-07-07T14:18:26", "level":"INFO", "message":"[BronzeExecutor] Processing symbol=PC1 batch_id=batch_PC1_20260707071826_11c393d7", "caller":"/mnt/c/Users/Admin/Downloads/Project/Github/ETL_Project/scripts/deploy_full_pipeline.py:510"}
{"time":"2026-07-07T14:18:26", "level":"INFO", "message":"[BronzeIngester:PC1] Start processing 101 records.", "caller":"/mnt/c/Users/Admin/Downloads/Project/Github/ETL_Project/scripts/deploy_full_pipeline.py:302"}
{"time":"2026-07-07T14:18:26", "level":"WARNING", "message":"[BronzeIngester:PC1] No records passed DQ checks.", "caller":"/mnt/c/Users/Admin/Downloads/Project/Github/ETL_Project/scripts/deploy_full_pipeline.py:311"}
{"time":"2026-07-07T14:18:26", "level":"WARNING", "message":"[WARNING] 101 rejected records in bronze ingestion for PC1 | record_id=None", "caller":"/mnt/c/Users/Admin/Downloads/Project/Github/ETL_Project/platforms/processing/base_processing_subsystem/subsystem5_and_30_error_event_schema_and_escalate.py:114"}
{"time":"2026-07-07T14:18:26", "level":"INFO", "message":"[LINEAGE] external.cophieu68_PC1 -> bronze.bronze_stock_prices | op=APPEND | rows=0", "caller":"/mnt/c/Users/Admin/Downloads/Project/Github/ETL_Project/platforms/processing/base_processing_subsystem/subsystem34_metadata_repo.py:372"}
{"time":"2026-07-07T14:18:26", "level":"INFO", "message":"[BronzeExecutor] Processing symbol=PDN batch_id=batch_PDN_20260707071826_d61ef43c", "caller":"/mnt/c/Users/Admin/Downloads/Project/Github/ETL_Project/scripts/deploy_full_pipeline.py:510"}
{"time":"2026-07-07T14:18:27", "level":"INFO", "message":"[BronzeIngester:PDN] Start processing 101 records.", "caller":"/mnt/c/Users/Admin/Downloads/Project/Github/ETL_Project/scripts/deploy_full_pipeline.py:302"}
{"time":"2026-07-07T14:18:27", "level":"WARNING", "message":"[BronzeIngester:PDN] No records passed DQ checks.", "caller":"/mnt/c/Users/Admin/Downloads/Project/Github/ETL_Project/scripts/deploy_full_pipeline.py:311"}
{"time":"2026-07-07T14:18:27", "level":"WARNING", "message":"[WARNING] 101 rejected records in bronze ingestion for PDN | record_id=None", "caller":"/mnt/c/Users/Admin/Downloads/Project/Github/ETL_Project/platforms/processing/base_processing_subsystem/subsystem5_and_30_error_event_schema_and_escalate.py:114"}
{"time":"2026-07-07T14:18:27", "level":"INFO", "message":"[LINEAGE] external.cophieu68_PDN -> bronze.bronze_stock_prices | op=APPEND | rows=0", "caller":"/mnt/c/Users/Admin/Downloads/Project/Github/ETL_Project/platforms/processing/base_processing_subsystem/subsystem34_metadata_repo.py:372"}
{"time":"2026-07-07T14:18:27", "level":"INFO", "message":"[BronzeExecutor] Processing symbol=PDR batch_id=batch_PDR_20260707071827_a1954cdb", "caller":"/mnt/c/Users/Admin/Downloads/Project/Github/ETL_Project/scripts/deploy_full_pipeline.py:510"}
{"time":"2026-07-07T14:18:28", "level":"INFO", "message":"[BronzeIngester:PDR] Start processing 101 records.", "caller":"/mnt/c/Users/Admin/Downloads/Project/Github/ETL_Project/scripts/deploy_full_pipeline.py:302"}
{"time":"2026-07-07T14:18:28", "level":"WARNING", "message":"[BronzeIngester:PDR] No records passed DQ checks.", "caller":"/mnt/c/Users/Admin/Downloads/Project/Github/ETL_Project/scripts/deploy_full_pipeline.py:311"}
{"time":"2026-07-07T14:18:28", "level":"WARNING", "message":"[WARNING] 101 rejected records in bronze ingestion for PDR | record_id=None", "caller":"/mnt/c/Users/Admin/Downloads/Project/Github/ETL_Project/platforms/processing/base_processing_subsystem/subsystem5_and_30_error_event_schema_and_escalate.py:114"}
{"time":"2026-07-07T14:18:28", "level":"INFO", "message":"[LINEAGE] external.cophieu68_PDR -> bronze.bronze_stock_prices | op=APPEND | rows=0", "caller":"/mnt/c/Users/Admin/Downloads/Project/Github/ETL_Project/platforms/processing/base_processing_subsystem/subsystem34_metadata_repo.py:372"}
{"time":"2026-07-07T14:18:28", "level":"INFO", "message":"[BronzeExecutor] Processing symbol=PET batch_id=batch_PET_20260707071828_367e6faf", "caller":"/mnt/c/Users/Admin/Downloads/Project/Github/ETL_Project/scripts/deploy_full_pipeline.py:510"}
{"time":"2026-07-07T14:18:29", "level":"INFO", "message":"[BronzeIngester:PET] Start processing 101 records.", "caller":"/mnt/c/Users/Admin/Downloads/Project/Github/ETL_Project/scripts/deploy_full_pipeline.py:302"}
{"time":"2026-07-07T14:18:29", "level":"WARNING", "message":"[BronzeIngester:PET] No records passed DQ checks.", "caller":"/mnt/c/Users/Admin/Downloads/Project/Github/ETL_Project/scripts/deploy_full_pipeline.py:311"}
{"time":"2026-07-07T14:18:29", "level":"WARNING", "message":"[WARNING] 101 rejected records in bronze ingestion for PET | record_id=None", "caller":"/mnt/c/Users/Admin/Downloads/Project/Github/ETL_Project/platforms/processing/base_processing_subsystem/subsystem5_and_30_error_event_schema_and_escalate.py:114"}
{"time":"2026-07-07T14:18:29", "level":"INFO", "message":"[LINEAGE] external.cophieu68_PET -> bronze.bronze_stock_prices | op=APPEND | rows=0", "caller":"/mnt/c/Users/Admin/Downloads/Project/Github/ETL_Project/platforms/processing/base_processing_subsystem/subsystem34_metadata_repo.py:372"}
{"time":"2026-07-07T14:18:29", "level":"INFO", "message":"[BronzeExecutor] Processing symbol=PGC batch_id=batch_PGC_20260707071829_368f059d", "caller":"/mnt/c/Users/Admin/Downloads/Project/Github/ETL_Project/scripts/deploy_full_pipeline.py:510"}
{"time":"2026-07-07T14:18:30", "level":"INFO", "message":"[BronzeIngester:PGC] Start processing 101 records.", "caller":"/mnt/c/Users/Admin/Downloads/Project/Github/ETL_Project/scripts/deploy_full_pipeline.py:302"}
{"time":"2026-07-07T14:18:30", "level":"WARNING", "message":"[BronzeIngester:PGC] No records passed DQ checks.", "caller":"/mnt/c/Users/Admin/Downloads/Project/Github/ETL_Project/scripts/deploy_full_pipeline.py:311"}
{"time":"2026-07-07T14:18:30", "level":"WARNING", "message":"[WARNING] 101 rejected records in bronze ingestion for PGC | record_id=None", "caller":"/mnt/c/Users/Admin/Downloads/Project/Github/ETL_Project/platforms/processing/base_processing_subsystem/subsystem5_and_30_error_event_schema_and_escalate.py:114"}
{"time":"2026-07-07T14:18:30", "level":"INFO", "message":"[LINEAGE] external.cophieu68_PGC -> bronze.bronze_stock_prices | op=APPEND | rows=0", "caller":"/mnt/c/Users/Admin/Downloads/Project/Github/ETL_Project/platforms/processing/base_processing_subsystem/subsystem34_metadata_repo.py:372"}
{"time":"2026-07-07T14:18:30", "level":"INFO", "message":"[BronzeExecutor] Processing symbol=PGD batch_id=batch_PGD_20260707071830_a4149aea", "caller":"/mnt/c/Users/Admin/Downloads/Project/Github/ETL_Project/scripts/deploy_full_pipeline.py:510"}
{"time":"2026-07-07T14:18:30", "level":"INFO", "message":"[BronzeIngester:PGD] Start processing 101 records.", "caller":"/mnt/c/Users/Admin/Downloads/Project/Github/ETL_Project/scripts/deploy_full_pipeline.py:302"}
{"time":"2026-07-07T14:18:30", "level":"WARNING", "message":"[BronzeIngester:PGD] No records passed DQ checks.", "caller":"/mnt/c/Users/Admin/Downloads/Project/Github/ETL_Project/scripts/deploy_full_pipeline.py:311"}
{"time":"2026-07-07T14:18:30", "level":"WARNING", "message":"[WARNING] 101 rejected records in bronze ingestion for PGD | record_id=None", "caller":"/mnt/c/Users/Admin/Downloads/Project/Github/ETL_Project/platforms/processing/base_processing_subsystem/subsystem5_and_30_error_event_schema_and_escalate.py:114"}
{"time":"2026-07-07T14:18:30", "level":"INFO", "message":"[LINEAGE] external.cophieu68_PGD -> bronze.bronze_stock_prices | op=APPEND | rows=0", "caller":"/mnt/c/Users/Admin/Downloads/Project/Github/ETL_Project/platforms/processing/base_processing_subsystem/subsystem34_metadata_repo.py:372"}
{"time":"2026-07-07T14:18:30", "level":"INFO", "message":"[BronzeExecutor] Processing symbol=PGI batch_id=batch_PGI_20260707071830_9b045a0a", "caller":"/mnt/c/Users/Admin/Downloads/Project/Github/ETL_Project/scripts/deploy_full_pipeline.py:510"}
{"time":"2026-07-07T14:18:31", "level":"INFO", "message":"[BronzeIngester:PGI] Start processing 101 records.", "caller":"/mnt/c/Users/Admin/Downloads/Project/Github/ETL_Project/scripts/deploy_full_pipeline.py:302"}
{"time":"2026-07-07T14:18:31", "level":"WARNING", "message":"[BronzeIngester:PGI] No records passed DQ checks.", "caller":"/mnt/c/Users/Admin/Downloads/Project/Github/ETL_Project/scripts/deploy_full_pipeline.py:311"}
{"time":"2026-07-07T14:18:31", "level":"WARNING", "message":"[WARNING] 101 rejected records in bronze ingestion for PGI | record_id=None", "caller":"/mnt/c/Users/Admin/Downloads/Project/Github/ETL_Project/platforms/processing/base_processing_subsystem/subsystem5_and_30_error_event_schema_and_escalate.py:114"}
{"time":"2026-07-07T14:18:31", "level":"INFO", "message":"[LINEAGE] external.cophieu68_PGI -> bronze.bronze_stock_prices | op=APPEND | rows=0", "caller":"/mnt/c/Users/Admin/Downloads/Project/Github/ETL_Project/platforms/processing/base_processing_subsystem/subsystem34_metadata_repo.py:372"}
{"time":"2026-07-07T14:18:31", "level":"INFO", "message":"[BronzeExecutor] Processing symbol=PHC batch_id=batch_PHC_20260707071831_9890a51a", "caller":"/mnt/c/Users/Admin/Downloads/Project/Github/ETL_Project/scripts/deploy_full_pipeline.py:510"}
{"time":"2026-07-07T14:18:32", "level":"INFO", "message":"[BronzeIngester:PHC] Start processing 101 records.", "caller":"/mnt/c/Users/Admin/Downloads/Project/Github/ETL_Project/scripts/deploy_full_pipeline.py:302"}
{"time":"2026-07-07T14:18:32", "level":"WARNING", "message":"[BronzeIngester:PHC] No records passed DQ checks.", "caller":"/mnt/c/Users/Admin/Downloads/Project/Github/ETL_Project/scripts/deploy_full_pipeline.py:311"}
{"time":"2026-07-07T14:18:32", "level":"WARNING", "message":"[WARNING] 101 rejected records in bronze ingestion for PHC | record_id=None", "caller":"/mnt/c/Users/Admin/Downloads/Project/Github/ETL_Project/platforms/processing/base_processing_subsystem/subsystem5_and_30_error_event_schema_and_escalate.py:114"}
{"time":"2026-07-07T14:18:32", "level":"INFO", "message":"[LINEAGE] external.cophieu68_PHC -> bronze.bronze_stock_prices | op=APPEND | rows=0", "caller":"/mnt/c/Users/Admin/Downloads/Project/Github/ETL_Project/platforms/processing/base_processing_subsystem/subsystem34_metadata_repo.py:372"}
{"time":"2026-07-07T14:18:32", "level":"INFO", "message":"[BronzeExecutor] Processing symbol=PHR batch_id=batch_PHR_20260707071832_0dfc8cb6", "caller":"/mnt/c/Users/Admin/Downloads/Project/Github/ETL_Project/scripts/deploy_full_pipeline.py:510"}
{"time":"2026-07-07T14:18:33", "level":"INFO", "message":"[BronzeIngester:PHR] Start processing 101 records.", "caller":"/mnt/c/Users/Admin/Downloads/Project/Github/ETL_Project/scripts/deploy_full_pipeline.py:302"}
{"time":"2026-07-07T14:18:33", "level":"WARNING", "message":"[BronzeIngester:PHR] No records passed DQ checks.", "caller":"/mnt/c/Users/Admin/Downloads/Project/Github/ETL_Project/scripts/deploy_full_pipeline.py:311"}
{"time":"2026-07-07T14:18:33", "level":"WARNING", "message":"[WARNING] 101 rejected records in bronze ingestion for PHR | record_id=None", "caller":"/mnt/c/Users/Admin/Downloads/Project/Github/ETL_Project/platforms/processing/base_processing_subsystem/subsystem5_and_30_error_event_schema_and_escalate.py:114"}
{"time":"2026-07-07T14:18:33", "level":"INFO", "message":"[LINEAGE] external.cophieu68_PHR -> bronze.bronze_stock_prices | op=APPEND | rows=0", "caller":"/mnt/c/Users/Admin/Downloads/Project/Github/ETL_Project/platforms/processing/base_processing_subsystem/subsystem34_metadata_repo.py:372"}
{"time":"2026-07-07T14:18:33", "level":"INFO", "message":"[BronzeExecutor] Processing symbol=PIT batch_id=batch_PIT_20260707071833_db9246ee", "caller":"/mnt/c/Users/Admin/Downloads/Project/Github/ETL_Project/scripts/deploy_full_pipeline.py:510"}
{"time":"2026-07-07T14:18:33", "level":"INFO", "message":"[BronzeIngester:PIT] Start processing 101 records.", "caller":"/mnt/c/Users/Admin/Downloads/Project/Github/ETL_Project/scripts/deploy_full_pipeline.py:302"}
{"time":"2026-07-07T14:18:33", "level":"WARNING", "message":"[BronzeIngester:PIT] No records passed DQ checks.", "caller":"/mnt/c/Users/Admin/Downloads/Project/Github/ETL_Project/scripts/deploy_full_pipeline.py:311"}
{"time":"2026-07-07T14:18:33", "level":"WARNING", "message":"[WARNING] 101 rejected records in bronze ingestion for PIT | record_id=None", "caller":"/mnt/c/Users/Admin/Downloads/Project/Github/ETL_Project/platforms/processing/base_processing_subsystem/subsystem5_and_30_error_event_schema_and_escalate.py:114"}
{"time":"2026-07-07T14:18:33", "level":"INFO", "message":"[LINEAGE] external.cophieu68_PIT -> bronze.bronze_stock_prices | op=APPEND | rows=0", "caller":"/mnt/c/Users/Admin/Downloads/Project/Github/ETL_Project/platforms/processing/base_processing_subsystem/subsystem34_metadata_repo.py:372"}
{"time":"2026-07-07T14:18:33", "level":"INFO", "message":"[BronzeExecutor] Processing symbol=PJT batch_id=batch_PJT_20260707071833_6173ad95", "caller":"/mnt/c/Users/Admin/Downloads/Project/Github/ETL_Project/scripts/deploy_full_pipeline.py:510"}
{"time":"2026-07-07T14:18:34", "level":"INFO", "message":"[BronzeIngester:PJT] Start processing 101 records.", "caller":"/mnt/c/Users/Admin/Downloads/Project/Github/ETL_Project/scripts/deploy_full_pipeline.py:302"}
{"time":"2026-07-07T14:18:34", "level":"WARNING", "message":"[BronzeIngester:PJT] No records passed DQ checks.", "caller":"/mnt/c/Users/Admin/Downloads/Project/Github/ETL_Project/scripts/deploy_full_pipeline.py:311"}
{"time":"2026-07-07T14:18:34", "level":"WARNING", "message":"[WARNING] 101 rejected records in bronze ingestion for PJT | record_id=None", "caller":"/mnt/c/Users/Admin/Downloads/Project/Github/ETL_Project/platforms/processing/base_processing_subsystem/subsystem5_and_30_error_event_schema_and_escalate.py:114"}
{"time":"2026-07-07T14:18:34", "level":"INFO", "message":"[LINEAGE] external.cophieu68_PJT -> bronze.bronze_stock_prices | op=APPEND | rows=0", "caller":"/mnt/c/Users/Admin/Downloads/Project/Github/ETL_Project/platforms/processing/base_processing_subsystem/subsystem34_metadata_repo.py:372"}
{"time":"2026-07-07T14:18:34", "level":"INFO", "message":"[BronzeExecutor] Processing symbol=PLP batch_id=batch_PLP_20260707071834_c2b24a00", "caller":"/mnt/c/Users/Admin/Downloads/Project/Github/ETL_Project/scripts/deploy_full_pipeline.py:510"}
{"time":"2026-07-07T14:18:35", "level":"INFO", "message":"[BronzeIngester:PLP] Start processing 101 records.", "caller":"/mnt/c/Users/Admin/Downloads/Project/Github/ETL_Project/scripts/deploy_full_pipeline.py:302"}
{"time":"2026-07-07T14:18:35", "level":"WARNING", "message":"[BronzeIngester:PLP] No records passed DQ checks.", "caller":"/mnt/c/Users/Admin/Downloads/Project/Github/ETL_Project/scripts/deploy_full_pipeline.py:311"}
{"time":"2026-07-07T14:18:35", "level":"WARNING", "message":"[WARNING] 101 rejected records in bronze ingestion for PLP | record_id=None", "caller":"/mnt/c/Users/Admin/Downloads/Project/Github/ETL_Project/platforms/processing/base_processing_subsystem/subsystem5_and_30_error_event_schema_and_escalate.py:114"}
{"time":"2026-07-07T14:18:35", "level":"INFO", "message":"[LINEAGE] external.cophieu68_PLP -> bronze.bronze_stock_prices | op=APPEND | rows=0", "caller":"/mnt/c/Users/Admin/Downloads/Project/Github/ETL_Project/platforms/processing/base_processing_subsystem/subsystem34_metadata_repo.py:372"}
{"time":"2026-07-07T14:18:35", "level":"INFO", "message":"[BronzeExecutor] Processing symbol=PLX batch_id=batch_PLX_20260707071835_05dedf99", "caller":"/mnt/c/Users/Admin/Downloads/Project/Github/ETL_Project/scripts/deploy_full_pipeline.py:510"}
{"time":"2026-07-07T14:18:36", "level":"INFO", "message":"[BronzeIngester:PLX] Start processing 101 records.", "caller":"/mnt/c/Users/Admin/Downloads/Project/Github/ETL_Project/scripts/deploy_full_pipeline.py:302"}
{"time":"2026-07-07T14:18:36", "level":"WARNING", "message":"[BronzeIngester:PLX] No records passed DQ checks.", "caller":"/mnt/c/Users/Admin/Downloads/Project/Github/ETL_Project/scripts/deploy_full_pipeline.py:311"}
{"time":"2026-07-07T14:18:36", "level":"WARNING", "message":"[WARNING] 101 rejected records in bronze ingestion for PLX | record_id=None", "caller":"/mnt/c/Users/Admin/Downloads/Project/Github/ETL_Project/platforms/processing/base_processing_subsystem/subsystem5_and_30_error_event_schema_and_escalate.py:114"}
{"time":"2026-07-07T14:18:36", "level":"INFO", "message":"[LINEAGE] external.cophieu68_PLX -> bronze.bronze_stock_prices | op=APPEND | rows=0", "caller":"/mnt/c/Users/Admin/Downloads/Project/Github/ETL_Project/platforms/processing/base_processing_subsystem/subsystem34_metadata_repo.py:372"}
{"time":"2026-07-07T14:18:36", "level":"INFO", "message":"[BronzeExecutor] Processing symbol=PMG batch_id=batch_PMG_20260707071836_2def9594", "caller":"/mnt/c/Users/Admin/Downloads/Project/Github/ETL_Project/scripts/deploy_full_pipeline.py:510"}
{"time":"2026-07-07T14:18:36", "level":"INFO", "message":"[BronzeIngester:PMG] Start processing 101 records.", "caller":"/mnt/c/Users/Admin/Downloads/Project/Github/ETL_Project/scripts/deploy_full_pipeline.py:302"}
{"time":"2026-07-07T14:18:36", "level":"WARNING", "message":"[BronzeIngester:PMG] No records passed DQ checks.", "caller":"/mnt/c/Users/Admin/Downloads/Project/Github/ETL_Project/scripts/deploy_full_pipeline.py:311"}
{"time":"2026-07-07T14:18:36", "level":"WARNING", "message":"[WARNING] 101 rejected records in bronze ingestion for PMG | record_id=None", "caller":"/mnt/c/Users/Admin/Downloads/Project/Github/ETL_Project/platforms/processing/base_processing_subsystem/subsystem5_and_30_error_event_schema_and_escalate.py:114"}
{"time":"2026-07-07T14:18:36", "level":"INFO", "message":"[LINEAGE] external.cophieu68_PMG -> bronze.bronze_stock_prices | op=APPEND | rows=0", "caller":"/mnt/c/Users/Admin/Downloads/Project/Github/ETL_Project/platforms/processing/base_processing_subsystem/subsystem34_metadata_repo.py:372"}
{"time":"2026-07-07T14:18:36", "level":"INFO", "message":"[BronzeExecutor] Processing symbol=PNC batch_id=batch_PNC_20260707071836_3b9d24e3", "caller":"/mnt/c/Users/Admin/Downloads/Project/Github/ETL_Project/scripts/deploy_full_pipeline.py:510"}
{"time":"2026-07-07T14:18:37", "level":"INFO", "message":"[BronzeIngester:PNC] Start processing 101 records.", "caller":"/mnt/c/Users/Admin/Downloads/Project/Github/ETL_Project/scripts/deploy_full_pipeline.py:302"}
{"time":"2026-07-07T14:18:37", "level":"WARNING", "message":"[BronzeIngester:PNC] No records passed DQ checks.", "caller":"/mnt/c/Users/Admin/Downloads/Project/Github/ETL_Project/scripts/deploy_full_pipeline.py:311"}
{"time":"2026-07-07T14:18:37", "level":"WARNING", "message":"[WARNING] 101 rejected records in bronze ingestion for PNC | record_id=None", "caller":"/mnt/c/Users/Admin/Downloads/Project/Github/ETL_Project/platforms/processing/base_processing_subsystem/subsystem5_and_30_error_event_schema_and_escalate.py:114"}
{"time":"2026-07-07T14:18:37", "level":"INFO", "message":"[LINEAGE] external.cophieu68_PNC -> bronze.bronze_stock_prices | op=APPEND | rows=0", "caller":"/mnt/c/Users/Admin/Downloads/Project/Github/ETL_Project/platforms/processing/base_processing_subsystem/subsystem34_metadata_repo.py:372"}
{"time":"2026-07-07T14:18:37", "level":"INFO", "message":"[BronzeExecutor] Processing symbol=PNJ batch_id=batch_PNJ_20260707071837_66a6132d", "caller":"/mnt/c/Users/Admin/Downloads/Project/Github/ETL_Project/scripts/deploy_full_pipeline.py:510"}
{"time":"2026-07-07T14:18:38", "level":"INFO", "message":"[BronzeIngester:PNJ] Start processing 101 records.", "caller":"/mnt/c/Users/Admin/Downloads/Project/Github/ETL_Project/scripts/deploy_full_pipeline.py:302"}
{"time":"2026-07-07T14:18:38", "level":"WARNING", "message":"[BronzeIngester:PNJ] No records passed DQ checks.", "caller":"/mnt/c/Users/Admin/Downloads/Project/Github/ETL_Project/scripts/deploy_full_pipeline.py:311"}
{"time":"2026-07-07T14:18:38", "level":"WARNING", "message":"[WARNING] 101 rejected records in bronze ingestion for PNJ | record_id=None", "caller":"/mnt/c/Users/Admin/Downloads/Project/Github/ETL_Project/platforms/processing/base_processing_subsystem/subsystem5_and_30_error_event_schema_and_escalate.py:114"}
{"time":"2026-07-07T14:18:38", "level":"INFO", "message":"[LINEAGE] external.cophieu68_PNJ -> bronze.bronze_stock_prices | op=APPEND | rows=0", "caller":"/mnt/c/Users/Admin/Downloads/Project/Github/ETL_Project/platforms/processing/base_processing_subsystem/subsystem34_metadata_repo.py:372"}
{"time":"2026-07-07T14:18:38", "level":"INFO", "message":"[BronzeExecutor] Processing symbol=POW batch_id=batch_POW_20260707071838_d704068b", "caller":"/mnt/c/Users/Admin/Downloads/Project/Github/ETL_Project/scripts/deploy_full_pipeline.py:510"}
{"time":"2026-07-07T14:18:39", "level":"INFO", "message":"[BronzeIngester:POW] Start processing 101 records.", "caller":"/mnt/c/Users/Admin/Downloads/Project/Github/ETL_Project/scripts/deploy_full_pipeline.py:302"}
{"time":"2026-07-07T14:18:39", "level":"WARNING", "message":"[BronzeIngester:POW] No records passed DQ checks.", "caller":"/mnt/c/Users/Admin/Downloads/Project/Github/ETL_Project/scripts/deploy_full_pipeline.py:311"}
{"time":"2026-07-07T14:18:39", "level":"WARNING", "message":"[WARNING] 101 rejected records in bronze ingestion for POW | record_id=None", "caller":"/mnt/c/Users/Admin/Downloads/Project/Github/ETL_Project/platforms/processing/base_processing_subsystem/subsystem5_and_30_error_event_schema_and_escalate.py:114"}
{"time":"2026-07-07T14:18:39", "level":"INFO", "message":"[LINEAGE] external.cophieu68_POW -> bronze.bronze_stock_prices | op=APPEND | rows=0", "caller":"/mnt/c/Users/Admin/Downloads/Project/Github/ETL_Project/platforms/processing/base_processing_subsystem/subsystem34_metadata_repo.py:372"}
{"time":"2026-07-07T14:18:39", "level":"INFO", "message":"[BronzeExecutor] Processing symbol=PPC batch_id=batch_PPC_20260707071839_3efbc2a0", "caller":"/mnt/c/Users/Admin/Downloads/Project/Github/ETL_Project/scripts/deploy_full_pipeline.py:510"}
{"time":"2026-07-07T14:18:39", "level":"INFO", "message":"[BronzeIngester:PPC] Start processing 101 records.", "caller":"/mnt/c/Users/Admin/Downloads/Project/Github/ETL_Project/scripts/deploy_full_pipeline.py:302"}
{"time":"2026-07-07T14:18:39", "level":"WARNING", "message":"[BronzeIngester:PPC] No records passed DQ checks.", "caller":"/mnt/c/Users/Admin/Downloads/Project/Github/ETL_Project/scripts/deploy_full_pipeline.py:311"}
{"time":"2026-07-07T14:18:39", "level":"WARNING", "message":"[WARNING] 101 rejected records in bronze ingestion for PPC | record_id=None", "caller":"/mnt/c/Users/Admin/Downloads/Project/Github/ETL_Project/platforms/processing/base_processing_subsystem/subsystem5_and_30_error_event_schema_and_escalate.py:114"}
{"time":"2026-07-07T14:18:39", "level":"INFO", "message":"[LINEAGE] external.cophieu68_PPC -> bronze.bronze_stock_prices | op=APPEND | rows=0", "caller":"/mnt/c/Users/Admin/Downloads/Project/Github/ETL_Project/platforms/processing/base_processing_subsystem/subsystem34_metadata_repo.py:372"}
{"time":"2026-07-07T14:18:39", "level":"INFO", "message":"[BronzeExecutor] Processing symbol=PSH batch_id=batch_PSH_20260707071839_da9a7569", "caller":"/mnt/c/Users/Admin/Downloads/Project/Github/ETL_Project/scripts/deploy_full_pipeline.py:510"}
{"time":"2026-07-07T14:18:41", "level":"INFO", "message":"[BronzeIngester:PSH] Start processing 101 records.", "caller":"/mnt/c/Users/Admin/Downloads/Project/Github/ETL_Project/scripts/deploy_full_pipeline.py:302"}
{"time":"2026-07-07T14:18:41", "level":"WARNING", "message":"[BronzeIngester:PSH] No records passed DQ checks.", "caller":"/mnt/c/Users/Admin/Downloads/Project/Github/ETL_Project/scripts/deploy_full_pipeline.py:311"}
{"time":"2026-07-07T14:18:41", "level":"WARNING", "message":"[WARNING] 101 rejected records in bronze ingestion for PSH | record_id=None", "caller":"/mnt/c/Users/Admin/Downloads/Project/Github/ETL_Project/platforms/processing/base_processing_subsystem/subsystem5_and_30_error_event_schema_and_escalate.py:114"}
{"time":"2026-07-07T14:18:41", "level":"INFO", "message":"[LINEAGE] external.cophieu68_PSH -> bronze.bronze_stock_prices | op=APPEND | rows=0", "caller":"/mnt/c/Users/Admin/Downloads/Project/Github/ETL_Project/platforms/processing/base_processing_subsystem/subsystem34_metadata_repo.py:372"}
{"time":"2026-07-07T14:18:41", "level":"INFO", "message":"[BronzeExecutor] Processing symbol=PTB batch_id=batch_PTB_20260707071841_b3e28729", "caller":"/mnt/c/Users/Admin/Downloads/Project/Github/ETL_Project/scripts/deploy_full_pipeline.py:510"}
{"time":"2026-07-07T14:18:39", "level":"INFO", "message":"[BronzeIngester:PTB] Start processing 101 records.", "caller":"/mnt/c/Users/Admin/Downloads/Project/Github/ETL_Project/scripts/deploy_full_pipeline.py:302"}
{"time":"2026-07-07T14:18:39", "level":"WARNING", "message":"[BronzeIngester:PTB] No records passed DQ checks.", "caller":"/mnt/c/Users/Admin/Downloads/Project/Github/ETL_Project/scripts/deploy_full_pipeline.py:311"}
{"time":"2026-07-07T14:18:39", "level":"WARNING", "message":"[WARNING] 101 rejected records in bronze ingestion for PTB | record_id=None", "caller":"/mnt/c/Users/Admin/Downloads/Project/Github/ETL_Project/platforms/processing/base_processing_subsystem/subsystem5_and_30_error_event_schema_and_escalate.py:114"}
{"time":"2026-07-07T14:18:40", "level":"INFO", "message":"[LINEAGE] external.cophieu68_PTB -> bronze.bronze_stock_prices | op=APPEND | rows=0", "caller":"/mnt/c/Users/Admin/Downloads/Project/Github/ETL_Project/platforms/processing/base_processing_subsystem/subsystem34_metadata_repo.py:372"}
{"time":"2026-07-07T14:18:40", "level":"INFO", "message":"[BronzeExecutor] Processing symbol=PTC batch_id=batch_PTC_20260707071840_a67c7e62", "caller":"/mnt/c/Users/Admin/Downloads/Project/Github/ETL_Project/scripts/deploy_full_pipeline.py:510"}
{"time":"2026-07-07T14:18:40", "level":"INFO", "message":"[BronzeIngester:PTC] Start processing 101 records.", "caller":"/mnt/c/Users/Admin/Downloads/Project/Github/ETL_Project/scripts/deploy_full_pipeline.py:302"}
{"time":"2026-07-07T14:18:40", "level":"WARNING", "message":"[BronzeIngester:PTC] No records passed DQ checks.", "caller":"/mnt/c/Users/Admin/Downloads/Project/Github/ETL_Project/scripts/deploy_full_pipeline.py:311"}
{"time":"2026-07-07T14:18:40", "level":"WARNING", "message":"[WARNING] 101 rejected records in bronze ingestion for PTC | record_id=None", "caller":"/mnt/c/Users/Admin/Downloads/Project/Github/ETL_Project/platforms/processing/base_processing_subsystem/subsystem5_and_30_error_event_schema_and_escalate.py:114"}
{"time":"2026-07-07T14:18:40", "level":"INFO", "message":"[LINEAGE] external.cophieu68_PTC -> bronze.bronze_stock_prices | op=APPEND | rows=0", "caller":"/mnt/c/Users/Admin/Downloads/Project/Github/ETL_Project/platforms/processing/base_processing_subsystem/subsystem34_metadata_repo.py:372"}
{"time":"2026-07-07T14:18:40", "level":"INFO", "message":"[BronzeExecutor] Processing symbol=PTL batch_id=batch_PTL_20260707071840_5ae27cf8", "caller":"/mnt/c/Users/Admin/Downloads/Project/Github/ETL_Project/scripts/deploy_full_pipeline.py:510"}
{"time":"2026-07-07T14:18:41", "level":"INFO", "message":"[BronzeIngester:PTL] Start processing 101 records.", "caller":"/mnt/c/Users/Admin/Downloads/Project/Github/ETL_Project/scripts/deploy_full_pipeline.py:302"}
{"time":"2026-07-07T14:18:41", "level":"WARNING", "message":"[BronzeIngester:PTL] No records passed DQ checks.", "caller":"/mnt/c/Users/Admin/Downloads/Project/Github/ETL_Project/scripts/deploy_full_pipeline.py:311"}
{"time":"2026-07-07T14:18:41", "level":"WARNING", "message":"[WARNING] 101 rejected records in bronze ingestion for PTL | record_id=None", "caller":"/mnt/c/Users/Admin/Downloads/Project/Github/ETL_Project/platforms/processing/base_processing_subsystem/subsystem5_and_30_error_event_schema_and_escalate.py:114"}
{"time":"2026-07-07T14:18:41", "level":"INFO", "message":"[LINEAGE] external.cophieu68_PTL -> bronze.bronze_stock_prices | op=APPEND | rows=0", "caller":"/mnt/c/Users/Admin/Downloads/Project/Github/ETL_Project/platforms/processing/base_processing_subsystem/subsystem34_metadata_repo.py:372"}
{"time":"2026-07-07T14:18:41", "level":"INFO", "message":"[BronzeExecutor] Processing symbol=PVD batch_id=batch_PVD_20260707071841_36aa44c3", "caller":"/mnt/c/Users/Admin/Downloads/Project/Github/ETL_Project/scripts/deploy_full_pipeline.py:510"}
{"time":"2026-07-07T14:18:42", "level":"INFO", "message":"[BronzeIngester:PVD] Start processing 101 records.", "caller":"/mnt/c/Users/Admin/Downloads/Project/Github/ETL_Project/scripts/deploy_full_pipeline.py:302"}
{"time":"2026-07-07T14:18:42", "level":"WARNING", "message":"[BronzeIngester:PVD] No records passed DQ checks.", "caller":"/mnt/c/Users/Admin/Downloads/Project/Github/ETL_Project/scripts/deploy_full_pipeline.py:311"}
{"time":"2026-07-07T14:18:42", "level":"WARNING", "message":"[WARNING] 101 rejected records in bronze ingestion for PVD | record_id=None", "caller":"/mnt/c/Users/Admin/Downloads/Project/Github/ETL_Project/platforms/processing/base_processing_subsystem/subsystem5_and_30_error_event_schema_and_escalate.py:114"}
{"time":"2026-07-07T14:18:42", "level":"INFO", "message":"[LINEAGE] external.cophieu68_PVD -> bronze.bronze_stock_prices | op=APPEND | rows=0", "caller":"/mnt/c/Users/Admin/Downloads/Project/Github/ETL_Project/platforms/processing/base_processing_subsystem/subsystem34_metadata_repo.py:372"}
{"time":"2026-07-07T14:18:42", "level":"INFO", "message":"[BronzeExecutor] Processing symbol=PVT batch_id=batch_PVT_20260707071842_9db608c8", "caller":"/mnt/c/Users/Admin/Downloads/Project/Github/ETL_Project/scripts/deploy_full_pipeline.py:510"}
{"time":"2026-07-07T14:18:42", "level":"INFO", "message":"[BronzeIngester:PVT] Start processing 101 records.", "caller":"/mnt/c/Users/Admin/Downloads/Project/Github/ETL_Project/scripts/deploy_full_pipeline.py:302"}
{"time":"2026-07-07T14:18:42", "level":"WARNING", "message":"[BronzeIngester:PVT] No records passed DQ checks.", "caller":"/mnt/c/Users/Admin/Downloads/Project/Github/ETL_Project/scripts/deploy_full_pipeline.py:311"}
{"time":"2026-07-07T14:18:42", "level":"WARNING", "message":"[WARNING] 101 rejected records in bronze ingestion for PVT | record_id=None", "caller":"/mnt/c/Users/Admin/Downloads/Project/Github/ETL_Project/platforms/processing/base_processing_subsystem/subsystem5_and_30_error_event_schema_and_escalate.py:114"}
{"time":"2026-07-07T14:18:42", "level":"INFO", "message":"[LINEAGE] external.cophieu68_PVT -> bronze.bronze_stock_prices | op=APPEND | rows=0", "caller":"/mnt/c/Users/Admin/Downloads/Project/Github/ETL_Project/platforms/processing/base_processing_subsystem/subsystem34_metadata_repo.py:372"}
{"time":"2026-07-07T14:18:42", "level":"INFO", "message":"[BronzeExecutor] Processing symbol=PXI batch_id=batch_PXI_20260707071842_5456447e", "caller":"/mnt/c/Users/Admin/Downloads/Project/Github/ETL_Project/scripts/deploy_full_pipeline.py:510"}
{"time":"2026-07-07T14:18:43", "level":"INFO", "message":"[BronzeIngester:PXI] Start processing 101 records.", "caller":"/mnt/c/Users/Admin/Downloads/Project/Github/ETL_Project/scripts/deploy_full_pipeline.py:302"}
{"time":"2026-07-07T14:18:43", "level":"WARNING", "message":"[BronzeIngester:PXI] No records passed DQ checks.", "caller":"/mnt/c/Users/Admin/Downloads/Project/Github/ETL_Project/scripts/deploy_full_pipeline.py:311"}
{"time":"2026-07-07T14:18:43", "level":"WARNING", "message":"[WARNING] 101 rejected records in bronze ingestion for PXI | record_id=None", "caller":"/mnt/c/Users/Admin/Downloads/Project/Github/ETL_Project/platforms/processing/base_processing_subsystem/subsystem5_and_30_error_event_schema_and_escalate.py:114"}
{"time":"2026-07-07T14:18:43", "level":"INFO", "message":"[LINEAGE] external.cophieu68_PXI -> bronze.bronze_stock_prices | op=APPEND | rows=0", "caller":"/mnt/c/Users/Admin/Downloads/Project/Github/ETL_Project/platforms/processing/base_processing_subsystem/subsystem34_metadata_repo.py:372"}
{"time":"2026-07-07T14:18:43", "level":"INFO", "message":"[BronzeExecutor] Processing symbol=PXS batch_id=batch_PXS_20260707071843_ec4a588b", "caller":"/mnt/c/Users/Admin/Downloads/Project/Github/ETL_Project/scripts/deploy_full_pipeline.py:510"}
{"time":"2026-07-07T14:18:44", "level":"INFO", "message":"[BronzeIngester:PXS] Start processing 101 records.", "caller":"/mnt/c/Users/Admin/Downloads/Project/Github/ETL_Project/scripts/deploy_full_pipeline.py:302"}
{"time":"2026-07-07T14:18:44", "level":"WARNING", "message":"[BronzeIngester:PXS] No records passed DQ checks.", "caller":"/mnt/c/Users/Admin/Downloads/Project/Github/ETL_Project/scripts/deploy_full_pipeline.py:311"}
{"time":"2026-07-07T14:18:44", "level":"WARNING", "message":"[WARNING] 101 rejected records in bronze ingestion for PXS | record_id=None", "caller":"/mnt/c/Users/Admin/Downloads/Project/Github/ETL_Project/platforms/processing/base_processing_subsystem/subsystem5_and_30_error_event_schema_and_escalate.py:114"}
{"time":"2026-07-07T14:18:44", "level":"INFO", "message":"[LINEAGE] external.cophieu68_PXS -> bronze.bronze_stock_prices | op=APPEND | rows=0", "caller":"/mnt/c/Users/Admin/Downloads/Project/Github/ETL_Project/platforms/processing/base_processing_subsystem/subsystem34_metadata_repo.py:372"}
{"time":"2026-07-07T14:18:44", "level":"INFO", "message":"[BronzeExecutor] Processing symbol=QCG batch_id=batch_QCG_20260707071844_1ea66248", "caller":"/mnt/c/Users/Admin/Downloads/Project/Github/ETL_Project/scripts/deploy_full_pipeline.py:510"}
{"time":"2026-07-07T14:18:45", "level":"INFO", "message":"[BronzeIngester:QCG] Start processing 101 records.", "caller":"/mnt/c/Users/Admin/Downloads/Project/Github/ETL_Project/scripts/deploy_full_pipeline.py:302"}
{"time":"2026-07-07T14:18:45", "level":"WARNING", "message":"[BronzeIngester:QCG] No records passed DQ checks.", "caller":"/mnt/c/Users/Admin/Downloads/Project/Github/ETL_Project/scripts/deploy_full_pipeline.py:311"}
{"time":"2026-07-07T14:18:45", "level":"WARNING", "message":"[WARNING] 101 rejected records in bronze ingestion for QCG | record_id=None", "caller":"/mnt/c/Users/Admin/Downloads/Project/Github/ETL_Project/platforms/processing/base_processing_subsystem/subsystem5_and_30_error_event_schema_and_escalate.py:114"}
{"time":"2026-07-07T14:18:45", "level":"INFO", "message":"[LINEAGE] external.cophieu68_QCG -> bronze.bronze_stock_prices | op=APPEND | rows=0", "caller":"/mnt/c/Users/Admin/Downloads/Project/Github/ETL_Project/platforms/processing/base_processing_subsystem/subsystem34_metadata_repo.py:372"}
{"time":"2026-07-07T14:18:45", "level":"INFO", "message":"[BronzeExecutor] Processing symbol=RAL batch_id=batch_RAL_20260707071845_5e8bba0c", "caller":"/mnt/c/Users/Admin/Downloads/Project/Github/ETL_Project/scripts/deploy_full_pipeline.py:510"}
{"time":"2026-07-07T14:18:45", "level":"INFO", "message":"[BronzeIngester:RAL] Start processing 101 records.", "caller":"/mnt/c/Users/Admin/Downloads/Project/Github/ETL_Project/scripts/deploy_full_pipeline.py:302"}
{"time":"2026-07-07T14:18:45", "level":"WARNING", "message":"[BronzeIngester:RAL] No records passed DQ checks.", "caller":"/mnt/c/Users/Admin/Downloads/Project/Github/ETL_Project/scripts/deploy_full_pipeline.py:311"}
{"time":"2026-07-07T14:18:45", "level":"WARNING", "message":"[WARNING] 101 rejected records in bronze ingestion for RAL | record_id=None", "caller":"/mnt/c/Users/Admin/Downloads/Project/Github/ETL_Project/platforms/processing/base_processing_subsystem/subsystem5_and_30_error_event_schema_and_escalate.py:114"}
{"time":"2026-07-07T14:18:45", "level":"INFO", "message":"[LINEAGE] external.cophieu68_RAL -> bronze.bronze_stock_prices | op=APPEND | rows=0", "caller":"/mnt/c/Users/Admin/Downloads/Project/Github/ETL_Project/platforms/processing/base_processing_subsystem/subsystem34_metadata_repo.py:372"}
{"time":"2026-07-07T14:18:45", "level":"INFO", "message":"[BronzeExecutor] Processing symbol=RDP batch_id=batch_RDP_20260707071845_c89061e2", "caller":"/mnt/c/Users/Admin/Downloads/Project/Github/ETL_Project/scripts/deploy_full_pipeline.py:510"}
{"time":"2026-07-07T14:18:46", "level":"INFO", "message":"[BronzeIngester:RDP] Start processing 101 records.", "caller":"/mnt/c/Users/Admin/Downloads/Project/Github/ETL_Project/scripts/deploy_full_pipeline.py:302"}
{"time":"2026-07-07T14:18:46", "level":"WARNING", "message":"[BronzeIngester:RDP] No records passed DQ checks.", "caller":"/mnt/c/Users/Admin/Downloads/Project/Github/ETL_Project/scripts/deploy_full_pipeline.py:311"}
{"time":"2026-07-07T14:18:46", "level":"WARNING", "message":"[WARNING] 101 rejected records in bronze ingestion for RDP | record_id=None", "caller":"/mnt/c/Users/Admin/Downloads/Project/Github/ETL_Project/platforms/processing/base_processing_subsystem/subsystem5_and_30_error_event_schema_and_escalate.py:114"}
{"time":"2026-07-07T14:18:46", "level":"INFO", "message":"[LINEAGE] external.cophieu68_RDP -> bronze.bronze_stock_prices | op=APPEND | rows=0", "caller":"/mnt/c/Users/Admin/Downloads/Project/Github/ETL_Project/platforms/processing/base_processing_subsystem/subsystem34_metadata_repo.py:372"}
{"time":"2026-07-07T14:18:46", "level":"INFO", "message":"[BronzeExecutor] Processing symbol=REE batch_id=batch_REE_20260707071846_739c5484", "caller":"/mnt/c/Users/Admin/Downloads/Project/Github/ETL_Project/scripts/deploy_full_pipeline.py:510"}
{"time":"2026-07-07T14:18:47", "level":"INFO", "message":"[BronzeIngester:REE] Start processing 101 records.", "caller":"/mnt/c/Users/Admin/Downloads/Project/Github/ETL_Project/scripts/deploy_full_pipeline.py:302"}
{"time":"2026-07-07T14:18:47", "level":"WARNING", "message":"[BronzeIngester:REE] No records passed DQ checks.", "caller":"/mnt/c/Users/Admin/Downloads/Project/Github/ETL_Project/scripts/deploy_full_pipeline.py:311"}
{"time":"2026-07-07T14:18:47", "level":"WARNING", "message":"[WARNING] 101 rejected records in bronze ingestion for REE | record_id=None", "caller":"/mnt/c/Users/Admin/Downloads/Project/Github/ETL_Project/platforms/processing/base_processing_subsystem/subsystem5_and_30_error_event_schema_and_escalate.py:114"}
{"time":"2026-07-07T14:18:47", "level":"INFO", "message":"[LINEAGE] external.cophieu68_REE -> bronze.bronze_stock_prices | op=APPEND | rows=0", "caller":"/mnt/c/Users/Admin/Downloads/Project/Github/ETL_Project/platforms/processing/base_processing_subsystem/subsystem34_metadata_repo.py:372"}
{"time":"2026-07-07T14:18:47", "level":"INFO", "message":"[BronzeExecutor] Processing symbol=RIC batch_id=batch_RIC_20260707071847_683999de", "caller":"/mnt/c/Users/Admin/Downloads/Project/Github/ETL_Project/scripts/deploy_full_pipeline.py:510"}
{"time":"2026-07-07T14:18:47", "level":"INFO", "message":"[BronzeIngester:RIC] Start processing 101 records.", "caller":"/mnt/c/Users/Admin/Downloads/Project/Github/ETL_Project/scripts/deploy_full_pipeline.py:302"}
{"time":"2026-07-07T14:18:47", "level":"WARNING", "message":"[BronzeIngester:RIC] No records passed DQ checks.", "caller":"/mnt/c/Users/Admin/Downloads/Project/Github/ETL_Project/scripts/deploy_full_pipeline.py:311"}
{"time":"2026-07-07T14:18:48", "level":"WARNING", "message":"[WARNING] 101 rejected records in bronze ingestion for RIC | record_id=None", "caller":"/mnt/c/Users/Admin/Downloads/Project/Github/ETL_Project/platforms/processing/base_processing_subsystem/subsystem5_and_30_error_event_schema_and_escalate.py:114"}
{"time":"2026-07-07T14:18:48", "level":"INFO", "message":"[LINEAGE] external.cophieu68_RIC -> bronze.bronze_stock_prices | op=APPEND | rows=0", "caller":"/mnt/c/Users/Admin/Downloads/Project/Github/ETL_Project/platforms/processing/base_processing_subsystem/subsystem34_metadata_repo.py:372"}
{"time":"2026-07-07T14:18:48", "level":"INFO", "message":"[BronzeExecutor] Processing symbol=S4A batch_id=batch_S4A_20260707071848_9ac70658", "caller":"/mnt/c/Users/Admin/Downloads/Project/Github/ETL_Project/scripts/deploy_full_pipeline.py:510"}
{"time":"2026-07-07T14:18:48", "level":"INFO", "message":"[BronzeIngester:S4A] Start processing 101 records.", "caller":"/mnt/c/Users/Admin/Downloads/Project/Github/ETL_Project/scripts/deploy_full_pipeline.py:302"}
{"time":"2026-07-07T14:18:48", "level":"WARNING", "message":"[BronzeIngester:S4A] No records passed DQ checks.", "caller":"/mnt/c/Users/Admin/Downloads/Project/Github/ETL_Project/scripts/deploy_full_pipeline.py:311"}
{"time":"2026-07-07T14:18:48", "level":"WARNING", "message":"[WARNING] 101 rejected records in bronze ingestion for S4A | record_id=None", "caller":"/mnt/c/Users/Admin/Downloads/Project/Github/ETL_Project/platforms/processing/base_processing_subsystem/subsystem5_and_30_error_event_schema_and_escalate.py:114"}
{"time":"2026-07-07T14:18:48", "level":"INFO", "message":"[LINEAGE] external.cophieu68_S4A -> bronze.bronze_stock_prices | op=APPEND | rows=0", "caller":"/mnt/c/Users/Admin/Downloads/Project/Github/ETL_Project/platforms/processing/base_processing_subsystem/subsystem34_metadata_repo.py:372"}
{"time":"2026-07-07T14:18:48", "level":"INFO", "message":"[BronzeExecutor] Processing symbol=SAB batch_id=batch_SAB_20260707071848_b10e14de", "caller":"/mnt/c/Users/Admin/Downloads/Project/Github/ETL_Project/scripts/deploy_full_pipeline.py:510"}
{"time":"2026-07-07T14:18:49", "level":"INFO", "message":"[BronzeIngester:SAB] Start processing 101 records.", "caller":"/mnt/c/Users/Admin/Downloads/Project/Github/ETL_Project/scripts/deploy_full_pipeline.py:302"}
{"time":"2026-07-07T14:18:49", "level":"WARNING", "message":"[BronzeIngester:SAB] No records passed DQ checks.", "caller":"/mnt/c/Users/Admin/Downloads/Project/Github/ETL_Project/scripts/deploy_full_pipeline.py:311"}
{"time":"2026-07-07T14:18:49", "level":"WARNING", "message":"[WARNING] 101 rejected records in bronze ingestion for SAB | record_id=None", "caller":"/mnt/c/Users/Admin/Downloads/Project/Github/ETL_Project/platforms/processing/base_processing_subsystem/subsystem5_and_30_error_event_schema_and_escalate.py:114"}
{"time":"2026-07-07T14:18:49", "level":"INFO", "message":"[LINEAGE] external.cophieu68_SAB -> bronze.bronze_stock_prices | op=APPEND | rows=0", "caller":"/mnt/c/Users/Admin/Downloads/Project/Github/ETL_Project/platforms/processing/base_processing_subsystem/subsystem34_metadata_repo.py:372"}
{"time":"2026-07-07T14:18:49", "level":"INFO", "message":"[BronzeExecutor] Processing symbol=SAM batch_id=batch_SAM_20260707071849_1b2d4ab6", "caller":"/mnt/c/Users/Admin/Downloads/Project/Github/ETL_Project/scripts/deploy_full_pipeline.py:510"}
{"time":"2026-07-07T14:18:50", "level":"INFO", "message":"[BronzeIngester:SAM] Start processing 101 records.", "caller":"/mnt/c/Users/Admin/Downloads/Project/Github/ETL_Project/scripts/deploy_full_pipeline.py:302"}
{"time":"2026-07-07T14:18:50", "level":"WARNING", "message":"[BronzeIngester:SAM] No records passed DQ checks.", "caller":"/mnt/c/Users/Admin/Downloads/Project/Github/ETL_Project/scripts/deploy_full_pipeline.py:311"}
{"time":"2026-07-07T14:18:50", "level":"WARNING", "message":"[WARNING] 101 rejected records in bronze ingestion for SAM | record_id=None", "caller":"/mnt/c/Users/Admin/Downloads/Project/Github/ETL_Project/platforms/processing/base_processing_subsystem/subsystem5_and_30_error_event_schema_and_escalate.py:114"}
{"time":"2026-07-07T14:18:50", "level":"INFO", "message":"[LINEAGE] external.cophieu68_SAM -> bronze.bronze_stock_prices | op=APPEND | rows=0", "caller":"/mnt/c/Users/Admin/Downloads/Project/Github/ETL_Project/platforms/processing/base_processing_subsystem/subsystem34_metadata_repo.py:372"}
{"time":"2026-07-07T14:18:50", "level":"INFO", "message":"[BronzeExecutor] Processing symbol=SAV batch_id=batch_SAV_20260707071850_21df06da", "caller":"/mnt/c/Users/Admin/Downloads/Project/Github/ETL_Project/scripts/deploy_full_pipeline.py:510"}
{"time":"2026-07-07T14:18:51", "level":"INFO", "message":"[BronzeIngester:SAV] Start processing 101 records.", "caller":"/mnt/c/Users/Admin/Downloads/Project/Github/ETL_Project/scripts/deploy_full_pipeline.py:302"}
{"time":"2026-07-07T14:18:51", "level":"WARNING", "message":"[BronzeIngester:SAV] No records passed DQ checks.", "caller":"/mnt/c/Users/Admin/Downloads/Project/Github/ETL_Project/scripts/deploy_full_pipeline.py:311"}
{"time":"2026-07-07T14:18:51", "level":"WARNING", "message":"[WARNING] 101 rejected records in bronze ingestion for SAV | record_id=None", "caller":"/mnt/c/Users/Admin/Downloads/Project/Github/ETL_Project/platforms/processing/base_processing_subsystem/subsystem5_and_30_error_event_schema_and_escalate.py:114"}
{"time":"2026-07-07T14:18:51", "level":"INFO", "message":"[LINEAGE] external.cophieu68_SAV -> bronze.bronze_stock_prices | op=APPEND | rows=0", "caller":"/mnt/c/Users/Admin/Downloads/Project/Github/ETL_Project/platforms/processing/base_processing_subsystem/subsystem34_metadata_repo.py:372"}
{"time":"2026-07-07T14:18:51", "level":"INFO", "message":"[BronzeExecutor] Processing symbol=SBA batch_id=batch_SBA_20260707071851_323ad28d", "caller":"/mnt/c/Users/Admin/Downloads/Project/Github/ETL_Project/scripts/deploy_full_pipeline.py:510"}
{"time":"2026-07-07T14:18:52", "level":"INFO", "message":"[BronzeIngester:SBA] Start processing 101 records.", "caller":"/mnt/c/Users/Admin/Downloads/Project/Github/ETL_Project/scripts/deploy_full_pipeline.py:302"}
{"time":"2026-07-07T14:18:52", "level":"WARNING", "message":"[BronzeIngester:SBA] No records passed DQ checks.", "caller":"/mnt/c/Users/Admin/Downloads/Project/Github/ETL_Project/scripts/deploy_full_pipeline.py:311"}
{"time":"2026-07-07T14:18:52", "level":"WARNING", "message":"[WARNING] 101 rejected records in bronze ingestion for SBA | record_id=None", "caller":"/mnt/c/Users/Admin/Downloads/Project/Github/ETL_Project/platforms/processing/base_processing_subsystem/subsystem5_and_30_error_event_schema_and_escalate.py:114"}
{"time":"2026-07-07T14:18:52", "level":"INFO", "message":"[LINEAGE] external.cophieu68_SBA -> bronze.bronze_stock_prices | op=APPEND | rows=0", "caller":"/mnt/c/Users/Admin/Downloads/Project/Github/ETL_Project/platforms/processing/base_processing_subsystem/subsystem34_metadata_repo.py:372"}
{"time":"2026-07-07T14:18:52", "level":"INFO", "message":"[BronzeExecutor] Processing symbol=SBT batch_id=batch_SBT_20260707071852_47caa6af", "caller":"/mnt/c/Users/Admin/Downloads/Project/Github/ETL_Project/scripts/deploy_full_pipeline.py:510"}
{"time":"2026-07-07T14:18:52", "level":"INFO", "message":"[BronzeIngester:SBT] Start processing 101 records.", "caller":"/mnt/c/Users/Admin/Downloads/Project/Github/ETL_Project/scripts/deploy_full_pipeline.py:302"}
{"time":"2026-07-07T14:18:52", "level":"WARNING", "message":"[BronzeIngester:SBT] No records passed DQ checks.", "caller":"/mnt/c/Users/Admin/Downloads/Project/Github/ETL_Project/scripts/deploy_full_pipeline.py:311"}
{"time":"2026-07-07T14:18:52", "level":"WARNING", "message":"[WARNING] 101 rejected records in bronze ingestion for SBT | record_id=None", "caller":"/mnt/c/Users/Admin/Downloads/Project/Github/ETL_Project/platforms/processing/base_processing_subsystem/subsystem5_and_30_error_event_schema_and_escalate.py:114"}
{"time":"2026-07-07T14:18:52", "level":"INFO", "message":"[LINEAGE] external.cophieu68_SBT -> bronze.bronze_stock_prices | op=APPEND | rows=0", "caller":"/mnt/c/Users/Admin/Downloads/Project/Github/ETL_Project/platforms/processing/base_processing_subsystem/subsystem34_metadata_repo.py:372"}
{"time":"2026-07-07T14:18:52", "level":"INFO", "message":"[BronzeExecutor] Processing symbol=SBV batch_id=batch_SBV_20260707071852_7425ceeb", "caller":"/mnt/c/Users/Admin/Downloads/Project/Github/ETL_Project/scripts/deploy_full_pipeline.py:510"}
{"time":"2026-07-07T14:18:53", "level":"INFO", "message":"[BronzeIngester:SBV] Start processing 101 records.", "caller":"/mnt/c/Users/Admin/Downloads/Project/Github/ETL_Project/scripts/deploy_full_pipeline.py:302"}
{"time":"2026-07-07T14:18:53", "level":"WARNING", "message":"[BronzeIngester:SBV] No records passed DQ checks.", "caller":"/mnt/c/Users/Admin/Downloads/Project/Github/ETL_Project/scripts/deploy_full_pipeline.py:311"}
{"time":"2026-07-07T14:18:53", "level":"WARNING", "message":"[WARNING] 101 rejected records in bronze ingestion for SBV | record_id=None", "caller":"/mnt/c/Users/Admin/Downloads/Project/Github/ETL_Project/platforms/processing/base_processing_subsystem/subsystem5_and_30_error_event_schema_and_escalate.py:114"}
{"time":"2026-07-07T14:18:53", "level":"INFO", "message":"[LINEAGE] external.cophieu68_SBV -> bronze.bronze_stock_prices | op=APPEND | rows=0", "caller":"/mnt/c/Users/Admin/Downloads/Project/Github/ETL_Project/platforms/processing/base_processing_subsystem/subsystem34_metadata_repo.py:372"}
{"time":"2026-07-07T14:18:53", "level":"INFO", "message":"[BronzeExecutor] Processing symbol=SC5 batch_id=batch_SC5_20260707071853_c6c9e0cb", "caller":"/mnt/c/Users/Admin/Downloads/Project/Github/ETL_Project/scripts/deploy_full_pipeline.py:510"}
{"time":"2026-07-07T14:18:54", "level":"INFO", "message":"[BronzeIngester:SC5] Start processing 101 records.", "caller":"/mnt/c/Users/Admin/Downloads/Project/Github/ETL_Project/scripts/deploy_full_pipeline.py:302"}
{"time":"2026-07-07T14:18:54", "level":"WARNING", "message":"[BronzeIngester:SC5] No records passed DQ checks.", "caller":"/mnt/c/Users/Admin/Downloads/Project/Github/ETL_Project/scripts/deploy_full_pipeline.py:311"}
{"time":"2026-07-07T14:18:54", "level":"WARNING", "message":"[WARNING] 101 rejected records in bronze ingestion for SC5 | record_id=None", "caller":"/mnt/c/Users/Admin/Downloads/Project/Github/ETL_Project/platforms/processing/base_processing_subsystem/subsystem5_and_30_error_event_schema_and_escalate.py:114"}
{"time":"2026-07-07T14:18:54", "level":"INFO", "message":"[LINEAGE] external.cophieu68_SC5 -> bronze.bronze_stock_prices | op=APPEND | rows=0", "caller":"/mnt/c/Users/Admin/Downloads/Project/Github/ETL_Project/platforms/processing/base_processing_subsystem/subsystem34_metadata_repo.py:372"}
{"time":"2026-07-07T14:18:54", "level":"INFO", "message":"[BronzeExecutor] Processing symbol=SCR batch_id=batch_SCR_20260707071854_35bc99bb", "caller":"/mnt/c/Users/Admin/Downloads/Project/Github/ETL_Project/scripts/deploy_full_pipeline.py:510"}
{"time":"2026-07-07T14:18:54", "level":"INFO", "message":"[BronzeIngester:SCR] Start processing 101 records.", "caller":"/mnt/c/Users/Admin/Downloads/Project/Github/ETL_Project/scripts/deploy_full_pipeline.py:302"}
{"time":"2026-07-07T14:18:54", "level":"WARNING", "message":"[BronzeIngester:SCR] No records passed DQ checks.", "caller":"/mnt/c/Users/Admin/Downloads/Project/Github/ETL_Project/scripts/deploy_full_pipeline.py:311"}
{"time":"2026-07-07T14:18:54", "level":"WARNING", "message":"[WARNING] 101 rejected records in bronze ingestion for SCR | record_id=None", "caller":"/mnt/c/Users/Admin/Downloads/Project/Github/ETL_Project/platforms/processing/base_processing_subsystem/subsystem5_and_30_error_event_schema_and_escalate.py:114"}
{"time":"2026-07-07T14:18:54", "level":"INFO", "message":"[LINEAGE] external.cophieu68_SCR -> bronze.bronze_stock_prices | op=APPEND | rows=0", "caller":"/mnt/c/Users/Admin/Downloads/Project/Github/ETL_Project/platforms/processing/base_processing_subsystem/subsystem34_metadata_repo.py:372"}
{"time":"2026-07-07T14:18:54", "level":"INFO", "message":"[BronzeExecutor] Processing symbol=SCS batch_id=batch_SCS_20260707071854_15553538", "caller":"/mnt/c/Users/Admin/Downloads/Project/Github/ETL_Project/scripts/deploy_full_pipeline.py:510"}
{"time":"2026-07-07T14:18:55", "level":"INFO", "message":"[BronzeIngester:SCS] Start processing 101 records.", "caller":"/mnt/c/Users/Admin/Downloads/Project/Github/ETL_Project/scripts/deploy_full_pipeline.py:302"}
{"time":"2026-07-07T14:18:55", "level":"WARNING", "message":"[BronzeIngester:SCS] No records passed DQ checks.", "caller":"/mnt/c/Users/Admin/Downloads/Project/Github/ETL_Project/scripts/deploy_full_pipeline.py:311"}
{"time":"2026-07-07T14:18:55", "level":"WARNING", "message":"[WARNING] 101 rejected records in bronze ingestion for SCS | record_id=None", "caller":"/mnt/c/Users/Admin/Downloads/Project/Github/ETL_Project/platforms/processing/base_processing_subsystem/subsystem5_and_30_error_event_schema_and_escalate.py:114"}
{"time":"2026-07-07T14:18:55", "level":"INFO", "message":"[LINEAGE] external.cophieu68_SCS -> bronze.bronze_stock_prices | op=APPEND | rows=0", "caller":"/mnt/c/Users/Admin/Downloads/Project/Github/ETL_Project/platforms/processing/base_processing_subsystem/subsystem34_metadata_repo.py:372"}
{"time":"2026-07-07T14:18:55", "level":"INFO", "message":"[BronzeExecutor] Processing symbol=SFC batch_id=batch_SFC_20260707071855_3e025d11", "caller":"/mnt/c/Users/Admin/Downloads/Project/Github/ETL_Project/scripts/deploy_full_pipeline.py:510"}
{"time":"2026-07-07T14:18:56", "level":"INFO", "message":"[BronzeIngester:SFC] Start processing 101 records.", "caller":"/mnt/c/Users/Admin/Downloads/Project/Github/ETL_Project/scripts/deploy_full_pipeline.py:302"}
{"time":"2026-07-07T14:18:56", "level":"WARNING", "message":"[BronzeIngester:SFC] No records passed DQ checks.", "caller":"/mnt/c/Users/Admin/Downloads/Project/Github/ETL_Project/scripts/deploy_full_pipeline.py:311"}
{"time":"2026-07-07T14:18:56", "level":"WARNING", "message":"[WARNING] 101 rejected records in bronze ingestion for SFC | record_id=None", "caller":"/mnt/c/Users/Admin/Downloads/Project/Github/ETL_Project/platforms/processing/base_processing_subsystem/subsystem5_and_30_error_event_schema_and_escalate.py:114"}
{"time":"2026-07-07T14:18:56", "level":"INFO", "message":"[LINEAGE] external.cophieu68_SFC -> bronze.bronze_stock_prices | op=APPEND | rows=0", "caller":"/mnt/c/Users/Admin/Downloads/Project/Github/ETL_Project/platforms/processing/base_processing_subsystem/subsystem34_metadata_repo.py:372"}
{"time":"2026-07-07T14:18:56", "level":"INFO", "message":"[BronzeExecutor] Processing symbol=SFG batch_id=batch_SFG_20260707071856_5eec96c4", "caller":"/mnt/c/Users/Admin/Downloads/Project/Github/ETL_Project/scripts/deploy_full_pipeline.py:510"}
{"time":"2026-07-07T14:18:57", "level":"INFO", "message":"[BronzeIngester:SFG] Start processing 101 records.", "caller":"/mnt/c/Users/Admin/Downloads/Project/Github/ETL_Project/scripts/deploy_full_pipeline.py:302"}
{"time":"2026-07-07T14:18:57", "level":"WARNING", "message":"[BronzeIngester:SFG] No records passed DQ checks.", "caller":"/mnt/c/Users/Admin/Downloads/Project/Github/ETL_Project/scripts/deploy_full_pipeline.py:311"}
{"time":"2026-07-07T14:18:57", "level":"WARNING", "message":"[WARNING] 101 rejected records in bronze ingestion for SFG | record_id=None", "caller":"/mnt/c/Users/Admin/Downloads/Project/Github/ETL_Project/platforms/processing/base_processing_subsystem/subsystem5_and_30_error_event_schema_and_escalate.py:114"}
{"time":"2026-07-07T14:18:57", "level":"INFO", "message":"[LINEAGE] external.cophieu68_SFG -> bronze.bronze_stock_prices | op=APPEND | rows=0", "caller":"/mnt/c/Users/Admin/Downloads/Project/Github/ETL_Project/platforms/processing/base_processing_subsystem/subsystem34_metadata_repo.py:372"}
{"time":"2026-07-07T14:18:57", "level":"INFO", "message":"[BronzeExecutor] Processing symbol=SFI batch_id=batch_SFI_20260707071857_086c9e2d", "caller":"/mnt/c/Users/Admin/Downloads/Project/Github/ETL_Project/scripts/deploy_full_pipeline.py:510"}
{"time":"2026-07-07T14:18:58", "level":"INFO", "message":"[BronzeIngester:SFI] Start processing 101 records.", "caller":"/mnt/c/Users/Admin/Downloads/Project/Github/ETL_Project/scripts/deploy_full_pipeline.py:302"}
{"time":"2026-07-07T14:18:58", "level":"WARNING", "message":"[BronzeIngester:SFI] No records passed DQ checks.", "caller":"/mnt/c/Users/Admin/Downloads/Project/Github/ETL_Project/scripts/deploy_full_pipeline.py:311"}
{"time":"2026-07-07T14:18:58", "level":"WARNING", "message":"[WARNING] 101 rejected records in bronze ingestion for SFI | record_id=None", "caller":"/mnt/c/Users/Admin/Downloads/Project/Github/ETL_Project/platforms/processing/base_processing_subsystem/subsystem5_and_30_error_event_schema_and_escalate.py:114"}
{"time":"2026-07-07T14:18:58", "level":"INFO", "message":"[LINEAGE] external.cophieu68_SFI -> bronze.bronze_stock_prices | op=APPEND | rows=0", "caller":"/mnt/c/Users/Admin/Downloads/Project/Github/ETL_Project/platforms/processing/base_processing_subsystem/subsystem34_metadata_repo.py:372"}
{"time":"2026-07-07T14:18:58", "level":"INFO", "message":"[BronzeExecutor] Processing symbol=SGN batch_id=batch_SGN_20260707071858_46ddf456", "caller":"/mnt/c/Users/Admin/Downloads/Project/Github/ETL_Project/scripts/deploy_full_pipeline.py:510"}
{"time":"2026-07-07T14:18:58", "level":"INFO", "message":"[BronzeIngester:SGN] Start processing 101 records.", "caller":"/mnt/c/Users/Admin/Downloads/Project/Github/ETL_Project/scripts/deploy_full_pipeline.py:302"}
{"time":"2026-07-07T14:18:58", "level":"WARNING", "message":"[BronzeIngester:SGN] No records passed DQ checks.", "caller":"/mnt/c/Users/Admin/Downloads/Project/Github/ETL_Project/scripts/deploy_full_pipeline.py:311"}
{"time":"2026-07-07T14:18:58", "level":"WARNING", "message":"[WARNING] 101 rejected records in bronze ingestion for SGN | record_id=None", "caller":"/mnt/c/Users/Admin/Downloads/Project/Github/ETL_Project/platforms/processing/base_processing_subsystem/subsystem5_and_30_error_event_schema_and_escalate.py:114"}
{"time":"2026-07-07T14:18:58", "level":"INFO", "message":"[LINEAGE] external.cophieu68_SGN -> bronze.bronze_stock_prices | op=APPEND | rows=0", "caller":"/mnt/c/Users/Admin/Downloads/Project/Github/ETL_Project/platforms/processing/base_processing_subsystem/subsystem34_metadata_repo.py:372"}
{"time":"2026-07-07T14:18:58", "level":"INFO", "message":"[BronzeExecutor] Processing symbol=SGR batch_id=batch_SGR_20260707071858_f4d23b99", "caller":"/mnt/c/Users/Admin/Downloads/Project/Github/ETL_Project/scripts/deploy_full_pipeline.py:510"}
{"time":"2026-07-07T14:18:59", "level":"INFO", "message":"[BronzeIngester:SGR] Start processing 101 records.", "caller":"/mnt/c/Users/Admin/Downloads/Project/Github/ETL_Project/scripts/deploy_full_pipeline.py:302"}
{"time":"2026-07-07T14:18:59", "level":"WARNING", "message":"[BronzeIngester:SGR] No records passed DQ checks.", "caller":"/mnt/c/Users/Admin/Downloads/Project/Github/ETL_Project/scripts/deploy_full_pipeline.py:311"}
{"time":"2026-07-07T14:18:59", "level":"WARNING", "message":"[WARNING] 101 rejected records in bronze ingestion for SGR | record_id=None", "caller":"/mnt/c/Users/Admin/Downloads/Project/Github/ETL_Project/platforms/processing/base_processing_subsystem/subsystem5_and_30_error_event_schema_and_escalate.py:114"}
{"time":"2026-07-07T14:18:59", "level":"INFO", "message":"[LINEAGE] external.cophieu68_SGR -> bronze.bronze_stock_prices | op=APPEND | rows=0", "caller":"/mnt/c/Users/Admin/Downloads/Project/Github/ETL_Project/platforms/processing/base_processing_subsystem/subsystem34_metadata_repo.py:372"}
{"time":"2026-07-07T14:18:59", "level":"INFO", "message":"[BronzeExecutor] Processing symbol=SGT batch_id=batch_SGT_20260707071859_0d7b48bb", "caller":"/mnt/c/Users/Admin/Downloads/Project/Github/ETL_Project/scripts/deploy_full_pipeline.py:510"}
{"time":"2026-07-07T14:18:59", "level":"INFO", "message":"[BronzeIngester:SGT] Start processing 101 records.", "caller":"/mnt/c/Users/Admin/Downloads/Project/Github/ETL_Project/scripts/deploy_full_pipeline.py:302"}
{"time":"2026-07-07T14:18:59", "level":"WARNING", "message":"[BronzeIngester:SGT] No records passed DQ checks.", "caller":"/mnt/c/Users/Admin/Downloads/Project/Github/ETL_Project/scripts/deploy_full_pipeline.py:311"}
{"time":"2026-07-07T14:18:59", "level":"WARNING", "message":"[WARNING] 101 rejected records in bronze ingestion for SGT | record_id=None", "caller":"/mnt/c/Users/Admin/Downloads/Project/Github/ETL_Project/platforms/processing/base_processing_subsystem/subsystem5_and_30_error_event_schema_and_escalate.py:114"}
{"time":"2026-07-07T14:18:59", "level":"INFO", "message":"[LINEAGE] external.cophieu68_SGT -> bronze.bronze_stock_prices | op=APPEND | rows=0", "caller":"/mnt/c/Users/Admin/Downloads/Project/Github/ETL_Project/platforms/processing/base_processing_subsystem/subsystem34_metadata_repo.py:372"}
{"time":"2026-07-07T14:18:59", "level":"INFO", "message":"[BronzeExecutor] Processing symbol=SHA batch_id=batch_SHA_20260707071859_846971d2", "caller":"/mnt/c/Users/Admin/Downloads/Project/Github/ETL_Project/scripts/deploy_full_pipeline.py:510"}
{"time":"2026-07-07T14:19:00", "level":"INFO", "message":"[BronzeIngester:SHA] Start processing 101 records.", "caller":"/mnt/c/Users/Admin/Downloads/Project/Github/ETL_Project/scripts/deploy_full_pipeline.py:302"}
{"time":"2026-07-07T14:19:00", "level":"WARNING", "message":"[BronzeIngester:SHA] No records passed DQ checks.", "caller":"/mnt/c/Users/Admin/Downloads/Project/Github/ETL_Project/scripts/deploy_full_pipeline.py:311"}
{"time":"2026-07-07T14:19:00", "level":"WARNING", "message":"[WARNING] 101 rejected records in bronze ingestion for SHA | record_id=None", "caller":"/mnt/c/Users/Admin/Downloads/Project/Github/ETL_Project/platforms/processing/base_processing_subsystem/subsystem5_and_30_error_event_schema_and_escalate.py:114"}
{"time":"2026-07-07T14:19:00", "level":"INFO", "message":"[LINEAGE] external.cophieu68_SHA -> bronze.bronze_stock_prices | op=APPEND | rows=0", "caller":"/mnt/c/Users/Admin/Downloads/Project/Github/ETL_Project/platforms/processing/base_processing_subsystem/subsystem34_metadata_repo.py:372"}
{"time":"2026-07-07T14:19:00", "level":"INFO", "message":"[BronzeExecutor] Processing symbol=SHB batch_id=batch_SHB_20260707071900_c61c4086", "caller":"/mnt/c/Users/Admin/Downloads/Project/Github/ETL_Project/scripts/deploy_full_pipeline.py:510"}
{"time":"2026-07-07T14:19:02", "level":"INFO", "message":"[BronzeIngester:SHB] Start processing 101 records.", "caller":"/mnt/c/Users/Admin/Downloads/Project/Github/ETL_Project/scripts/deploy_full_pipeline.py:302"}
{"time":"2026-07-07T14:19:02", "level":"WARNING", "message":"[BronzeIngester:SHB] No records passed DQ checks.", "caller":"/mnt/c/Users/Admin/Downloads/Project/Github/ETL_Project/scripts/deploy_full_pipeline.py:311"}
{"time":"2026-07-07T14:19:02", "level":"WARNING", "message":"[WARNING] 101 rejected records in bronze ingestion for SHB | record_id=None", "caller":"/mnt/c/Users/Admin/Downloads/Project/Github/ETL_Project/platforms/processing/base_processing_subsystem/subsystem5_and_30_error_event_schema_and_escalate.py:114"}
{"time":"2026-07-07T14:19:02", "level":"INFO", "message":"[LINEAGE] external.cophieu68_SHB -> bronze.bronze_stock_prices | op=APPEND | rows=0", "caller":"/mnt/c/Users/Admin/Downloads/Project/Github/ETL_Project/platforms/processing/base_processing_subsystem/subsystem34_metadata_repo.py:372"}
{"time":"2026-07-07T14:19:02", "level":"INFO", "message":"[BronzeExecutor] Processing symbol=SHI batch_id=batch_SHI_20260707071902_ab865426", "caller":"/mnt/c/Users/Admin/Downloads/Project/Github/ETL_Project/scripts/deploy_full_pipeline.py:510"}
{"time":"2026-07-07T14:19:02", "level":"INFO", "message":"[BronzeIngester:SHI] Start processing 101 records.", "caller":"/mnt/c/Users/Admin/Downloads/Project/Github/ETL_Project/scripts/deploy_full_pipeline.py:302"}
{"time":"2026-07-07T14:19:02", "level":"WARNING", "message":"[BronzeIngester:SHI] No records passed DQ checks.", "caller":"/mnt/c/Users/Admin/Downloads/Project/Github/ETL_Project/scripts/deploy_full_pipeline.py:311"}
{"time":"2026-07-07T14:19:02", "level":"WARNING", "message":"[WARNING] 101 rejected records in bronze ingestion for SHI | record_id=None", "caller":"/mnt/c/Users/Admin/Downloads/Project/Github/ETL_Project/platforms/processing/base_processing_subsystem/subsystem5_and_30_error_event_schema_and_escalate.py:114"}
{"time":"2026-07-07T14:19:02", "level":"INFO", "message":"[LINEAGE] external.cophieu68_SHI -> bronze.bronze_stock_prices | op=APPEND | rows=0", "caller":"/mnt/c/Users/Admin/Downloads/Project/Github/ETL_Project/platforms/processing/base_processing_subsystem/subsystem34_metadata_repo.py:372"}
{"time":"2026-07-07T14:19:02", "level":"INFO", "message":"[BronzeExecutor] Processing symbol=SHP batch_id=batch_SHP_20260707071902_3bb8c4b5", "caller":"/mnt/c/Users/Admin/Downloads/Project/Github/ETL_Project/scripts/deploy_full_pipeline.py:510"}
{"time":"2026-07-07T14:19:03", "level":"INFO", "message":"[BronzeIngester:SHP] Start processing 101 records.", "caller":"/mnt/c/Users/Admin/Downloads/Project/Github/ETL_Project/scripts/deploy_full_pipeline.py:302"}
{"time":"2026-07-07T14:19:03", "level":"WARNING", "message":"[BronzeIngester:SHP] No records passed DQ checks.", "caller":"/mnt/c/Users/Admin/Downloads/Project/Github/ETL_Project/scripts/deploy_full_pipeline.py:311"}
{"time":"2026-07-07T14:19:03", "level":"WARNING", "message":"[WARNING] 101 rejected records in bronze ingestion for SHP | record_id=None", "caller":"/mnt/c/Users/Admin/Downloads/Project/Github/ETL_Project/platforms/processing/base_processing_subsystem/subsystem5_and_30_error_event_schema_and_escalate.py:114"}
{"time":"2026-07-07T14:19:03", "level":"INFO", "message":"[LINEAGE] external.cophieu68_SHP -> bronze.bronze_stock_prices | op=APPEND | rows=0", "caller":"/mnt/c/Users/Admin/Downloads/Project/Github/ETL_Project/platforms/processing/base_processing_subsystem/subsystem34_metadata_repo.py:372"}
{"time":"2026-07-07T14:19:03", "level":"INFO", "message":"[BronzeExecutor] Processing symbol=SJD batch_id=batch_SJD_20260707071903_3dbc6de3", "caller":"/mnt/c/Users/Admin/Downloads/Project/Github/ETL_Project/scripts/deploy_full_pipeline.py:510"}
{"time":"2026-07-07T14:19:04", "level":"INFO", "message":"[BronzeIngester:SJD] Start processing 101 records.", "caller":"/mnt/c/Users/Admin/Downloads/Project/Github/ETL_Project/scripts/deploy_full_pipeline.py:302"}
{"time":"2026-07-07T14:19:04", "level":"WARNING", "message":"[BronzeIngester:SJD] No records passed DQ checks.", "caller":"/mnt/c/Users/Admin/Downloads/Project/Github/ETL_Project/scripts/deploy_full_pipeline.py:311"}
{"time":"2026-07-07T14:19:04", "level":"WARNING", "message":"[WARNING] 101 rejected records in bronze ingestion for SJD | record_id=None", "caller":"/mnt/c/Users/Admin/Downloads/Project/Github/ETL_Project/platforms/processing/base_processing_subsystem/subsystem5_and_30_error_event_schema_and_escalate.py:114"}
{"time":"2026-07-07T14:19:04", "level":"INFO", "message":"[LINEAGE] external.cophieu68_SJD -> bronze.bronze_stock_prices | op=APPEND | rows=0", "caller":"/mnt/c/Users/Admin/Downloads/Project/Github/ETL_Project/platforms/processing/base_processing_subsystem/subsystem34_metadata_repo.py:372"}
{"time":"2026-07-07T14:19:04", "level":"INFO", "message":"[BronzeExecutor] Processing symbol=SJS batch_id=batch_SJS_20260707071904_8c523631", "caller":"/mnt/c/Users/Admin/Downloads/Project/Github/ETL_Project/scripts/deploy_full_pipeline.py:510"}
{"time":"2026-07-07T14:19:05", "level":"INFO", "message":"[BronzeIngester:SJS] Start processing 101 records.", "caller":"/mnt/c/Users/Admin/Downloads/Project/Github/ETL_Project/scripts/deploy_full_pipeline.py:302"}
{"time":"2026-07-07T14:19:05", "level":"WARNING", "message":"[BronzeIngester:SJS] No records passed DQ checks.", "caller":"/mnt/c/Users/Admin/Downloads/Project/Github/ETL_Project/scripts/deploy_full_pipeline.py:311"}
{"time":"2026-07-07T14:19:05", "level":"WARNING", "message":"[WARNING] 101 rejected records in bronze ingestion for SJS | record_id=None", "caller":"/mnt/c/Users/Admin/Downloads/Project/Github/ETL_Project/platforms/processing/base_processing_subsystem/subsystem5_and_30_error_event_schema_and_escalate.py:114"}
{"time":"2026-07-07T14:19:05", "level":"INFO", "message":"[LINEAGE] external.cophieu68_SJS -> bronze.bronze_stock_prices | op=APPEND | rows=0", "caller":"/mnt/c/Users/Admin/Downloads/Project/Github/ETL_Project/platforms/processing/base_processing_subsystem/subsystem34_metadata_repo.py:372"}
{"time":"2026-07-07T14:19:05", "level":"INFO", "message":"[BronzeExecutor] Processing symbol=SKG batch_id=batch_SKG_20260707071905_86b8cec9", "caller":"/mnt/c/Users/Admin/Downloads/Project/Github/ETL_Project/scripts/deploy_full_pipeline.py:510"}
{"time":"2026-07-07T14:19:05", "level":"INFO", "message":"[BronzeIngester:SKG] Start processing 101 records.", "caller":"/mnt/c/Users/Admin/Downloads/Project/Github/ETL_Project/scripts/deploy_full_pipeline.py:302"}
{"time":"2026-07-07T14:19:05", "level":"WARNING", "message":"[BronzeIngester:SKG] No records passed DQ checks.", "caller":"/mnt/c/Users/Admin/Downloads/Project/Github/ETL_Project/scripts/deploy_full_pipeline.py:311"}
{"time":"2026-07-07T14:19:05", "level":"WARNING", "message":"[WARNING] 101 rejected records in bronze ingestion for SKG | record_id=None", "caller":"/mnt/c/Users/Admin/Downloads/Project/Github/ETL_Project/platforms/processing/base_processing_subsystem/subsystem5_and_30_error_event_schema_and_escalate.py:114"}
{"time":"2026-07-07T14:19:05", "level":"INFO", "message":"[LINEAGE] external.cophieu68_SKG -> bronze.bronze_stock_prices | op=APPEND | rows=0", "caller":"/mnt/c/Users/Admin/Downloads/Project/Github/ETL_Project/platforms/processing/base_processing_subsystem/subsystem34_metadata_repo.py:372"}
{"time":"2026-07-07T14:19:05", "level":"INFO", "message":"[BronzeExecutor] Processing symbol=SMA batch_id=batch_SMA_20260707071905_1b1eb34a", "caller":"/mnt/c/Users/Admin/Downloads/Project/Github/ETL_Project/scripts/deploy_full_pipeline.py:510"}
{"time":"2026-07-07T14:19:06", "level":"INFO", "message":"[BronzeIngester:SMA] Start processing 101 records.", "caller":"/mnt/c/Users/Admin/Downloads/Project/Github/ETL_Project/scripts/deploy_full_pipeline.py:302"}
{"time":"2026-07-07T14:19:06", "level":"WARNING", "message":"[BronzeIngester:SMA] No records passed DQ checks.", "caller":"/mnt/c/Users/Admin/Downloads/Project/Github/ETL_Project/scripts/deploy_full_pipeline.py:311"}
{"time":"2026-07-07T14:19:06", "level":"WARNING", "message":"[WARNING] 101 rejected records in bronze ingestion for SMA | record_id=None", "caller":"/mnt/c/Users/Admin/Downloads/Project/Github/ETL_Project/platforms/processing/base_processing_subsystem/subsystem5_and_30_error_event_schema_and_escalate.py:114"}
{"time":"2026-07-07T14:19:06", "level":"INFO", "message":"[LINEAGE] external.cophieu68_SMA -> bronze.bronze_stock_prices | op=APPEND | rows=0", "caller":"/mnt/c/Users/Admin/Downloads/Project/Github/ETL_Project/platforms/processing/base_processing_subsystem/subsystem34_metadata_repo.py:372"}
{"time":"2026-07-07T14:19:06", "level":"INFO", "message":"[BronzeExecutor] Processing symbol=SMB batch_id=batch_SMB_20260707071906_41a2b53e", "caller":"/mnt/c/Users/Admin/Downloads/Project/Github/ETL_Project/scripts/deploy_full_pipeline.py:510"}
{"time":"2026-07-07T14:19:07", "level":"INFO", "message":"[BronzeIngester:SMB] Start processing 101 records.", "caller":"/mnt/c/Users/Admin/Downloads/Project/Github/ETL_Project/scripts/deploy_full_pipeline.py:302"}
{"time":"2026-07-07T14:19:07", "level":"WARNING", "message":"[BronzeIngester:SMB] No records passed DQ checks.", "caller":"/mnt/c/Users/Admin/Downloads/Project/Github/ETL_Project/scripts/deploy_full_pipeline.py:311"}
{"time":"2026-07-07T14:19:07", "level":"WARNING", "message":"[WARNING] 101 rejected records in bronze ingestion for SMB | record_id=None", "caller":"/mnt/c/Users/Admin/Downloads/Project/Github/ETL_Project/platforms/processing/base_processing_subsystem/subsystem5_and_30_error_event_schema_and_escalate.py:114"}
{"time":"2026-07-07T14:19:07", "level":"INFO", "message":"[LINEAGE] external.cophieu68_SMB -> bronze.bronze_stock_prices | op=APPEND | rows=0", "caller":"/mnt/c/Users/Admin/Downloads/Project/Github/ETL_Project/platforms/processing/base_processing_subsystem/subsystem34_metadata_repo.py:372"}
{"time":"2026-07-07T14:19:07", "level":"INFO", "message":"[BronzeExecutor] Processing symbol=SMC batch_id=batch_SMC_20260707071907_fd01af17", "caller":"/mnt/c/Users/Admin/Downloads/Project/Github/ETL_Project/scripts/deploy_full_pipeline.py:510"}
{"time":"2026-07-07T14:19:08", "level":"INFO", "message":"[BronzeIngester:SMC] Start processing 101 records.", "caller":"/mnt/c/Users/Admin/Downloads/Project/Github/ETL_Project/scripts/deploy_full_pipeline.py:302"}
{"time":"2026-07-07T14:19:08", "level":"WARNING", "message":"[BronzeIngester:SMC] No records passed DQ checks.", "caller":"/mnt/c/Users/Admin/Downloads/Project/Github/ETL_Project/scripts/deploy_full_pipeline.py:311"}
{"time":"2026-07-07T14:19:08", "level":"WARNING", "message":"[WARNING] 101 rejected records in bronze ingestion for SMC | record_id=None", "caller":"/mnt/c/Users/Admin/Downloads/Project/Github/ETL_Project/platforms/processing/base_processing_subsystem/subsystem5_and_30_error_event_schema_and_escalate.py:114"}
{"time":"2026-07-07T14:19:08", "level":"INFO", "message":"[LINEAGE] external.cophieu68_SMC -> bronze.bronze_stock_prices | op=APPEND | rows=0", "caller":"/mnt/c/Users/Admin/Downloads/Project/Github/ETL_Project/platforms/processing/base_processing_subsystem/subsystem34_metadata_repo.py:372"}
{"time":"2026-07-07T14:19:08", "level":"INFO", "message":"[BronzeExecutor] Processing symbol=SPM batch_id=batch_SPM_20260707071908_37684e69", "caller":"/mnt/c/Users/Admin/Downloads/Project/Github/ETL_Project/scripts/deploy_full_pipeline.py:510"}
{"time":"2026-07-07T14:19:08", "level":"INFO", "message":"[BronzeIngester:SPM] Start processing 101 records.", "caller":"/mnt/c/Users/Admin/Downloads/Project/Github/ETL_Project/scripts/deploy_full_pipeline.py:302"}
{"time":"2026-07-07T14:19:08", "level":"WARNING", "message":"[BronzeIngester:SPM] No records passed DQ checks.", "caller":"/mnt/c/Users/Admin/Downloads/Project/Github/ETL_Project/scripts/deploy_full_pipeline.py:311"}
{"time":"2026-07-07T14:19:08", "level":"WARNING", "message":"[WARNING] 101 rejected records in bronze ingestion for SPM | record_id=None", "caller":"/mnt/c/Users/Admin/Downloads/Project/Github/ETL_Project/platforms/processing/base_processing_subsystem/subsystem5_and_30_error_event_schema_and_escalate.py:114"}
{"time":"2026-07-07T14:19:08", "level":"INFO", "message":"[LINEAGE] external.cophieu68_SPM -> bronze.bronze_stock_prices | op=APPEND | rows=0", "caller":"/mnt/c/Users/Admin/Downloads/Project/Github/ETL_Project/platforms/processing/base_processing_subsystem/subsystem34_metadata_repo.py:372"}
{"time":"2026-07-07T14:19:08", "level":"INFO", "message":"[BronzeExecutor] Processing symbol=SRC batch_id=batch_SRC_20260707071908_d3be5cee", "caller":"/mnt/c/Users/Admin/Downloads/Project/Github/ETL_Project/scripts/deploy_full_pipeline.py:510"}
{"time":"2026-07-07T14:19:08", "level":"INFO", "message":"[BronzeIngester:SRC] Start processing 101 records.", "caller":"/mnt/c/Users/Admin/Downloads/Project/Github/ETL_Project/scripts/deploy_full_pipeline.py:302"}
{"time":"2026-07-07T14:19:08", "level":"WARNING", "message":"[BronzeIngester:SRC] No records passed DQ checks.", "caller":"/mnt/c/Users/Admin/Downloads/Project/Github/ETL_Project/scripts/deploy_full_pipeline.py:311"}
{"time":"2026-07-07T14:19:08", "level":"WARNING", "message":"[WARNING] 101 rejected records in bronze ingestion for SRC | record_id=None", "caller":"/mnt/c/Users/Admin/Downloads/Project/Github/ETL_Project/platforms/processing/base_processing_subsystem/subsystem5_and_30_error_event_schema_and_escalate.py:114"}
{"time":"2026-07-07T14:19:08", "level":"INFO", "message":"[LINEAGE] external.cophieu68_SRC -> bronze.bronze_stock_prices | op=APPEND | rows=0", "caller":"/mnt/c/Users/Admin/Downloads/Project/Github/ETL_Project/platforms/processing/base_processing_subsystem/subsystem34_metadata_repo.py:372"}
{"time":"2026-07-07T14:19:08", "level":"INFO", "message":"[BronzeExecutor] Processing symbol=SRF batch_id=batch_SRF_20260707071908_1db169a3", "caller":"/mnt/c/Users/Admin/Downloads/Project/Github/ETL_Project/scripts/deploy_full_pipeline.py:510"}
{"time":"2026-07-07T14:19:08", "level":"INFO", "message":"[BronzeIngester:SRF] Start processing 101 records.", "caller":"/mnt/c/Users/Admin/Downloads/Project/Github/ETL_Project/scripts/deploy_full_pipeline.py:302"}
{"time":"2026-07-07T14:19:08", "level":"WARNING", "message":"[BronzeIngester:SRF] No records passed DQ checks.", "caller":"/mnt/c/Users/Admin/Downloads/Project/Github/ETL_Project/scripts/deploy_full_pipeline.py:311"}
{"time":"2026-07-07T14:19:08", "level":"WARNING", "message":"[WARNING] 101 rejected records in bronze ingestion for SRF | record_id=None", "caller":"/mnt/c/Users/Admin/Downloads/Project/Github/ETL_Project/platforms/processing/base_processing_subsystem/subsystem5_and_30_error_event_schema_and_escalate.py:114"}
{"time":"2026-07-07T14:19:08", "level":"INFO", "message":"[LINEAGE] external.cophieu68_SRF -> bronze.bronze_stock_prices | op=APPEND | rows=0", "caller":"/mnt/c/Users/Admin/Downloads/Project/Github/ETL_Project/platforms/processing/base_processing_subsystem/subsystem34_metadata_repo.py:372"}
{"time":"2026-07-07T14:19:08", "level":"INFO", "message":"[BronzeExecutor] Processing symbol=SSB batch_id=batch_SSB_20260707071908_f875444a", "caller":"/mnt/c/Users/Admin/Downloads/Project/Github/ETL_Project/scripts/deploy_full_pipeline.py:510"}
{"time":"2026-07-07T14:19:09", "level":"INFO", "message":"[BronzeIngester:SSB] Start processing 101 records.", "caller":"/mnt/c/Users/Admin/Downloads/Project/Github/ETL_Project/scripts/deploy_full_pipeline.py:302"}
{"time":"2026-07-07T14:19:09", "level":"WARNING", "message":"[BronzeIngester:SSB] No records passed DQ checks.", "caller":"/mnt/c/Users/Admin/Downloads/Project/Github/ETL_Project/scripts/deploy_full_pipeline.py:311"}
{"time":"2026-07-07T14:19:09", "level":"WARNING", "message":"[WARNING] 101 rejected records in bronze ingestion for SSB | record_id=None", "caller":"/mnt/c/Users/Admin/Downloads/Project/Github/ETL_Project/platforms/processing/base_processing_subsystem/subsystem5_and_30_error_event_schema_and_escalate.py:114"}
{"time":"2026-07-07T14:19:09", "level":"INFO", "message":"[LINEAGE] external.cophieu68_SSB -> bronze.bronze_stock_prices | op=APPEND | rows=0", "caller":"/mnt/c/Users/Admin/Downloads/Project/Github/ETL_Project/platforms/processing/base_processing_subsystem/subsystem34_metadata_repo.py:372"}
{"time":"2026-07-07T14:19:09", "level":"INFO", "message":"[BronzeExecutor] Processing symbol=SSC batch_id=batch_SSC_20260707071909_f90d92e3", "caller":"/mnt/c/Users/Admin/Downloads/Project/Github/ETL_Project/scripts/deploy_full_pipeline.py:510"}
{"time":"2026-07-07T14:19:09", "level":"INFO", "message":"[BronzeIngester:SSC] Start processing 101 records.", "caller":"/mnt/c/Users/Admin/Downloads/Project/Github/ETL_Project/scripts/deploy_full_pipeline.py:302"}
{"time":"2026-07-07T14:19:09", "level":"WARNING", "message":"[BronzeIngester:SSC] No records passed DQ checks.", "caller":"/mnt/c/Users/Admin/Downloads/Project/Github/ETL_Project/scripts/deploy_full_pipeline.py:311"}
{"time":"2026-07-07T14:19:09", "level":"WARNING", "message":"[WARNING] 101 rejected records in bronze ingestion for SSC | record_id=None", "caller":"/mnt/c/Users/Admin/Downloads/Project/Github/ETL_Project/platforms/processing/base_processing_subsystem/subsystem5_and_30_error_event_schema_and_escalate.py:114"}
{"time":"2026-07-07T14:19:09", "level":"INFO", "message":"[LINEAGE] external.cophieu68_SSC -> bronze.bronze_stock_prices | op=APPEND | rows=0", "caller":"/mnt/c/Users/Admin/Downloads/Project/Github/ETL_Project/platforms/processing/base_processing_subsystem/subsystem34_metadata_repo.py:372"}
{"time":"2026-07-07T14:19:09", "level":"INFO", "message":"[BronzeExecutor] Processing symbol=SSI batch_id=batch_SSI_20260707071909_d0b0e4d8", "caller":"/mnt/c/Users/Admin/Downloads/Project/Github/ETL_Project/scripts/deploy_full_pipeline.py:510"}
{"time":"2026-07-07T14:19:10", "level":"INFO", "message":"[BronzeIngester:SSI] Start processing 101 records.", "caller":"/mnt/c/Users/Admin/Downloads/Project/Github/ETL_Project/scripts/deploy_full_pipeline.py:302"}
{"time":"2026-07-07T14:19:10", "level":"WARNING", "message":"[BronzeIngester:SSI] No records passed DQ checks.", "caller":"/mnt/c/Users/Admin/Downloads/Project/Github/ETL_Project/scripts/deploy_full_pipeline.py:311"}
{"time":"2026-07-07T14:19:10", "level":"WARNING", "message":"[WARNING] 101 rejected records in bronze ingestion for SSI | record_id=None", "caller":"/mnt/c/Users/Admin/Downloads/Project/Github/ETL_Project/platforms/processing/base_processing_subsystem/subsystem5_and_30_error_event_schema_and_escalate.py:114"}
{"time":"2026-07-07T14:19:10", "level":"INFO", "message":"[LINEAGE] external.cophieu68_SSI -> bronze.bronze_stock_prices | op=APPEND | rows=0", "caller":"/mnt/c/Users/Admin/Downloads/Project/Github/ETL_Project/platforms/processing/base_processing_subsystem/subsystem34_metadata_repo.py:372"}
{"time":"2026-07-07T14:19:10", "level":"INFO", "message":"[BronzeExecutor] Processing symbol=ST8 batch_id=batch_ST8_20260707071910_c1953a60", "caller":"/mnt/c/Users/Admin/Downloads/Project/Github/ETL_Project/scripts/deploy_full_pipeline.py:510"}
{"time":"2026-07-07T14:19:11", "level":"INFO", "message":"[BronzeIngester:ST8] Start processing 101 records.", "caller":"/mnt/c/Users/Admin/Downloads/Project/Github/ETL_Project/scripts/deploy_full_pipeline.py:302"}
{"time":"2026-07-07T14:19:11", "level":"WARNING", "message":"[BronzeIngester:ST8] No records passed DQ checks.", "caller":"/mnt/c/Users/Admin/Downloads/Project/Github/ETL_Project/scripts/deploy_full_pipeline.py:311"}
{"time":"2026-07-07T14:19:11", "level":"WARNING", "message":"[WARNING] 101 rejected records in bronze ingestion for ST8 | record_id=None", "caller":"/mnt/c/Users/Admin/Downloads/Project/Github/ETL_Project/platforms/processing/base_processing_subsystem/subsystem5_and_30_error_event_schema_and_escalate.py:114"}
{"time":"2026-07-07T14:19:11", "level":"INFO", "message":"[LINEAGE] external.cophieu68_ST8 -> bronze.bronze_stock_prices | op=APPEND | rows=0", "caller":"/mnt/c/Users/Admin/Downloads/Project/Github/ETL_Project/platforms/processing/base_processing_subsystem/subsystem34_metadata_repo.py:372"}
{"time":"2026-07-07T14:19:11", "level":"INFO", "message":"[BronzeExecutor] Processing symbol=STB batch_id=batch_STB_20260707071911_0906a08f", "caller":"/mnt/c/Users/Admin/Downloads/Project/Github/ETL_Project/scripts/deploy_full_pipeline.py:510"}
{"time":"2026-07-07T14:19:12", "level":"INFO", "message":"[BronzeIngester:STB] Start processing 101 records.", "caller":"/mnt/c/Users/Admin/Downloads/Project/Github/ETL_Project/scripts/deploy_full_pipeline.py:302"}
{"time":"2026-07-07T14:19:12", "level":"WARNING", "message":"[BronzeIngester:STB] No records passed DQ checks.", "caller":"/mnt/c/Users/Admin/Downloads/Project/Github/ETL_Project/scripts/deploy_full_pipeline.py:311"}
{"time":"2026-07-07T14:19:12", "level":"WARNING", "message":"[WARNING] 101 rejected records in bronze ingestion for STB | record_id=None", "caller":"/mnt/c/Users/Admin/Downloads/Project/Github/ETL_Project/platforms/processing/base_processing_subsystem/subsystem5_and_30_error_event_schema_and_escalate.py:114"}
{"time":"2026-07-07T14:19:12", "level":"INFO", "message":"[LINEAGE] external.cophieu68_STB -> bronze.bronze_stock_prices | op=APPEND | rows=0", "caller":"/mnt/c/Users/Admin/Downloads/Project/Github/ETL_Project/platforms/processing/base_processing_subsystem/subsystem34_metadata_repo.py:372"}
{"time":"2026-07-07T14:19:12", "level":"INFO", "message":"[BronzeExecutor] Processing symbol=STG batch_id=batch_STG_20260707071912_f1252a38", "caller":"/mnt/c/Users/Admin/Downloads/Project/Github/ETL_Project/scripts/deploy_full_pipeline.py:510"}
{"time":"2026-07-07T14:19:13", "level":"INFO", "message":"[BronzeIngester:STG] Start processing 101 records.", "caller":"/mnt/c/Users/Admin/Downloads/Project/Github/ETL_Project/scripts/deploy_full_pipeline.py:302"}
{"time":"2026-07-07T14:19:13", "level":"WARNING", "message":"[BronzeIngester:STG] No records passed DQ checks.", "caller":"/mnt/c/Users/Admin/Downloads/Project/Github/ETL_Project/scripts/deploy_full_pipeline.py:311"}
{"time":"2026-07-07T14:19:13", "level":"WARNING", "message":"[WARNING] 101 rejected records in bronze ingestion for STG | record_id=None", "caller":"/mnt/c/Users/Admin/Downloads/Project/Github/ETL_Project/platforms/processing/base_processing_subsystem/subsystem5_and_30_error_event_schema_and_escalate.py:114"}
{"time":"2026-07-07T14:19:13", "level":"INFO", "message":"[LINEAGE] external.cophieu68_STG -> bronze.bronze_stock_prices | op=APPEND | rows=0", "caller":"/mnt/c/Users/Admin/Downloads/Project/Github/ETL_Project/platforms/processing/base_processing_subsystem/subsystem34_metadata_repo.py:372"}
{"time":"2026-07-07T14:19:13", "level":"INFO", "message":"[BronzeExecutor] Processing symbol=STK batch_id=batch_STK_20260707071913_7fb1fc2d", "caller":"/mnt/c/Users/Admin/Downloads/Project/Github/ETL_Project/scripts/deploy_full_pipeline.py:510"}
{"time":"2026-07-07T14:19:14", "level":"INFO", "message":"[BronzeIngester:STK] Start processing 101 records.", "caller":"/mnt/c/Users/Admin/Downloads/Project/Github/ETL_Project/scripts/deploy_full_pipeline.py:302"}
{"time":"2026-07-07T14:19:14", "level":"WARNING", "message":"[BronzeIngester:STK] No records passed DQ checks.", "caller":"/mnt/c/Users/Admin/Downloads/Project/Github/ETL_Project/scripts/deploy_full_pipeline.py:311"}
{"time":"2026-07-07T14:19:14", "level":"WARNING", "message":"[WARNING] 101 rejected records in bronze ingestion for STK | record_id=None", "caller":"/mnt/c/Users/Admin/Downloads/Project/Github/ETL_Project/platforms/processing/base_processing_subsystem/subsystem5_and_30_error_event_schema_and_escalate.py:114"}
{"time":"2026-07-07T14:19:14", "level":"INFO", "message":"[LINEAGE] external.cophieu68_STK -> bronze.bronze_stock_prices | op=APPEND | rows=0", "caller":"/mnt/c/Users/Admin/Downloads/Project/Github/ETL_Project/platforms/processing/base_processing_subsystem/subsystem34_metadata_repo.py:372"}
{"time":"2026-07-07T14:19:14", "level":"INFO", "message":"[BronzeExecutor] Processing symbol=SVC batch_id=batch_SVC_20260707071914_3bc6a19f", "caller":"/mnt/c/Users/Admin/Downloads/Project/Github/ETL_Project/scripts/deploy_full_pipeline.py:510"}
{"time":"2026-07-07T14:19:14", "level":"INFO", "message":"[BronzeIngester:SVC] Start processing 101 records.", "caller":"/mnt/c/Users/Admin/Downloads/Project/Github/ETL_Project/scripts/deploy_full_pipeline.py:302"}
{"time":"2026-07-07T14:19:14", "level":"WARNING", "message":"[BronzeIngester:SVC] No records passed DQ checks.", "caller":"/mnt/c/Users/Admin/Downloads/Project/Github/ETL_Project/scripts/deploy_full_pipeline.py:311"}
{"time":"2026-07-07T14:19:14", "level":"WARNING", "message":"[WARNING] 101 rejected records in bronze ingestion for SVC | record_id=None", "caller":"/mnt/c/Users/Admin/Downloads/Project/Github/ETL_Project/platforms/processing/base_processing_subsystem/subsystem5_and_30_error_event_schema_and_escalate.py:114"}
{"time":"2026-07-07T14:19:15", "level":"INFO", "message":"[LINEAGE] external.cophieu68_SVC -> bronze.bronze_stock_prices | op=APPEND | rows=0", "caller":"/mnt/c/Users/Admin/Downloads/Project/Github/ETL_Project/platforms/processing/base_processing_subsystem/subsystem34_metadata_repo.py:372"}
{"time":"2026-07-07T14:19:15", "level":"INFO", "message":"[BronzeExecutor] Processing symbol=SVD batch_id=batch_SVD_20260707071915_bd2992ce", "caller":"/mnt/c/Users/Admin/Downloads/Project/Github/ETL_Project/scripts/deploy_full_pipeline.py:510"}
{"time":"2026-07-07T14:19:15", "level":"INFO", "message":"[BronzeIngester:SVD] Start processing 101 records.", "caller":"/mnt/c/Users/Admin/Downloads/Project/Github/ETL_Project/scripts/deploy_full_pipeline.py:302"}
{"time":"2026-07-07T14:19:15", "level":"WARNING", "message":"[BronzeIngester:SVD] No records passed DQ checks.", "caller":"/mnt/c/Users/Admin/Downloads/Project/Github/ETL_Project/scripts/deploy_full_pipeline.py:311"}
{"time":"2026-07-07T14:19:15", "level":"WARNING", "message":"[WARNING] 101 rejected records in bronze ingestion for SVD | record_id=None", "caller":"/mnt/c/Users/Admin/Downloads/Project/Github/ETL_Project/platforms/processing/base_processing_subsystem/subsystem5_and_30_error_event_schema_and_escalate.py:114"}
{"time":"2026-07-07T14:19:15", "level":"INFO", "message":"[LINEAGE] external.cophieu68_SVD -> bronze.bronze_stock_prices | op=APPEND | rows=0", "caller":"/mnt/c/Users/Admin/Downloads/Project/Github/ETL_Project/platforms/processing/base_processing_subsystem/subsystem34_metadata_repo.py:372"}
{"time":"2026-07-07T14:19:15", "level":"INFO", "message":"[BronzeExecutor] Processing symbol=SVI batch_id=batch_SVI_20260707071915_7e6700b4", "caller":"/mnt/c/Users/Admin/Downloads/Project/Github/ETL_Project/scripts/deploy_full_pipeline.py:510"}
{"time":"2026-07-07T14:19:16", "level":"INFO", "message":"[BronzeIngester:SVI] Start processing 101 records.", "caller":"/mnt/c/Users/Admin/Downloads/Project/Github/ETL_Project/scripts/deploy_full_pipeline.py:302"}
{"time":"2026-07-07T14:19:16", "level":"WARNING", "message":"[BronzeIngester:SVI] No records passed DQ checks.", "caller":"/mnt/c/Users/Admin/Downloads/Project/Github/ETL_Project/scripts/deploy_full_pipeline.py:311"}
{"time":"2026-07-07T14:19:16", "level":"WARNING", "message":"[WARNING] 101 rejected records in bronze ingestion for SVI | record_id=None", "caller":"/mnt/c/Users/Admin/Downloads/Project/Github/ETL_Project/platforms/processing/base_processing_subsystem/subsystem5_and_30_error_event_schema_and_escalate.py:114"}
{"time":"2026-07-07T14:19:16", "level":"INFO", "message":"[LINEAGE] external.cophieu68_SVI -> bronze.bronze_stock_prices | op=APPEND | rows=0", "caller":"/mnt/c/Users/Admin/Downloads/Project/Github/ETL_Project/platforms/processing/base_processing_subsystem/subsystem34_metadata_repo.py:372"}
{"time":"2026-07-07T14:19:16", "level":"INFO", "message":"[BronzeExecutor] Processing symbol=SVT batch_id=batch_SVT_20260707071916_639f62b4", "caller":"/mnt/c/Users/Admin/Downloads/Project/Github/ETL_Project/scripts/deploy_full_pipeline.py:510"}
{"time":"2026-07-07T14:19:17", "level":"INFO", "message":"[BronzeIngester:SVT] Start processing 101 records.", "caller":"/mnt/c/Users/Admin/Downloads/Project/Github/ETL_Project/scripts/deploy_full_pipeline.py:302"}
{"time":"2026-07-07T14:19:17", "level":"WARNING", "message":"[BronzeIngester:SVT] No records passed DQ checks.", "caller":"/mnt/c/Users/Admin/Downloads/Project/Github/ETL_Project/scripts/deploy_full_pipeline.py:311"}
{"time":"2026-07-07T14:19:17", "level":"WARNING", "message":"[WARNING] 101 rejected records in bronze ingestion for SVT | record_id=None", "caller":"/mnt/c/Users/Admin/Downloads/Project/Github/ETL_Project/platforms/processing/base_processing_subsystem/subsystem5_and_30_error_event_schema_and_escalate.py:114"}
{"time":"2026-07-07T14:19:17", "level":"INFO", "message":"[LINEAGE] external.cophieu68_SVT -> bronze.bronze_stock_prices | op=APPEND | rows=0", "caller":"/mnt/c/Users/Admin/Downloads/Project/Github/ETL_Project/platforms/processing/base_processing_subsystem/subsystem34_metadata_repo.py:372"}
{"time":"2026-07-07T14:19:17", "level":"INFO", "message":"[BronzeExecutor] Processing symbol=SZC batch_id=batch_SZC_20260707071917_85de3de3", "caller":"/mnt/c/Users/Admin/Downloads/Project/Github/ETL_Project/scripts/deploy_full_pipeline.py:510"}
{"time":"2026-07-07T14:19:17", "level":"INFO", "message":"[BronzeIngester:SZC] Start processing 101 records.", "caller":"/mnt/c/Users/Admin/Downloads/Project/Github/ETL_Project/scripts/deploy_full_pipeline.py:302"}
{"time":"2026-07-07T14:19:17", "level":"WARNING", "message":"[BronzeIngester:SZC] No records passed DQ checks.", "caller":"/mnt/c/Users/Admin/Downloads/Project/Github/ETL_Project/scripts/deploy_full_pipeline.py:311"}
{"time":"2026-07-07T14:19:17", "level":"WARNING", "message":"[WARNING] 101 rejected records in bronze ingestion for SZC | record_id=None", "caller":"/mnt/c/Users/Admin/Downloads/Project/Github/ETL_Project/platforms/processing/base_processing_subsystem/subsystem5_and_30_error_event_schema_and_escalate.py:114"}
{"time":"2026-07-07T14:19:17", "level":"INFO", "message":"[LINEAGE] external.cophieu68_SZC -> bronze.bronze_stock_prices | op=APPEND | rows=0", "caller":"/mnt/c/Users/Admin/Downloads/Project/Github/ETL_Project/platforms/processing/base_processing_subsystem/subsystem34_metadata_repo.py:372"}
{"time":"2026-07-07T14:19:17", "level":"INFO", "message":"[BronzeExecutor] Processing symbol=SZL batch_id=batch_SZL_20260707071917_eace9a3a", "caller":"/mnt/c/Users/Admin/Downloads/Project/Github/ETL_Project/scripts/deploy_full_pipeline.py:510"}
{"time":"2026-07-07T14:19:18", "level":"INFO", "message":"[BronzeIngester:SZL] Start processing 101 records.", "caller":"/mnt/c/Users/Admin/Downloads/Project/Github/ETL_Project/scripts/deploy_full_pipeline.py:302"}
{"time":"2026-07-07T14:19:18", "level":"WARNING", "message":"[BronzeIngester:SZL] No records passed DQ checks.", "caller":"/mnt/c/Users/Admin/Downloads/Project/Github/ETL_Project/scripts/deploy_full_pipeline.py:311"}
{"time":"2026-07-07T14:19:18", "level":"WARNING", "message":"[WARNING] 101 rejected records in bronze ingestion for SZL | record_id=None", "caller":"/mnt/c/Users/Admin/Downloads/Project/Github/ETL_Project/platforms/processing/base_processing_subsystem/subsystem5_and_30_error_event_schema_and_escalate.py:114"}
{"time":"2026-07-07T14:19:19", "level":"INFO", "message":"[LINEAGE] external.cophieu68_SZL -> bronze.bronze_stock_prices | op=APPEND | rows=0", "caller":"/mnt/c/Users/Admin/Downloads/Project/Github/ETL_Project/platforms/processing/base_processing_subsystem/subsystem34_metadata_repo.py:372"}
{"time":"2026-07-07T14:19:19", "level":"INFO", "message":"[BronzeExecutor] Processing symbol=TBC batch_id=batch_TBC_20260707071919_2420b09c", "caller":"/mnt/c/Users/Admin/Downloads/Project/Github/ETL_Project/scripts/deploy_full_pipeline.py:510"}
{"time":"2026-07-07T14:19:19", "level":"INFO", "message":"[BronzeIngester:TBC] Start processing 101 records.", "caller":"/mnt/c/Users/Admin/Downloads/Project/Github/ETL_Project/scripts/deploy_full_pipeline.py:302"}
{"time":"2026-07-07T14:19:19", "level":"WARNING", "message":"[BronzeIngester:TBC] No records passed DQ checks.", "caller":"/mnt/c/Users/Admin/Downloads/Project/Github/ETL_Project/scripts/deploy_full_pipeline.py:311"}
{"time":"2026-07-07T14:19:19", "level":"WARNING", "message":"[WARNING] 101 rejected records in bronze ingestion for TBC | record_id=None", "caller":"/mnt/c/Users/Admin/Downloads/Project/Github/ETL_Project/platforms/processing/base_processing_subsystem/subsystem5_and_30_error_event_schema_and_escalate.py:114"}
{"time":"2026-07-07T14:19:19", "level":"INFO", "message":"[LINEAGE] external.cophieu68_TBC -> bronze.bronze_stock_prices | op=APPEND | rows=0", "caller":"/mnt/c/Users/Admin/Downloads/Project/Github/ETL_Project/platforms/processing/base_processing_subsystem/subsystem34_metadata_repo.py:372"}
{"time":"2026-07-07T14:19:19", "level":"INFO", "message":"[BronzeExecutor] Processing symbol=TCB batch_id=batch_TCB_20260707071919_7a9954f7", "caller":"/mnt/c/Users/Admin/Downloads/Project/Github/ETL_Project/scripts/deploy_full_pipeline.py:510"}
{"time":"2026-07-07T14:19:20", "level":"INFO", "message":"[BronzeIngester:TCB] Start processing 101 records.", "caller":"/mnt/c/Users/Admin/Downloads/Project/Github/ETL_Project/scripts/deploy_full_pipeline.py:302"}
{"time":"2026-07-07T14:19:20", "level":"WARNING", "message":"[BronzeIngester:TCB] No records passed DQ checks.", "caller":"/mnt/c/Users/Admin/Downloads/Project/Github/ETL_Project/scripts/deploy_full_pipeline.py:311"}
{"time":"2026-07-07T14:19:20", "level":"WARNING", "message":"[WARNING] 101 rejected records in bronze ingestion for TCB | record_id=None", "caller":"/mnt/c/Users/Admin/Downloads/Project/Github/ETL_Project/platforms/processing/base_processing_subsystem/subsystem5_and_30_error_event_schema_and_escalate.py:114"}
{"time":"2026-07-07T14:19:20", "level":"INFO", "message":"[LINEAGE] external.cophieu68_TCB -> bronze.bronze_stock_prices | op=APPEND | rows=0", "caller":"/mnt/c/Users/Admin/Downloads/Project/Github/ETL_Project/platforms/processing/base_processing_subsystem/subsystem34_metadata_repo.py:372"}
{"time":"2026-07-07T14:19:20", "level":"INFO", "message":"[BronzeExecutor] Processing symbol=TCD batch_id=batch_TCD_20260707071920_f3aa4dba", "caller":"/mnt/c/Users/Admin/Downloads/Project/Github/ETL_Project/scripts/deploy_full_pipeline.py:510"}
{"time":"2026-07-07T14:19:20", "level":"INFO", "message":"[BronzeIngester:TCD] Start processing 101 records.", "caller":"/mnt/c/Users/Admin/Downloads/Project/Github/ETL_Project/scripts/deploy_full_pipeline.py:302"}
{"time":"2026-07-07T14:19:21", "level":"WARNING", "message":"[BronzeIngester:TCD] No records passed DQ checks.", "caller":"/mnt/c/Users/Admin/Downloads/Project/Github/ETL_Project/scripts/deploy_full_pipeline.py:311"}
{"time":"2026-07-07T14:19:21", "level":"WARNING", "message":"[WARNING] 101 rejected records in bronze ingestion for TCD | record_id=None", "caller":"/mnt/c/Users/Admin/Downloads/Project/Github/ETL_Project/platforms/processing/base_processing_subsystem/subsystem5_and_30_error_event_schema_and_escalate.py:114"}
{"time":"2026-07-07T14:19:21", "level":"INFO", "message":"[LINEAGE] external.cophieu68_TCD -> bronze.bronze_stock_prices | op=APPEND | rows=0", "caller":"/mnt/c/Users/Admin/Downloads/Project/Github/ETL_Project/platforms/processing/base_processing_subsystem/subsystem34_metadata_repo.py:372"}
{"time":"2026-07-07T14:19:21", "level":"INFO", "message":"[BronzeExecutor] Processing symbol=TCH batch_id=batch_TCH_20260707071921_9dbe002e", "caller":"/mnt/c/Users/Admin/Downloads/Project/Github/ETL_Project/scripts/deploy_full_pipeline.py:510"}
{"time":"2026-07-07T14:19:21", "level":"INFO", "message":"[BronzeIngester:TCH] Start processing 101 records.", "caller":"/mnt/c/Users/Admin/Downloads/Project/Github/ETL_Project/scripts/deploy_full_pipeline.py:302"}
{"time":"2026-07-07T14:19:21", "level":"WARNING", "message":"[BronzeIngester:TCH] No records passed DQ checks.", "caller":"/mnt/c/Users/Admin/Downloads/Project/Github/ETL_Project/scripts/deploy_full_pipeline.py:311"}
{"time":"2026-07-07T14:19:21", "level":"WARNING", "message":"[WARNING] 101 rejected records in bronze ingestion for TCH | record_id=None", "caller":"/mnt/c/Users/Admin/Downloads/Project/Github/ETL_Project/platforms/processing/base_processing_subsystem/subsystem5_and_30_error_event_schema_and_escalate.py:114"}
{"time":"2026-07-07T14:19:21", "level":"INFO", "message":"[LINEAGE] external.cophieu68_TCH -> bronze.bronze_stock_prices | op=APPEND | rows=0", "caller":"/mnt/c/Users/Admin/Downloads/Project/Github/ETL_Project/platforms/processing/base_processing_subsystem/subsystem34_metadata_repo.py:372"}
{"time":"2026-07-07T14:19:21", "level":"INFO", "message":"[BronzeExecutor] Processing symbol=TCL batch_id=batch_TCL_20260707071921_b85c9969", "caller":"/mnt/c/Users/Admin/Downloads/Project/Github/ETL_Project/scripts/deploy_full_pipeline.py:510"}
{"time":"2026-07-07T14:19:22", "level":"INFO", "message":"[BronzeIngester:TCL] Start processing 101 records.", "caller":"/mnt/c/Users/Admin/Downloads/Project/Github/ETL_Project/scripts/deploy_full_pipeline.py:302"}
{"time":"2026-07-07T14:19:22", "level":"WARNING", "message":"[BronzeIngester:TCL] No records passed DQ checks.", "caller":"/mnt/c/Users/Admin/Downloads/Project/Github/ETL_Project/scripts/deploy_full_pipeline.py:311"}
{"time":"2026-07-07T14:19:22", "level":"WARNING", "message":"[WARNING] 101 rejected records in bronze ingestion for TCL | record_id=None", "caller":"/mnt/c/Users/Admin/Downloads/Project/Github/ETL_Project/platforms/processing/base_processing_subsystem/subsystem5_and_30_error_event_schema_and_escalate.py:114"}
{"time":"2026-07-07T14:19:22", "level":"INFO", "message":"[LINEAGE] external.cophieu68_TCL -> bronze.bronze_stock_prices | op=APPEND | rows=0", "caller":"/mnt/c/Users/Admin/Downloads/Project/Github/ETL_Project/platforms/processing/base_processing_subsystem/subsystem34_metadata_repo.py:372"}
{"time":"2026-07-07T14:19:22", "level":"INFO", "message":"[BronzeExecutor] Processing symbol=TCM batch_id=batch_TCM_20260707071922_9adab528", "caller":"/mnt/c/Users/Admin/Downloads/Project/Github/ETL_Project/scripts/deploy_full_pipeline.py:510"}
{"time":"2026-07-07T14:19:23", "level":"INFO", "message":"[BronzeIngester:TCM] Start processing 101 records.", "caller":"/mnt/c/Users/Admin/Downloads/Project/Github/ETL_Project/scripts/deploy_full_pipeline.py:302"}
{"time":"2026-07-07T14:19:23", "level":"WARNING", "message":"[BronzeIngester:TCM] No records passed DQ checks.", "caller":"/mnt/c/Users/Admin/Downloads/Project/Github/ETL_Project/scripts/deploy_full_pipeline.py:311"}
{"time":"2026-07-07T14:19:23", "level":"WARNING", "message":"[WARNING] 101 rejected records in bronze ingestion for TCM | record_id=None", "caller":"/mnt/c/Users/Admin/Downloads/Project/Github/ETL_Project/platforms/processing/base_processing_subsystem/subsystem5_and_30_error_event_schema_and_escalate.py:114"}
{"time":"2026-07-07T14:19:23", "level":"INFO", "message":"[LINEAGE] external.cophieu68_TCM -> bronze.bronze_stock_prices | op=APPEND | rows=0", "caller":"/mnt/c/Users/Admin/Downloads/Project/Github/ETL_Project/platforms/processing/base_processing_subsystem/subsystem34_metadata_repo.py:372"}
{"time":"2026-07-07T14:19:23", "level":"INFO", "message":"[BronzeExecutor] Processing symbol=TCO batch_id=batch_TCO_20260707071923_133d1520", "caller":"/mnt/c/Users/Admin/Downloads/Project/Github/ETL_Project/scripts/deploy_full_pipeline.py:510"}
{"time":"2026-07-07T14:19:24", "level":"INFO", "message":"[BronzeIngester:TCO] Start processing 101 records.", "caller":"/mnt/c/Users/Admin/Downloads/Project/Github/ETL_Project/scripts/deploy_full_pipeline.py:302"}
{"time":"2026-07-07T14:19:24", "level":"WARNING", "message":"[BronzeIngester:TCO] No records passed DQ checks.", "caller":"/mnt/c/Users/Admin/Downloads/Project/Github/ETL_Project/scripts/deploy_full_pipeline.py:311"}
{"time":"2026-07-07T14:19:24", "level":"WARNING", "message":"[WARNING] 101 rejected records in bronze ingestion for TCO | record_id=None", "caller":"/mnt/c/Users/Admin/Downloads/Project/Github/ETL_Project/platforms/processing/base_processing_subsystem/subsystem5_and_30_error_event_schema_and_escalate.py:114"}
{"time":"2026-07-07T14:19:24", "level":"INFO", "message":"[LINEAGE] external.cophieu68_TCO -> bronze.bronze_stock_prices | op=APPEND | rows=0", "caller":"/mnt/c/Users/Admin/Downloads/Project/Github/ETL_Project/platforms/processing/base_processing_subsystem/subsystem34_metadata_repo.py:372"}
{"time":"2026-07-07T14:19:24", "level":"INFO", "message":"[BronzeExecutor] Processing symbol=TCR batch_id=batch_TCR_20260707071924_9b9dfb54", "caller":"/mnt/c/Users/Admin/Downloads/Project/Github/ETL_Project/scripts/deploy_full_pipeline.py:510"}
{"time":"2026-07-07T14:19:24", "level":"INFO", "message":"[BronzeIngester:TCR] Start processing 101 records.", "caller":"/mnt/c/Users/Admin/Downloads/Project/Github/ETL_Project/scripts/deploy_full_pipeline.py:302"}
{"time":"2026-07-07T14:19:24", "level":"WARNING", "message":"[BronzeIngester:TCR] No records passed DQ checks.", "caller":"/mnt/c/Users/Admin/Downloads/Project/Github/ETL_Project/scripts/deploy_full_pipeline.py:311"}
{"time":"2026-07-07T14:19:24", "level":"WARNING", "message":"[WARNING] 101 rejected records in bronze ingestion for TCR | record_id=None", "caller":"/mnt/c/Users/Admin/Downloads/Project/Github/ETL_Project/platforms/processing/base_processing_subsystem/subsystem5_and_30_error_event_schema_and_escalate.py:114"}
{"time":"2026-07-07T14:19:24", "level":"INFO", "message":"[LINEAGE] external.cophieu68_TCR -> bronze.bronze_stock_prices | op=APPEND | rows=0", "caller":"/mnt/c/Users/Admin/Downloads/Project/Github/ETL_Project/platforms/processing/base_processing_subsystem/subsystem34_metadata_repo.py:372"}
{"time":"2026-07-07T14:19:24", "level":"INFO", "message":"[BronzeExecutor] Processing symbol=TCT batch_id=batch_TCT_20260707071924_c4c8c201", "caller":"/mnt/c/Users/Admin/Downloads/Project/Github/ETL_Project/scripts/deploy_full_pipeline.py:510"}
{"time":"2026-07-07T14:19:25", "level":"INFO", "message":"[BronzeIngester:TCT] Start processing 101 records.", "caller":"/mnt/c/Users/Admin/Downloads/Project/Github/ETL_Project/scripts/deploy_full_pipeline.py:302"}
{"time":"2026-07-07T14:19:25", "level":"WARNING", "message":"[BronzeIngester:TCT] No records passed DQ checks.", "caller":"/mnt/c/Users/Admin/Downloads/Project/Github/ETL_Project/scripts/deploy_full_pipeline.py:311"}
{"time":"2026-07-07T14:19:25", "level":"WARNING", "message":"[WARNING] 101 rejected records in bronze ingestion for TCT | record_id=None", "caller":"/mnt/c/Users/Admin/Downloads/Project/Github/ETL_Project/platforms/processing/base_processing_subsystem/subsystem5_and_30_error_event_schema_and_escalate.py:114"}
{"time":"2026-07-07T14:19:25", "level":"INFO", "message":"[LINEAGE] external.cophieu68_TCT -> bronze.bronze_stock_prices | op=APPEND | rows=0", "caller":"/mnt/c/Users/Admin/Downloads/Project/Github/ETL_Project/platforms/processing/base_processing_subsystem/subsystem34_metadata_repo.py:372"}
{"time":"2026-07-07T14:19:25", "level":"INFO", "message":"[BronzeExecutor] Processing symbol=TDC batch_id=batch_TDC_20260707071925_9ecba3ea", "caller":"/mnt/c/Users/Admin/Downloads/Project/Github/ETL_Project/scripts/deploy_full_pipeline.py:510"}
{"time":"2026-07-07T14:19:26", "level":"INFO", "message":"[BronzeIngester:TDC] Start processing 101 records.", "caller":"/mnt/c/Users/Admin/Downloads/Project/Github/ETL_Project/scripts/deploy_full_pipeline.py:302"}
{"time":"2026-07-07T14:19:26", "level":"WARNING", "message":"[BronzeIngester:TDC] No records passed DQ checks.", "caller":"/mnt/c/Users/Admin/Downloads/Project/Github/ETL_Project/scripts/deploy_full_pipeline.py:311"}
{"time":"2026-07-07T14:19:26", "level":"WARNING", "message":"[WARNING] 101 rejected records in bronze ingestion for TDC | record_id=None", "caller":"/mnt/c/Users/Admin/Downloads/Project/Github/ETL_Project/platforms/processing/base_processing_subsystem/subsystem5_and_30_error_event_schema_and_escalate.py:114"}
{"time":"2026-07-07T14:19:26", "level":"INFO", "message":"[LINEAGE] external.cophieu68_TDC -> bronze.bronze_stock_prices | op=APPEND | rows=0", "caller":"/mnt/c/Users/Admin/Downloads/Project/Github/ETL_Project/platforms/processing/base_processing_subsystem/subsystem34_metadata_repo.py:372"}
{"time":"2026-07-07T14:19:26", "level":"INFO", "message":"[BronzeExecutor] Processing symbol=TDG batch_id=batch_TDG_20260707071926_15e84db3", "caller":"/mnt/c/Users/Admin/Downloads/Project/Github/ETL_Project/scripts/deploy_full_pipeline.py:510"}
{"time":"2026-07-07T14:19:27", "level":"INFO", "message":"[BronzeIngester:TDG] Start processing 101 records.", "caller":"/mnt/c/Users/Admin/Downloads/Project/Github/ETL_Project/scripts/deploy_full_pipeline.py:302"}
{"time":"2026-07-07T14:19:27", "level":"WARNING", "message":"[BronzeIngester:TDG] No records passed DQ checks.", "caller":"/mnt/c/Users/Admin/Downloads/Project/Github/ETL_Project/scripts/deploy_full_pipeline.py:311"}
{"time":"2026-07-07T14:19:27", "level":"WARNING", "message":"[WARNING] 101 rejected records in bronze ingestion for TDG | record_id=None", "caller":"/mnt/c/Users/Admin/Downloads/Project/Github/ETL_Project/platforms/processing/base_processing_subsystem/subsystem5_and_30_error_event_schema_and_escalate.py:114"}
{"time":"2026-07-07T14:19:27", "level":"INFO", "message":"[LINEAGE] external.cophieu68_TDG -> bronze.bronze_stock_prices | op=APPEND | rows=0", "caller":"/mnt/c/Users/Admin/Downloads/Project/Github/ETL_Project/platforms/processing/base_processing_subsystem/subsystem34_metadata_repo.py:372"}
{"time":"2026-07-07T14:19:27", "level":"INFO", "message":"[BronzeExecutor] Processing symbol=TDH batch_id=batch_TDH_20260707071927_3bbf7abe", "caller":"/mnt/c/Users/Admin/Downloads/Project/Github/ETL_Project/scripts/deploy_full_pipeline.py:510"}
{"time":"2026-07-07T14:19:28", "level":"INFO", "message":"[BronzeIngester:TDH] Start processing 101 records.", "caller":"/mnt/c/Users/Admin/Downloads/Project/Github/ETL_Project/scripts/deploy_full_pipeline.py:302"}
{"time":"2026-07-07T14:19:28", "level":"WARNING", "message":"[BronzeIngester:TDH] No records passed DQ checks.", "caller":"/mnt/c/Users/Admin/Downloads/Project/Github/ETL_Project/scripts/deploy_full_pipeline.py:311"}
{"time":"2026-07-07T14:19:28", "level":"WARNING", "message":"[WARNING] 101 rejected records in bronze ingestion for TDH | record_id=None", "caller":"/mnt/c/Users/Admin/Downloads/Project/Github/ETL_Project/platforms/processing/base_processing_subsystem/subsystem5_and_30_error_event_schema_and_escalate.py:114"}
{"time":"2026-07-07T14:19:28", "level":"INFO", "message":"[LINEAGE] external.cophieu68_TDH -> bronze.bronze_stock_prices | op=APPEND | rows=0", "caller":"/mnt/c/Users/Admin/Downloads/Project/Github/ETL_Project/platforms/processing/base_processing_subsystem/subsystem34_metadata_repo.py:372"}
{"time":"2026-07-07T14:19:28", "level":"INFO", "message":"[BronzeExecutor] Processing symbol=TDM batch_id=batch_TDM_20260707071928_a41813e4", "caller":"/mnt/c/Users/Admin/Downloads/Project/Github/ETL_Project/scripts/deploy_full_pipeline.py:510"}
{"time":"2026-07-07T14:19:28", "level":"INFO", "message":"[BronzeIngester:TDM] Start processing 101 records.", "caller":"/mnt/c/Users/Admin/Downloads/Project/Github/ETL_Project/scripts/deploy_full_pipeline.py:302"}
{"time":"2026-07-07T14:19:28", "level":"WARNING", "message":"[BronzeIngester:TDM] No records passed DQ checks.", "caller":"/mnt/c/Users/Admin/Downloads/Project/Github/ETL_Project/scripts/deploy_full_pipeline.py:311"}
{"time":"2026-07-07T14:19:28", "level":"WARNING", "message":"[WARNING] 101 rejected records in bronze ingestion for TDM | record_id=None", "caller":"/mnt/c/Users/Admin/Downloads/Project/Github/ETL_Project/platforms/processing/base_processing_subsystem/subsystem5_and_30_error_event_schema_and_escalate.py:114"}
{"time":"2026-07-07T14:19:28", "level":"INFO", "message":"[LINEAGE] external.cophieu68_TDM -> bronze.bronze_stock_prices | op=APPEND | rows=0", "caller":"/mnt/c/Users/Admin/Downloads/Project/Github/ETL_Project/platforms/processing/base_processing_subsystem/subsystem34_metadata_repo.py:372"}
{"time":"2026-07-07T14:19:28", "level":"INFO", "message":"[BronzeExecutor] Processing symbol=TDP batch_id=batch_TDP_20260707071928_97388ef0", "caller":"/mnt/c/Users/Admin/Downloads/Project/Github/ETL_Project/scripts/deploy_full_pipeline.py:510"}
{"time":"2026-07-07T14:19:29", "level":"INFO", "message":"[BronzeIngester:TDP] Start processing 101 records.", "caller":"/mnt/c/Users/Admin/Downloads/Project/Github/ETL_Project/scripts/deploy_full_pipeline.py:302"}
{"time":"2026-07-07T14:19:29", "level":"WARNING", "message":"[BronzeIngester:TDP] No records passed DQ checks.", "caller":"/mnt/c/Users/Admin/Downloads/Project/Github/ETL_Project/scripts/deploy_full_pipeline.py:311"}
{"time":"2026-07-07T14:19:29", "level":"WARNING", "message":"[WARNING] 101 rejected records in bronze ingestion for TDP | record_id=None", "caller":"/mnt/c/Users/Admin/Downloads/Project/Github/ETL_Project/platforms/processing/base_processing_subsystem/subsystem5_and_30_error_event_schema_and_escalate.py:114"}
{"time":"2026-07-07T14:19:29", "level":"INFO", "message":"[LINEAGE] external.cophieu68_TDP -> bronze.bronze_stock_prices | op=APPEND | rows=0", "caller":"/mnt/c/Users/Admin/Downloads/Project/Github/ETL_Project/platforms/processing/base_processing_subsystem/subsystem34_metadata_repo.py:372"}
{"time":"2026-07-07T14:19:29", "level":"INFO", "message":"[BronzeExecutor] Processing symbol=TDW batch_id=batch_TDW_20260707071929_b401fbdc", "caller":"/mnt/c/Users/Admin/Downloads/Project/Github/ETL_Project/scripts/deploy_full_pipeline.py:510"}
{"time":"2026-07-07T14:19:30", "level":"INFO", "message":"[BronzeIngester:TDW] Start processing 101 records.", "caller":"/mnt/c/Users/Admin/Downloads/Project/Github/ETL_Project/scripts/deploy_full_pipeline.py:302"}
{"time":"2026-07-07T14:19:30", "level":"WARNING", "message":"[BronzeIngester:TDW] No records passed DQ checks.", "caller":"/mnt/c/Users/Admin/Downloads/Project/Github/ETL_Project/scripts/deploy_full_pipeline.py:311"}
{"time":"2026-07-07T14:19:30", "level":"WARNING", "message":"[WARNING] 101 rejected records in bronze ingestion for TDW | record_id=None", "caller":"/mnt/c/Users/Admin/Downloads/Project/Github/ETL_Project/platforms/processing/base_processing_subsystem/subsystem5_and_30_error_event_schema_and_escalate.py:114"}
{"time":"2026-07-07T14:19:30", "level":"INFO", "message":"[LINEAGE] external.cophieu68_TDW -> bronze.bronze_stock_prices | op=APPEND | rows=0", "caller":"/mnt/c/Users/Admin/Downloads/Project/Github/ETL_Project/platforms/processing/base_processing_subsystem/subsystem34_metadata_repo.py:372"}
{"time":"2026-07-07T14:19:30", "level":"INFO", "message":"[BronzeExecutor] Processing symbol=TEG batch_id=batch_TEG_20260707071930_ff6f703c", "caller":"/mnt/c/Users/Admin/Downloads/Project/Github/ETL_Project/scripts/deploy_full_pipeline.py:510"}
{"time":"2026-07-07T14:19:31", "level":"INFO", "message":"[BronzeIngester:TEG] Start processing 101 records.", "caller":"/mnt/c/Users/Admin/Downloads/Project/Github/ETL_Project/scripts/deploy_full_pipeline.py:302"}
{"time":"2026-07-07T14:19:31", "level":"WARNING", "message":"[BronzeIngester:TEG] No records passed DQ checks.", "caller":"/mnt/c/Users/Admin/Downloads/Project/Github/ETL_Project/scripts/deploy_full_pipeline.py:311"}
{"time":"2026-07-07T14:19:31", "level":"WARNING", "message":"[WARNING] 101 rejected records in bronze ingestion for TEG | record_id=None", "caller":"/mnt/c/Users/Admin/Downloads/Project/Github/ETL_Project/platforms/processing/base_processing_subsystem/subsystem5_and_30_error_event_schema_and_escalate.py:114"}
{"time":"2026-07-07T14:19:31", "level":"INFO", "message":"[LINEAGE] external.cophieu68_TEG -> bronze.bronze_stock_prices | op=APPEND | rows=0", "caller":"/mnt/c/Users/Admin/Downloads/Project/Github/ETL_Project/platforms/processing/base_processing_subsystem/subsystem34_metadata_repo.py:372"}
{"time":"2026-07-07T14:19:31", "level":"INFO", "message":"[BronzeExecutor] Processing symbol=THG batch_id=batch_THG_20260707071931_d5d6e480", "caller":"/mnt/c/Users/Admin/Downloads/Project/Github/ETL_Project/scripts/deploy_full_pipeline.py:510"}
{"time":"2026-07-07T14:19:31", "level":"INFO", "message":"[BronzeIngester:THG] Start processing 101 records.", "caller":"/mnt/c/Users/Admin/Downloads/Project/Github/ETL_Project/scripts/deploy_full_pipeline.py:302"}
{"time":"2026-07-07T14:19:31", "level":"WARNING", "message":"[BronzeIngester:THG] No records passed DQ checks.", "caller":"/mnt/c/Users/Admin/Downloads/Project/Github/ETL_Project/scripts/deploy_full_pipeline.py:311"}
{"time":"2026-07-07T14:19:31", "level":"WARNING", "message":"[WARNING] 101 rejected records in bronze ingestion for THG | record_id=None", "caller":"/mnt/c/Users/Admin/Downloads/Project/Github/ETL_Project/platforms/processing/base_processing_subsystem/subsystem5_and_30_error_event_schema_and_escalate.py:114"}
{"time":"2026-07-07T14:19:31", "level":"INFO", "message":"[LINEAGE] external.cophieu68_THG -> bronze.bronze_stock_prices | op=APPEND | rows=0", "caller":"/mnt/c/Users/Admin/Downloads/Project/Github/ETL_Project/platforms/processing/base_processing_subsystem/subsystem34_metadata_repo.py:372"}
{"time":"2026-07-07T14:19:31", "level":"INFO", "message":"[BronzeExecutor] Processing symbol=TIP batch_id=batch_TIP_20260707071931_a0524449", "caller":"/mnt/c/Users/Admin/Downloads/Project/Github/ETL_Project/scripts/deploy_full_pipeline.py:510"}
{"time":"2026-07-07T14:19:32", "level":"INFO", "message":"[BronzeIngester:TIP] Start processing 101 records.", "caller":"/mnt/c/Users/Admin/Downloads/Project/Github/ETL_Project/scripts/deploy_full_pipeline.py:302"}
{"time":"2026-07-07T14:19:32", "level":"WARNING", "message":"[BronzeIngester:TIP] No records passed DQ checks.", "caller":"/mnt/c/Users/Admin/Downloads/Project/Github/ETL_Project/scripts/deploy_full_pipeline.py:311"}
{"time":"2026-07-07T14:19:32", "level":"WARNING", "message":"[WARNING] 101 rejected records in bronze ingestion for TIP | record_id=None", "caller":"/mnt/c/Users/Admin/Downloads/Project/Github/ETL_Project/platforms/processing/base_processing_subsystem/subsystem5_and_30_error_event_schema_and_escalate.py:114"}
{"time":"2026-07-07T14:19:32", "level":"INFO", "message":"[LINEAGE] external.cophieu68_TIP -> bronze.bronze_stock_prices | op=APPEND | rows=0", "caller":"/mnt/c/Users/Admin/Downloads/Project/Github/ETL_Project/platforms/processing/base_processing_subsystem/subsystem34_metadata_repo.py:372"}
{"time":"2026-07-07T14:19:32", "level":"INFO", "message":"[BronzeExecutor] Processing symbol=TIX batch_id=batch_TIX_20260707071932_66de2a59", "caller":"/mnt/c/Users/Admin/Downloads/Project/Github/ETL_Project/scripts/deploy_full_pipeline.py:510"}
{"time":"2026-07-07T14:19:33", "level":"INFO", "message":"[BronzeIngester:TIX] Start processing 101 records.", "caller":"/mnt/c/Users/Admin/Downloads/Project/Github/ETL_Project/scripts/deploy_full_pipeline.py:302"}
{"time":"2026-07-07T14:19:33", "level":"WARNING", "message":"[BronzeIngester:TIX] No records passed DQ checks.", "caller":"/mnt/c/Users/Admin/Downloads/Project/Github/ETL_Project/scripts/deploy_full_pipeline.py:311"}
{"time":"2026-07-07T14:19:33", "level":"WARNING", "message":"[WARNING] 101 rejected records in bronze ingestion for TIX | record_id=None", "caller":"/mnt/c/Users/Admin/Downloads/Project/Github/ETL_Project/platforms/processing/base_processing_subsystem/subsystem5_and_30_error_event_schema_and_escalate.py:114"}
{"time":"2026-07-07T14:19:33", "level":"INFO", "message":"[LINEAGE] external.cophieu68_TIX -> bronze.bronze_stock_prices | op=APPEND | rows=0", "caller":"/mnt/c/Users/Admin/Downloads/Project/Github/ETL_Project/platforms/processing/base_processing_subsystem/subsystem34_metadata_repo.py:372"}
{"time":"2026-07-07T14:19:33", "level":"INFO", "message":"[BronzeExecutor] Processing symbol=TLD batch_id=batch_TLD_20260707071933_bcccc90f", "caller":"/mnt/c/Users/Admin/Downloads/Project/Github/ETL_Project/scripts/deploy_full_pipeline.py:510"}
{"time":"2026-07-07T14:19:34", "level":"INFO", "message":"[BronzeIngester:TLD] Start processing 101 records.", "caller":"/mnt/c/Users/Admin/Downloads/Project/Github/ETL_Project/scripts/deploy_full_pipeline.py:302"}
{"time":"2026-07-07T14:19:34", "level":"WARNING", "message":"[BronzeIngester:TLD] No records passed DQ checks.", "caller":"/mnt/c/Users/Admin/Downloads/Project/Github/ETL_Project/scripts/deploy_full_pipeline.py:311"}
{"time":"2026-07-07T14:19:34", "level":"WARNING", "message":"[WARNING] 101 rejected records in bronze ingestion for TLD | record_id=None", "caller":"/mnt/c/Users/Admin/Downloads/Project/Github/ETL_Project/platforms/processing/base_processing_subsystem/subsystem5_and_30_error_event_schema_and_escalate.py:114"}
{"time":"2026-07-07T14:19:34", "level":"INFO", "message":"[LINEAGE] external.cophieu68_TLD -> bronze.bronze_stock_prices | op=APPEND | rows=0", "caller":"/mnt/c/Users/Admin/Downloads/Project/Github/ETL_Project/platforms/processing/base_processing_subsystem/subsystem34_metadata_repo.py:372"}
{"time":"2026-07-07T14:19:34", "level":"INFO", "message":"[BronzeExecutor] Processing symbol=TLG batch_id=batch_TLG_20260707071934_ff0737dc", "caller":"/mnt/c/Users/Admin/Downloads/Project/Github/ETL_Project/scripts/deploy_full_pipeline.py:510"}
{"time":"2026-07-07T14:19:34", "level":"INFO", "message":"[BronzeIngester:TLG] Start processing 101 records.", "caller":"/mnt/c/Users/Admin/Downloads/Project/Github/ETL_Project/scripts/deploy_full_pipeline.py:302"}
{"time":"2026-07-07T14:19:34", "level":"WARNING", "message":"[BronzeIngester:TLG] No records passed DQ checks.", "caller":"/mnt/c/Users/Admin/Downloads/Project/Github/ETL_Project/scripts/deploy_full_pipeline.py:311"}
{"time":"2026-07-07T14:19:34", "level":"WARNING", "message":"[WARNING] 101 rejected records in bronze ingestion for TLG | record_id=None", "caller":"/mnt/c/Users/Admin/Downloads/Project/Github/ETL_Project/platforms/processing/base_processing_subsystem/subsystem5_and_30_error_event_schema_and_escalate.py:114"}
{"time":"2026-07-07T14:19:34", "level":"INFO", "message":"[LINEAGE] external.cophieu68_TLG -> bronze.bronze_stock_prices | op=APPEND | rows=0", "caller":"/mnt/c/Users/Admin/Downloads/Project/Github/ETL_Project/platforms/processing/base_processing_subsystem/subsystem34_metadata_repo.py:372"}
{"time":"2026-07-07T14:19:34", "level":"INFO", "message":"[BronzeExecutor] Processing symbol=TLH batch_id=batch_TLH_20260707071934_50f8e6b2", "caller":"/mnt/c/Users/Admin/Downloads/Project/Github/ETL_Project/scripts/deploy_full_pipeline.py:510"}
{"time":"2026-07-07T14:19:35", "level":"INFO", "message":"[BronzeIngester:TLH] Start processing 101 records.", "caller":"/mnt/c/Users/Admin/Downloads/Project/Github/ETL_Project/scripts/deploy_full_pipeline.py:302"}
{"time":"2026-07-07T14:19:35", "level":"WARNING", "message":"[BronzeIngester:TLH] No records passed DQ checks.", "caller":"/mnt/c/Users/Admin/Downloads/Project/Github/ETL_Project/scripts/deploy_full_pipeline.py:311"}
{"time":"2026-07-07T14:19:35", "level":"WARNING", "message":"[WARNING] 101 rejected records in bronze ingestion for TLH | record_id=None", "caller":"/mnt/c/Users/Admin/Downloads/Project/Github/ETL_Project/platforms/processing/base_processing_subsystem/subsystem5_and_30_error_event_schema_and_escalate.py:114"}
{"time":"2026-07-07T14:19:35", "level":"INFO", "message":"[LINEAGE] external.cophieu68_TLH -> bronze.bronze_stock_prices | op=APPEND | rows=0", "caller":"/mnt/c/Users/Admin/Downloads/Project/Github/ETL_Project/platforms/processing/base_processing_subsystem/subsystem34_metadata_repo.py:372"}
{"time":"2026-07-07T14:19:35", "level":"INFO", "message":"[BronzeExecutor] Processing symbol=TMP batch_id=batch_TMP_20260707071935_0482425e", "caller":"/mnt/c/Users/Admin/Downloads/Project/Github/ETL_Project/scripts/deploy_full_pipeline.py:510"}
{"time":"2026-07-07T14:19:37", "level":"INFO", "message":"[BronzeIngester:TMP] Start processing 101 records.", "caller":"/mnt/c/Users/Admin/Downloads/Project/Github/ETL_Project/scripts/deploy_full_pipeline.py:302"}
{"time":"2026-07-07T14:19:37", "level":"WARNING", "message":"[BronzeIngester:TMP] No records passed DQ checks.", "caller":"/mnt/c/Users/Admin/Downloads/Project/Github/ETL_Project/scripts/deploy_full_pipeline.py:311"}
{"time":"2026-07-07T14:19:37", "level":"WARNING", "message":"[WARNING] 101 rejected records in bronze ingestion for TMP | record_id=None", "caller":"/mnt/c/Users/Admin/Downloads/Project/Github/ETL_Project/platforms/processing/base_processing_subsystem/subsystem5_and_30_error_event_schema_and_escalate.py:114"}
{"time":"2026-07-07T14:19:37", "level":"INFO", "message":"[LINEAGE] external.cophieu68_TMP -> bronze.bronze_stock_prices | op=APPEND | rows=0", "caller":"/mnt/c/Users/Admin/Downloads/Project/Github/ETL_Project/platforms/processing/base_processing_subsystem/subsystem34_metadata_repo.py:372"}
{"time":"2026-07-07T14:19:37", "level":"INFO", "message":"[BronzeExecutor] Processing symbol=TMS batch_id=batch_TMS_20260707071937_d3554898", "caller":"/mnt/c/Users/Admin/Downloads/Project/Github/ETL_Project/scripts/deploy_full_pipeline.py:510"}
{"time":"2026-07-07T14:19:36", "level":"INFO", "message":"[BronzeIngester:TMS] Start processing 101 records.", "caller":"/mnt/c/Users/Admin/Downloads/Project/Github/ETL_Project/scripts/deploy_full_pipeline.py:302"}
{"time":"2026-07-07T14:19:36", "level":"WARNING", "message":"[BronzeIngester:TMS] No records passed DQ checks.", "caller":"/mnt/c/Users/Admin/Downloads/Project/Github/ETL_Project/scripts/deploy_full_pipeline.py:311"}
{"time":"2026-07-07T14:19:36", "level":"WARNING", "message":"[WARNING] 101 rejected records in bronze ingestion for TMS | record_id=None", "caller":"/mnt/c/Users/Admin/Downloads/Project/Github/ETL_Project/platforms/processing/base_processing_subsystem/subsystem5_and_30_error_event_schema_and_escalate.py:114"}
{"time":"2026-07-07T14:19:36", "level":"INFO", "message":"[LINEAGE] external.cophieu68_TMS -> bronze.bronze_stock_prices | op=APPEND | rows=0", "caller":"/mnt/c/Users/Admin/Downloads/Project/Github/ETL_Project/platforms/processing/base_processing_subsystem/subsystem34_metadata_repo.py:372"}
{"time":"2026-07-07T14:19:36", "level":"INFO", "message":"[BronzeExecutor] Processing symbol=TMT batch_id=batch_TMT_20260707071936_b2ed9f57", "caller":"/mnt/c/Users/Admin/Downloads/Project/Github/ETL_Project/scripts/deploy_full_pipeline.py:510"}
{"time":"2026-07-07T14:19:36", "level":"INFO", "message":"[BronzeIngester:TMT] Start processing 101 records.", "caller":"/mnt/c/Users/Admin/Downloads/Project/Github/ETL_Project/scripts/deploy_full_pipeline.py:302"}
{"time":"2026-07-07T14:19:36", "level":"WARNING", "message":"[BronzeIngester:TMT] No records passed DQ checks.", "caller":"/mnt/c/Users/Admin/Downloads/Project/Github/ETL_Project/scripts/deploy_full_pipeline.py:311"}
{"time":"2026-07-07T14:19:36", "level":"WARNING", "message":"[WARNING] 101 rejected records in bronze ingestion for TMT | record_id=None", "caller":"/mnt/c/Users/Admin/Downloads/Project/Github/ETL_Project/platforms/processing/base_processing_subsystem/subsystem5_and_30_error_event_schema_and_escalate.py:114"}
{"time":"2026-07-07T14:19:36", "level":"INFO", "message":"[LINEAGE] external.cophieu68_TMT -> bronze.bronze_stock_prices | op=APPEND | rows=0", "caller":"/mnt/c/Users/Admin/Downloads/Project/Github/ETL_Project/platforms/processing/base_processing_subsystem/subsystem34_metadata_repo.py:372"}
{"time":"2026-07-07T14:19:36", "level":"INFO", "message":"[BronzeExecutor] Processing symbol=TN1 batch_id=batch_TN1_20260707071936_0f8b5a8b", "caller":"/mnt/c/Users/Admin/Downloads/Project/Github/ETL_Project/scripts/deploy_full_pipeline.py:510"}
{"time":"2026-07-07T14:19:37", "level":"INFO", "message":"[BronzeIngester:TN1] Start processing 101 records.", "caller":"/mnt/c/Users/Admin/Downloads/Project/Github/ETL_Project/scripts/deploy_full_pipeline.py:302"}
{"time":"2026-07-07T14:19:37", "level":"WARNING", "message":"[BronzeIngester:TN1] No records passed DQ checks.", "caller":"/mnt/c/Users/Admin/Downloads/Project/Github/ETL_Project/scripts/deploy_full_pipeline.py:311"}
{"time":"2026-07-07T14:19:37", "level":"WARNING", "message":"[WARNING] 101 rejected records in bronze ingestion for TN1 | record_id=None", "caller":"/mnt/c/Users/Admin/Downloads/Project/Github/ETL_Project/platforms/processing/base_processing_subsystem/subsystem5_and_30_error_event_schema_and_escalate.py:114"}
{"time":"2026-07-07T14:19:37", "level":"INFO", "message":"[LINEAGE] external.cophieu68_TN1 -> bronze.bronze_stock_prices | op=APPEND | rows=0", "caller":"/mnt/c/Users/Admin/Downloads/Project/Github/ETL_Project/platforms/processing/base_processing_subsystem/subsystem34_metadata_repo.py:372"}
{"time":"2026-07-07T14:19:37", "level":"INFO", "message":"[BronzeExecutor] Processing symbol=TNC batch_id=batch_TNC_20260707071937_3fc9859c", "caller":"/mnt/c/Users/Admin/Downloads/Project/Github/ETL_Project/scripts/deploy_full_pipeline.py:510"}
{"time":"2026-07-07T14:19:38", "level":"INFO", "message":"[BronzeIngester:TNC] Start processing 101 records.", "caller":"/mnt/c/Users/Admin/Downloads/Project/Github/ETL_Project/scripts/deploy_full_pipeline.py:302"}
{"time":"2026-07-07T14:19:38", "level":"WARNING", "message":"[BronzeIngester:TNC] No records passed DQ checks.", "caller":"/mnt/c/Users/Admin/Downloads/Project/Github/ETL_Project/scripts/deploy_full_pipeline.py:311"}
{"time":"2026-07-07T14:19:38", "level":"WARNING", "message":"[WARNING] 101 rejected records in bronze ingestion for TNC | record_id=None", "caller":"/mnt/c/Users/Admin/Downloads/Project/Github/ETL_Project/platforms/processing/base_processing_subsystem/subsystem5_and_30_error_event_schema_and_escalate.py:114"}
{"time":"2026-07-07T14:19:38", "level":"INFO", "message":"[LINEAGE] external.cophieu68_TNC -> bronze.bronze_stock_prices | op=APPEND | rows=0", "caller":"/mnt/c/Users/Admin/Downloads/Project/Github/ETL_Project/platforms/processing/base_processing_subsystem/subsystem34_metadata_repo.py:372"}
{"time":"2026-07-07T14:19:38", "level":"INFO", "message":"[BronzeExecutor] Processing symbol=TNH batch_id=batch_TNH_20260707071938_c2d067ad", "caller":"/mnt/c/Users/Admin/Downloads/Project/Github/ETL_Project/scripts/deploy_full_pipeline.py:510"}
{"time":"2026-07-07T14:19:39", "level":"INFO", "message":"[BronzeIngester:TNH] Start processing 101 records.", "caller":"/mnt/c/Users/Admin/Downloads/Project/Github/ETL_Project/scripts/deploy_full_pipeline.py:302"}
{"time":"2026-07-07T14:19:39", "level":"WARNING", "message":"[BronzeIngester:TNH] No records passed DQ checks.", "caller":"/mnt/c/Users/Admin/Downloads/Project/Github/ETL_Project/scripts/deploy_full_pipeline.py:311"}
{"time":"2026-07-07T14:19:39", "level":"WARNING", "message":"[WARNING] 101 rejected records in bronze ingestion for TNH | record_id=None", "caller":"/mnt/c/Users/Admin/Downloads/Project/Github/ETL_Project/platforms/processing/base_processing_subsystem/subsystem5_and_30_error_event_schema_and_escalate.py:114"}
{"time":"2026-07-07T14:19:39", "level":"INFO", "message":"[LINEAGE] external.cophieu68_TNH -> bronze.bronze_stock_prices | op=APPEND | rows=0", "caller":"/mnt/c/Users/Admin/Downloads/Project/Github/ETL_Project/platforms/processing/base_processing_subsystem/subsystem34_metadata_repo.py:372"}
{"time":"2026-07-07T14:19:39", "level":"INFO", "message":"[BronzeExecutor] Processing symbol=TNI batch_id=batch_TNI_20260707071939_00b5065c", "caller":"/mnt/c/Users/Admin/Downloads/Project/Github/ETL_Project/scripts/deploy_full_pipeline.py:510"}
{"time":"2026-07-07T14:19:39", "level":"INFO", "message":"[BronzeIngester:TNI] Start processing 101 records.", "caller":"/mnt/c/Users/Admin/Downloads/Project/Github/ETL_Project/scripts/deploy_full_pipeline.py:302"}
{"time":"2026-07-07T14:19:39", "level":"WARNING", "message":"[BronzeIngester:TNI] No records passed DQ checks.", "caller":"/mnt/c/Users/Admin/Downloads/Project/Github/ETL_Project/scripts/deploy_full_pipeline.py:311"}
{"time":"2026-07-07T14:19:39", "level":"WARNING", "message":"[WARNING] 101 rejected records in bronze ingestion for TNI | record_id=None", "caller":"/mnt/c/Users/Admin/Downloads/Project/Github/ETL_Project/platforms/processing/base_processing_subsystem/subsystem5_and_30_error_event_schema_and_escalate.py:114"}
{"time":"2026-07-07T14:19:39", "level":"INFO", "message":"[LINEAGE] external.cophieu68_TNI -> bronze.bronze_stock_prices | op=APPEND | rows=0", "caller":"/mnt/c/Users/Admin/Downloads/Project/Github/ETL_Project/platforms/processing/base_processing_subsystem/subsystem34_metadata_repo.py:372"}
{"time":"2026-07-07T14:19:39", "level":"INFO", "message":"[BronzeExecutor] Processing symbol=TNT batch_id=batch_TNT_20260707071939_80617649", "caller":"/mnt/c/Users/Admin/Downloads/Project/Github/ETL_Project/scripts/deploy_full_pipeline.py:510"}
{"time":"2026-07-07T14:19:40", "level":"INFO", "message":"[BronzeIngester:TNT] Start processing 101 records.", "caller":"/mnt/c/Users/Admin/Downloads/Project/Github/ETL_Project/scripts/deploy_full_pipeline.py:302"}
{"time":"2026-07-07T14:19:40", "level":"WARNING", "message":"[BronzeIngester:TNT] No records passed DQ checks.", "caller":"/mnt/c/Users/Admin/Downloads/Project/Github/ETL_Project/scripts/deploy_full_pipeline.py:311"}
{"time":"2026-07-07T14:19:40", "level":"WARNING", "message":"[WARNING] 101 rejected records in bronze ingestion for TNT | record_id=None", "caller":"/mnt/c/Users/Admin/Downloads/Project/Github/ETL_Project/platforms/processing/base_processing_subsystem/subsystem5_and_30_error_event_schema_and_escalate.py:114"}
{"time":"2026-07-07T14:19:40", "level":"INFO", "message":"[LINEAGE] external.cophieu68_TNT -> bronze.bronze_stock_prices | op=APPEND | rows=0", "caller":"/mnt/c/Users/Admin/Downloads/Project/Github/ETL_Project/platforms/processing/base_processing_subsystem/subsystem34_metadata_repo.py:372"}
{"time":"2026-07-07T14:19:40", "level":"INFO", "message":"[BronzeExecutor] Processing symbol=TPB batch_id=batch_TPB_20260707071940_d4766dba", "caller":"/mnt/c/Users/Admin/Downloads/Project/Github/ETL_Project/scripts/deploy_full_pipeline.py:510"}
{"time":"2026-07-07T14:19:41", "level":"INFO", "message":"[BronzeIngester:TPB] Start processing 101 records.", "caller":"/mnt/c/Users/Admin/Downloads/Project/Github/ETL_Project/scripts/deploy_full_pipeline.py:302"}
{"time":"2026-07-07T14:19:41", "level":"WARNING", "message":"[BronzeIngester:TPB] No records passed DQ checks.", "caller":"/mnt/c/Users/Admin/Downloads/Project/Github/ETL_Project/scripts/deploy_full_pipeline.py:311"}
{"time":"2026-07-07T14:19:41", "level":"WARNING", "message":"[WARNING] 101 rejected records in bronze ingestion for TPB | record_id=None", "caller":"/mnt/c/Users/Admin/Downloads/Project/Github/ETL_Project/platforms/processing/base_processing_subsystem/subsystem5_and_30_error_event_schema_and_escalate.py:114"}
{"time":"2026-07-07T14:19:41", "level":"INFO", "message":"[LINEAGE] external.cophieu68_TPB -> bronze.bronze_stock_prices | op=APPEND | rows=0", "caller":"/mnt/c/Users/Admin/Downloads/Project/Github/ETL_Project/platforms/processing/base_processing_subsystem/subsystem34_metadata_repo.py:372"}
{"time":"2026-07-07T14:19:41", "level":"INFO", "message":"[BronzeExecutor] Processing symbol=TPC batch_id=batch_TPC_20260707071941_4f9c5817", "caller":"/mnt/c/Users/Admin/Downloads/Project/Github/ETL_Project/scripts/deploy_full_pipeline.py:510"}
{"time":"2026-07-07T14:19:42", "level":"INFO", "message":"[BronzeIngester:TPC] Start processing 101 records.", "caller":"/mnt/c/Users/Admin/Downloads/Project/Github/ETL_Project/scripts/deploy_full_pipeline.py:302"}
{"time":"2026-07-07T14:19:42", "level":"WARNING", "message":"[BronzeIngester:TPC] No records passed DQ checks.", "caller":"/mnt/c/Users/Admin/Downloads/Project/Github/ETL_Project/scripts/deploy_full_pipeline.py:311"}
{"time":"2026-07-07T14:19:42", "level":"WARNING", "message":"[WARNING] 101 rejected records in bronze ingestion for TPC | record_id=None", "caller":"/mnt/c/Users/Admin/Downloads/Project/Github/ETL_Project/platforms/processing/base_processing_subsystem/subsystem5_and_30_error_event_schema_and_escalate.py:114"}
{"time":"2026-07-07T14:19:42", "level":"INFO", "message":"[LINEAGE] external.cophieu68_TPC -> bronze.bronze_stock_prices | op=APPEND | rows=0", "caller":"/mnt/c/Users/Admin/Downloads/Project/Github/ETL_Project/platforms/processing/base_processing_subsystem/subsystem34_metadata_repo.py:372"}
{"time":"2026-07-07T14:19:42", "level":"INFO", "message":"[BronzeExecutor] Processing symbol=TRA batch_id=batch_TRA_20260707071942_6d6ac789", "caller":"/mnt/c/Users/Admin/Downloads/Project/Github/ETL_Project/scripts/deploy_full_pipeline.py:510"}
{"time":"2026-07-07T14:19:42", "level":"INFO", "message":"[BronzeIngester:TRA] Start processing 101 records.", "caller":"/mnt/c/Users/Admin/Downloads/Project/Github/ETL_Project/scripts/deploy_full_pipeline.py:302"}
{"time":"2026-07-07T14:19:42", "level":"WARNING", "message":"[BronzeIngester:TRA] No records passed DQ checks.", "caller":"/mnt/c/Users/Admin/Downloads/Project/Github/ETL_Project/scripts/deploy_full_pipeline.py:311"}
{"time":"2026-07-07T14:19:42", "level":"WARNING", "message":"[WARNING] 101 rejected records in bronze ingestion for TRA | record_id=None", "caller":"/mnt/c/Users/Admin/Downloads/Project/Github/ETL_Project/platforms/processing/base_processing_subsystem/subsystem5_and_30_error_event_schema_and_escalate.py:114"}
{"time":"2026-07-07T14:19:42", "level":"INFO", "message":"[LINEAGE] external.cophieu68_TRA -> bronze.bronze_stock_prices | op=APPEND | rows=0", "caller":"/mnt/c/Users/Admin/Downloads/Project/Github/ETL_Project/platforms/processing/base_processing_subsystem/subsystem34_metadata_repo.py:372"}
{"time":"2026-07-07T14:19:43", "level":"INFO", "message":"[BronzeExecutor] Processing symbol=TRC batch_id=batch_TRC_20260707071943_2b1943cc", "caller":"/mnt/c/Users/Admin/Downloads/Project/Github/ETL_Project/scripts/deploy_full_pipeline.py:510"}
{"time":"2026-07-07T14:19:43", "level":"INFO", "message":"[BronzeIngester:TRC] Start processing 101 records.", "caller":"/mnt/c/Users/Admin/Downloads/Project/Github/ETL_Project/scripts/deploy_full_pipeline.py:302"}
{"time":"2026-07-07T14:19:43", "level":"WARNING", "message":"[BronzeIngester:TRC] No records passed DQ checks.", "caller":"/mnt/c/Users/Admin/Downloads/Project/Github/ETL_Project/scripts/deploy_full_pipeline.py:311"}
{"time":"2026-07-07T14:19:43", "level":"WARNING", "message":"[WARNING] 101 rejected records in bronze ingestion for TRC | record_id=None", "caller":"/mnt/c/Users/Admin/Downloads/Project/Github/ETL_Project/platforms/processing/base_processing_subsystem/subsystem5_and_30_error_event_schema_and_escalate.py:114"}
{"time":"2026-07-07T14:19:43", "level":"INFO", "message":"[LINEAGE] external.cophieu68_TRC -> bronze.bronze_stock_prices | op=APPEND | rows=0", "caller":"/mnt/c/Users/Admin/Downloads/Project/Github/ETL_Project/platforms/processing/base_processing_subsystem/subsystem34_metadata_repo.py:372"}
{"time":"2026-07-07T14:19:43", "level":"INFO", "message":"[BronzeExecutor] Processing symbol=TSC batch_id=batch_TSC_20260707071943_312b016b", "caller":"/mnt/c/Users/Admin/Downloads/Project/Github/ETL_Project/scripts/deploy_full_pipeline.py:510"}
{"time":"2026-07-07T14:19:44", "level":"INFO", "message":"[BronzeIngester:TSC] Start processing 101 records.", "caller":"/mnt/c/Users/Admin/Downloads/Project/Github/ETL_Project/scripts/deploy_full_pipeline.py:302"}
{"time":"2026-07-07T14:19:44", "level":"WARNING", "message":"[BronzeIngester:TSC] No records passed DQ checks.", "caller":"/mnt/c/Users/Admin/Downloads/Project/Github/ETL_Project/scripts/deploy_full_pipeline.py:311"}
{"time":"2026-07-07T14:19:44", "level":"WARNING", "message":"[WARNING] 101 rejected records in bronze ingestion for TSC | record_id=None", "caller":"/mnt/c/Users/Admin/Downloads/Project/Github/ETL_Project/platforms/processing/base_processing_subsystem/subsystem5_and_30_error_event_schema_and_escalate.py:114"}
{"time":"2026-07-07T14:19:44", "level":"INFO", "message":"[LINEAGE] external.cophieu68_TSC -> bronze.bronze_stock_prices | op=APPEND | rows=0", "caller":"/mnt/c/Users/Admin/Downloads/Project/Github/ETL_Project/platforms/processing/base_processing_subsystem/subsystem34_metadata_repo.py:372"}
{"time":"2026-07-07T14:19:44", "level":"INFO", "message":"[BronzeExecutor] Processing symbol=TTA batch_id=batch_TTA_20260707071944_959e8808", "caller":"/mnt/c/Users/Admin/Downloads/Project/Github/ETL_Project/scripts/deploy_full_pipeline.py:510"}
{"time":"2026-07-07T14:19:45", "level":"INFO", "message":"[BronzeIngester:TTA] Start processing 101 records.", "caller":"/mnt/c/Users/Admin/Downloads/Project/Github/ETL_Project/scripts/deploy_full_pipeline.py:302"}
{"time":"2026-07-07T14:19:45", "level":"WARNING", "message":"[BronzeIngester:TTA] No records passed DQ checks.", "caller":"/mnt/c/Users/Admin/Downloads/Project/Github/ETL_Project/scripts/deploy_full_pipeline.py:311"}
{"time":"2026-07-07T14:19:45", "level":"WARNING", "message":"[WARNING] 101 rejected records in bronze ingestion for TTA | record_id=None", "caller":"/mnt/c/Users/Admin/Downloads/Project/Github/ETL_Project/platforms/processing/base_processing_subsystem/subsystem5_and_30_error_event_schema_and_escalate.py:114"}
{"time":"2026-07-07T14:19:45", "level":"INFO", "message":"[LINEAGE] external.cophieu68_TTA -> bronze.bronze_stock_prices | op=APPEND | rows=0", "caller":"/mnt/c/Users/Admin/Downloads/Project/Github/ETL_Project/platforms/processing/base_processing_subsystem/subsystem34_metadata_repo.py:372"}
{"time":"2026-07-07T14:19:45", "level":"INFO", "message":"[BronzeExecutor] Processing symbol=TTE batch_id=batch_TTE_20260707071945_85a3f5ce", "caller":"/mnt/c/Users/Admin/Downloads/Project/Github/ETL_Project/scripts/deploy_full_pipeline.py:510"}
{"time":"2026-07-07T14:19:45", "level":"INFO", "message":"[BronzeIngester:TTE] Start processing 101 records.", "caller":"/mnt/c/Users/Admin/Downloads/Project/Github/ETL_Project/scripts/deploy_full_pipeline.py:302"}
{"time":"2026-07-07T14:19:45", "level":"WARNING", "message":"[BronzeIngester:TTE] No records passed DQ checks.", "caller":"/mnt/c/Users/Admin/Downloads/Project/Github/ETL_Project/scripts/deploy_full_pipeline.py:311"}
{"time":"2026-07-07T14:19:45", "level":"WARNING", "message":"[WARNING] 101 rejected records in bronze ingestion for TTE | record_id=None", "caller":"/mnt/c/Users/Admin/Downloads/Project/Github/ETL_Project/platforms/processing/base_processing_subsystem/subsystem5_and_30_error_event_schema_and_escalate.py:114"}
{"time":"2026-07-07T14:19:45", "level":"INFO", "message":"[LINEAGE] external.cophieu68_TTE -> bronze.bronze_stock_prices | op=APPEND | rows=0", "caller":"/mnt/c/Users/Admin/Downloads/Project/Github/ETL_Project/platforms/processing/base_processing_subsystem/subsystem34_metadata_repo.py:372"}
{"time":"2026-07-07T14:19:45", "level":"INFO", "message":"[BronzeExecutor] Processing symbol=TTF batch_id=batch_TTF_20260707071945_86050574", "caller":"/mnt/c/Users/Admin/Downloads/Project/Github/ETL_Project/scripts/deploy_full_pipeline.py:510"}
{"time":"2026-07-07T14:19:46", "level":"INFO", "message":"[BronzeIngester:TTF] Start processing 101 records.", "caller":"/mnt/c/Users/Admin/Downloads/Project/Github/ETL_Project/scripts/deploy_full_pipeline.py:302"}
{"time":"2026-07-07T14:19:46", "level":"WARNING", "message":"[BronzeIngester:TTF] No records passed DQ checks.", "caller":"/mnt/c/Users/Admin/Downloads/Project/Github/ETL_Project/scripts/deploy_full_pipeline.py:311"}
{"time":"2026-07-07T14:19:46", "level":"WARNING", "message":"[WARNING] 101 rejected records in bronze ingestion for TTF | record_id=None", "caller":"/mnt/c/Users/Admin/Downloads/Project/Github/ETL_Project/platforms/processing/base_processing_subsystem/subsystem5_and_30_error_event_schema_and_escalate.py:114"}
{"time":"2026-07-07T14:19:47", "level":"INFO", "message":"[LINEAGE] external.cophieu68_TTF -> bronze.bronze_stock_prices | op=APPEND | rows=0", "caller":"/mnt/c/Users/Admin/Downloads/Project/Github/ETL_Project/platforms/processing/base_processing_subsystem/subsystem34_metadata_repo.py:372"}
{"time":"2026-07-07T14:19:47", "level":"INFO", "message":"[BronzeExecutor] Processing symbol=TV2 batch_id=batch_TV2_20260707071947_792401f5", "caller":"/mnt/c/Users/Admin/Downloads/Project/Github/ETL_Project/scripts/deploy_full_pipeline.py:510"}
{"time":"2026-07-07T14:19:47", "level":"INFO", "message":"[BronzeIngester:TV2] Start processing 101 records.", "caller":"/mnt/c/Users/Admin/Downloads/Project/Github/ETL_Project/scripts/deploy_full_pipeline.py:302"}
{"time":"2026-07-07T14:19:47", "level":"WARNING", "message":"[BronzeIngester:TV2] No records passed DQ checks.", "caller":"/mnt/c/Users/Admin/Downloads/Project/Github/ETL_Project/scripts/deploy_full_pipeline.py:311"}
{"time":"2026-07-07T14:19:47", "level":"WARNING", "message":"[WARNING] 101 rejected records in bronze ingestion for TV2 | record_id=None", "caller":"/mnt/c/Users/Admin/Downloads/Project/Github/ETL_Project/platforms/processing/base_processing_subsystem/subsystem5_and_30_error_event_schema_and_escalate.py:114"}
{"time":"2026-07-07T14:19:47", "level":"INFO", "message":"[LINEAGE] external.cophieu68_TV2 -> bronze.bronze_stock_prices | op=APPEND | rows=0", "caller":"/mnt/c/Users/Admin/Downloads/Project/Github/ETL_Project/platforms/processing/base_processing_subsystem/subsystem34_metadata_repo.py:372"}
{"time":"2026-07-07T14:19:47", "level":"INFO", "message":"[BronzeExecutor] Processing symbol=TVB batch_id=batch_TVB_20260707071947_05447fac", "caller":"/mnt/c/Users/Admin/Downloads/Project/Github/ETL_Project/scripts/deploy_full_pipeline.py:510"}
{"time":"2026-07-07T14:19:48", "level":"INFO", "message":"[BronzeIngester:TVB] Start processing 101 records.", "caller":"/mnt/c/Users/Admin/Downloads/Project/Github/ETL_Project/scripts/deploy_full_pipeline.py:302"}
{"time":"2026-07-07T14:19:48", "level":"WARNING", "message":"[BronzeIngester:TVB] No records passed DQ checks.", "caller":"/mnt/c/Users/Admin/Downloads/Project/Github/ETL_Project/scripts/deploy_full_pipeline.py:311"}
{"time":"2026-07-07T14:19:48", "level":"WARNING", "message":"[WARNING] 101 rejected records in bronze ingestion for TVB | record_id=None", "caller":"/mnt/c/Users/Admin/Downloads/Project/Github/ETL_Project/platforms/processing/base_processing_subsystem/subsystem5_and_30_error_event_schema_and_escalate.py:114"}
{"time":"2026-07-07T14:19:48", "level":"INFO", "message":"[LINEAGE] external.cophieu68_TVB -> bronze.bronze_stock_prices | op=APPEND | rows=0", "caller":"/mnt/c/Users/Admin/Downloads/Project/Github/ETL_Project/platforms/processing/base_processing_subsystem/subsystem34_metadata_repo.py:372"}
{"time":"2026-07-07T14:19:48", "level":"INFO", "message":"[BronzeExecutor] Processing symbol=TVS batch_id=batch_TVS_20260707071948_0d1ba43a", "caller":"/mnt/c/Users/Admin/Downloads/Project/Github/ETL_Project/scripts/deploy_full_pipeline.py:510"}
{"time":"2026-07-07T14:19:48", "level":"INFO", "message":"[BronzeIngester:TVS] Start processing 101 records.", "caller":"/mnt/c/Users/Admin/Downloads/Project/Github/ETL_Project/scripts/deploy_full_pipeline.py:302"}
{"time":"2026-07-07T14:19:48", "level":"WARNING", "message":"[BronzeIngester:TVS] No records passed DQ checks.", "caller":"/mnt/c/Users/Admin/Downloads/Project/Github/ETL_Project/scripts/deploy_full_pipeline.py:311"}
{"time":"2026-07-07T14:19:48", "level":"WARNING", "message":"[WARNING] 101 rejected records in bronze ingestion for TVS | record_id=None", "caller":"/mnt/c/Users/Admin/Downloads/Project/Github/ETL_Project/platforms/processing/base_processing_subsystem/subsystem5_and_30_error_event_schema_and_escalate.py:114"}
{"time":"2026-07-07T14:19:49", "level":"INFO", "message":"[LINEAGE] external.cophieu68_TVS -> bronze.bronze_stock_prices | op=APPEND | rows=0", "caller":"/mnt/c/Users/Admin/Downloads/Project/Github/ETL_Project/platforms/processing/base_processing_subsystem/subsystem34_metadata_repo.py:372"}
{"time":"2026-07-07T14:19:49", "level":"INFO", "message":"[BronzeExecutor] Processing symbol=TVT batch_id=batch_TVT_20260707071949_889996dd", "caller":"/mnt/c/Users/Admin/Downloads/Project/Github/ETL_Project/scripts/deploy_full_pipeline.py:510"}
{"time":"2026-07-07T14:19:49", "level":"INFO", "message":"[BronzeIngester:TVT] Start processing 101 records.", "caller":"/mnt/c/Users/Admin/Downloads/Project/Github/ETL_Project/scripts/deploy_full_pipeline.py:302"}
{"time":"2026-07-07T14:19:49", "level":"WARNING", "message":"[BronzeIngester:TVT] No records passed DQ checks.", "caller":"/mnt/c/Users/Admin/Downloads/Project/Github/ETL_Project/scripts/deploy_full_pipeline.py:311"}
{"time":"2026-07-07T14:19:49", "level":"WARNING", "message":"[WARNING] 101 rejected records in bronze ingestion for TVT | record_id=None", "caller":"/mnt/c/Users/Admin/Downloads/Project/Github/ETL_Project/platforms/processing/base_processing_subsystem/subsystem5_and_30_error_event_schema_and_escalate.py:114"}
{"time":"2026-07-07T14:19:49", "level":"INFO", "message":"[LINEAGE] external.cophieu68_TVT -> bronze.bronze_stock_prices | op=APPEND | rows=0", "caller":"/mnt/c/Users/Admin/Downloads/Project/Github/ETL_Project/platforms/processing/base_processing_subsystem/subsystem34_metadata_repo.py:372"}
{"time":"2026-07-07T14:19:49", "level":"INFO", "message":"[BronzeExecutor] Processing symbol=TYA batch_id=batch_TYA_20260707071949_ce85b3ef", "caller":"/mnt/c/Users/Admin/Downloads/Project/Github/ETL_Project/scripts/deploy_full_pipeline.py:510"}
{"time":"2026-07-07T14:19:50", "level":"INFO", "message":"[BronzeIngester:TYA] Start processing 101 records.", "caller":"/mnt/c/Users/Admin/Downloads/Project/Github/ETL_Project/scripts/deploy_full_pipeline.py:302"}
{"time":"2026-07-07T14:19:50", "level":"WARNING", "message":"[BronzeIngester:TYA] No records passed DQ checks.", "caller":"/mnt/c/Users/Admin/Downloads/Project/Github/ETL_Project/scripts/deploy_full_pipeline.py:311"}
{"time":"2026-07-07T14:19:50", "level":"WARNING", "message":"[WARNING] 101 rejected records in bronze ingestion for TYA | record_id=None", "caller":"/mnt/c/Users/Admin/Downloads/Project/Github/ETL_Project/platforms/processing/base_processing_subsystem/subsystem5_and_30_error_event_schema_and_escalate.py:114"}
{"time":"2026-07-07T14:19:50", "level":"INFO", "message":"[LINEAGE] external.cophieu68_TYA -> bronze.bronze_stock_prices | op=APPEND | rows=0", "caller":"/mnt/c/Users/Admin/Downloads/Project/Github/ETL_Project/platforms/processing/base_processing_subsystem/subsystem34_metadata_repo.py:372"}
{"time":"2026-07-07T14:19:50", "level":"INFO", "message":"[BronzeExecutor] Processing symbol=UIC batch_id=batch_UIC_20260707071950_df6cc622", "caller":"/mnt/c/Users/Admin/Downloads/Project/Github/ETL_Project/scripts/deploy_full_pipeline.py:510"}
{"time":"2026-07-07T14:19:51", "level":"INFO", "message":"[BronzeIngester:UIC] Start processing 101 records.", "caller":"/mnt/c/Users/Admin/Downloads/Project/Github/ETL_Project/scripts/deploy_full_pipeline.py:302"}
{"time":"2026-07-07T14:19:51", "level":"WARNING", "message":"[BronzeIngester:UIC] No records passed DQ checks.", "caller":"/mnt/c/Users/Admin/Downloads/Project/Github/ETL_Project/scripts/deploy_full_pipeline.py:311"}
{"time":"2026-07-07T14:19:51", "level":"WARNING", "message":"[WARNING] 101 rejected records in bronze ingestion for UIC | record_id=None", "caller":"/mnt/c/Users/Admin/Downloads/Project/Github/ETL_Project/platforms/processing/base_processing_subsystem/subsystem5_and_30_error_event_schema_and_escalate.py:114"}
{"time":"2026-07-07T14:19:51", "level":"INFO", "message":"[LINEAGE] external.cophieu68_UIC -> bronze.bronze_stock_prices | op=APPEND | rows=0", "caller":"/mnt/c/Users/Admin/Downloads/Project/Github/ETL_Project/platforms/processing/base_processing_subsystem/subsystem34_metadata_repo.py:372"}
{"time":"2026-07-07T14:19:51", "level":"INFO", "message":"[BronzeExecutor] Processing symbol=VAF batch_id=batch_VAF_20260707071951_55ddcff3", "caller":"/mnt/c/Users/Admin/Downloads/Project/Github/ETL_Project/scripts/deploy_full_pipeline.py:510"}
{"time":"2026-07-07T14:19:51", "level":"INFO", "message":"[BronzeIngester:VAF] Start processing 101 records.", "caller":"/mnt/c/Users/Admin/Downloads/Project/Github/ETL_Project/scripts/deploy_full_pipeline.py:302"}
{"time":"2026-07-07T14:19:51", "level":"WARNING", "message":"[BronzeIngester:VAF] No records passed DQ checks.", "caller":"/mnt/c/Users/Admin/Downloads/Project/Github/ETL_Project/scripts/deploy_full_pipeline.py:311"}
{"time":"2026-07-07T14:19:51", "level":"WARNING", "message":"[WARNING] 101 rejected records in bronze ingestion for VAF | record_id=None", "caller":"/mnt/c/Users/Admin/Downloads/Project/Github/ETL_Project/platforms/processing/base_processing_subsystem/subsystem5_and_30_error_event_schema_and_escalate.py:114"}
{"time":"2026-07-07T14:19:51", "level":"INFO", "message":"[LINEAGE] external.cophieu68_VAF -> bronze.bronze_stock_prices | op=APPEND | rows=0", "caller":"/mnt/c/Users/Admin/Downloads/Project/Github/ETL_Project/platforms/processing/base_processing_subsystem/subsystem34_metadata_repo.py:372"}
{"time":"2026-07-07T14:19:51", "level":"INFO", "message":"[BronzeExecutor] Processing symbol=VCA batch_id=batch_VCA_20260707071951_cf427131", "caller":"/mnt/c/Users/Admin/Downloads/Project/Github/ETL_Project/scripts/deploy_full_pipeline.py:510"}
{"time":"2026-07-07T14:19:53", "level":"INFO", "message":"[BronzeIngester:VCA] Start processing 101 records.", "caller":"/mnt/c/Users/Admin/Downloads/Project/Github/ETL_Project/scripts/deploy_full_pipeline.py:302"}
{"time":"2026-07-07T14:19:53", "level":"WARNING", "message":"[BronzeIngester:VCA] No records passed DQ checks.", "caller":"/mnt/c/Users/Admin/Downloads/Project/Github/ETL_Project/scripts/deploy_full_pipeline.py:311"}
{"time":"2026-07-07T14:19:53", "level":"WARNING", "message":"[WARNING] 101 rejected records in bronze ingestion for VCA | record_id=None", "caller":"/mnt/c/Users/Admin/Downloads/Project/Github/ETL_Project/platforms/processing/base_processing_subsystem/subsystem5_and_30_error_event_schema_and_escalate.py:114"}
{"time":"2026-07-07T14:19:53", "level":"INFO", "message":"[LINEAGE] external.cophieu68_VCA -> bronze.bronze_stock_prices | op=APPEND | rows=0", "caller":"/mnt/c/Users/Admin/Downloads/Project/Github/ETL_Project/platforms/processing/base_processing_subsystem/subsystem34_metadata_repo.py:372"}
{"time":"2026-07-07T14:19:53", "level":"INFO", "message":"[BronzeExecutor] Processing symbol=VCB batch_id=batch_VCB_20260707071953_5109c4f0", "caller":"/mnt/c/Users/Admin/Downloads/Project/Github/ETL_Project/scripts/deploy_full_pipeline.py:510"}
{"time":"2026-07-07T14:19:53", "level":"INFO", "message":"[BronzeIngester:VCB] Start processing 101 records.", "caller":"/mnt/c/Users/Admin/Downloads/Project/Github/ETL_Project/scripts/deploy_full_pipeline.py:302"}
{"time":"2026-07-07T14:19:53", "level":"WARNING", "message":"[BronzeIngester:VCB] No records passed DQ checks.", "caller":"/mnt/c/Users/Admin/Downloads/Project/Github/ETL_Project/scripts/deploy_full_pipeline.py:311"}
{"time":"2026-07-07T14:19:53", "level":"WARNING", "message":"[WARNING] 101 rejected records in bronze ingestion for VCB | record_id=None", "caller":"/mnt/c/Users/Admin/Downloads/Project/Github/ETL_Project/platforms/processing/base_processing_subsystem/subsystem5_and_30_error_event_schema_and_escalate.py:114"}
{"time":"2026-07-07T14:19:53", "level":"INFO", "message":"[LINEAGE] external.cophieu68_VCB -> bronze.bronze_stock_prices | op=APPEND | rows=0", "caller":"/mnt/c/Users/Admin/Downloads/Project/Github/ETL_Project/platforms/processing/base_processing_subsystem/subsystem34_metadata_repo.py:372"}
{"time":"2026-07-07T14:19:53", "level":"INFO", "message":"[BronzeExecutor] Processing symbol=VCF batch_id=batch_VCF_20260707071953_43af6827", "caller":"/mnt/c/Users/Admin/Downloads/Project/Github/ETL_Project/scripts/deploy_full_pipeline.py:510"}
{"time":"2026-07-07T14:19:54", "level":"INFO", "message":"[BronzeIngester:VCF] Start processing 101 records.", "caller":"/mnt/c/Users/Admin/Downloads/Project/Github/ETL_Project/scripts/deploy_full_pipeline.py:302"}
{"time":"2026-07-07T14:19:54", "level":"WARNING", "message":"[BronzeIngester:VCF] No records passed DQ checks.", "caller":"/mnt/c/Users/Admin/Downloads/Project/Github/ETL_Project/scripts/deploy_full_pipeline.py:311"}
{"time":"2026-07-07T14:19:54", "level":"WARNING", "message":"[WARNING] 101 rejected records in bronze ingestion for VCF | record_id=None", "caller":"/mnt/c/Users/Admin/Downloads/Project/Github/ETL_Project/platforms/processing/base_processing_subsystem/subsystem5_and_30_error_event_schema_and_escalate.py:114"}
{"time":"2026-07-07T14:19:54", "level":"INFO", "message":"[LINEAGE] external.cophieu68_VCF -> bronze.bronze_stock_prices | op=APPEND | rows=0", "caller":"/mnt/c/Users/Admin/Downloads/Project/Github/ETL_Project/platforms/processing/base_processing_subsystem/subsystem34_metadata_repo.py:372"}
{"time":"2026-07-07T14:19:54", "level":"INFO", "message":"[BronzeExecutor] Processing symbol=VCG batch_id=batch_VCG_20260707071954_04ed4bc2", "caller":"/mnt/c/Users/Admin/Downloads/Project/Github/ETL_Project/scripts/deploy_full_pipeline.py:510"}
{"time":"2026-07-07T14:19:55", "level":"INFO", "message":"[BronzeIngester:VCG] Start processing 101 records.", "caller":"/mnt/c/Users/Admin/Downloads/Project/Github/ETL_Project/scripts/deploy_full_pipeline.py:302"}
{"time":"2026-07-07T14:19:55", "level":"WARNING", "message":"[BronzeIngester:VCG] No records passed DQ checks.", "caller":"/mnt/c/Users/Admin/Downloads/Project/Github/ETL_Project/scripts/deploy_full_pipeline.py:311"}
{"time":"2026-07-07T14:19:55", "level":"WARNING", "message":"[WARNING] 101 rejected records in bronze ingestion for VCG | record_id=None", "caller":"/mnt/c/Users/Admin/Downloads/Project/Github/ETL_Project/platforms/processing/base_processing_subsystem/subsystem5_and_30_error_event_schema_and_escalate.py:114"}
{"time":"2026-07-07T14:19:55", "level":"INFO", "message":"[LINEAGE] external.cophieu68_VCG -> bronze.bronze_stock_prices | op=APPEND | rows=0", "caller":"/mnt/c/Users/Admin/Downloads/Project/Github/ETL_Project/platforms/processing/base_processing_subsystem/subsystem34_metadata_repo.py:372"}
{"time":"2026-07-07T14:19:55", "level":"INFO", "message":"[BronzeExecutor] Processing symbol=VCI batch_id=batch_VCI_20260707071955_ece76a19", "caller":"/mnt/c/Users/Admin/Downloads/Project/Github/ETL_Project/scripts/deploy_full_pipeline.py:510"}
{"time":"2026-07-07T14:19:55", "level":"INFO", "message":"[BronzeIngester:VCI] Start processing 101 records.", "caller":"/mnt/c/Users/Admin/Downloads/Project/Github/ETL_Project/scripts/deploy_full_pipeline.py:302"}
{"time":"2026-07-07T14:19:55", "level":"WARNING", "message":"[BronzeIngester:VCI] No records passed DQ checks.", "caller":"/mnt/c/Users/Admin/Downloads/Project/Github/ETL_Project/scripts/deploy_full_pipeline.py:311"}
{"time":"2026-07-07T14:19:55", "level":"WARNING", "message":"[WARNING] 101 rejected records in bronze ingestion for VCI | record_id=None", "caller":"/mnt/c/Users/Admin/Downloads/Project/Github/ETL_Project/platforms/processing/base_processing_subsystem/subsystem5_and_30_error_event_schema_and_escalate.py:114"}
{"time":"2026-07-07T14:19:55", "level":"INFO", "message":"[LINEAGE] external.cophieu68_VCI -> bronze.bronze_stock_prices | op=APPEND | rows=0", "caller":"/mnt/c/Users/Admin/Downloads/Project/Github/ETL_Project/platforms/processing/base_processing_subsystem/subsystem34_metadata_repo.py:372"}
{"time":"2026-07-07T14:19:56", "level":"INFO", "message":"[BronzeExecutor] Processing symbol=VDP batch_id=batch_VDP_20260707071956_5d8755d1", "caller":"/mnt/c/Users/Admin/Downloads/Project/Github/ETL_Project/scripts/deploy_full_pipeline.py:510"}
{"time":"2026-07-07T14:19:56", "level":"INFO", "message":"[BronzeIngester:VDP] Start processing 101 records.", "caller":"/mnt/c/Users/Admin/Downloads/Project/Github/ETL_Project/scripts/deploy_full_pipeline.py:302"}
{"time":"2026-07-07T14:19:56", "level":"WARNING", "message":"[BronzeIngester:VDP] No records passed DQ checks.", "caller":"/mnt/c/Users/Admin/Downloads/Project/Github/ETL_Project/scripts/deploy_full_pipeline.py:311"}
{"time":"2026-07-07T14:19:56", "level":"WARNING", "message":"[WARNING] 101 rejected records in bronze ingestion for VDP | record_id=None", "caller":"/mnt/c/Users/Admin/Downloads/Project/Github/ETL_Project/platforms/processing/base_processing_subsystem/subsystem5_and_30_error_event_schema_and_escalate.py:114"}
{"time":"2026-07-07T14:19:56", "level":"INFO", "message":"[LINEAGE] external.cophieu68_VDP -> bronze.bronze_stock_prices | op=APPEND | rows=0", "caller":"/mnt/c/Users/Admin/Downloads/Project/Github/ETL_Project/platforms/processing/base_processing_subsystem/subsystem34_metadata_repo.py:372"}
{"time":"2026-07-07T14:19:56", "level":"INFO", "message":"[BronzeExecutor] Processing symbol=VDS batch_id=batch_VDS_20260707071956_60a576ac", "caller":"/mnt/c/Users/Admin/Downloads/Project/Github/ETL_Project/scripts/deploy_full_pipeline.py:510"}
{"time":"2026-07-07T14:19:57", "level":"INFO", "message":"[BronzeIngester:VDS] Start processing 101 records.", "caller":"/mnt/c/Users/Admin/Downloads/Project/Github/ETL_Project/scripts/deploy_full_pipeline.py:302"}
{"time":"2026-07-07T14:19:57", "level":"WARNING", "message":"[BronzeIngester:VDS] No records passed DQ checks.", "caller":"/mnt/c/Users/Admin/Downloads/Project/Github/ETL_Project/scripts/deploy_full_pipeline.py:311"}
{"time":"2026-07-07T14:19:57", "level":"WARNING", "message":"[WARNING] 101 rejected records in bronze ingestion for VDS | record_id=None", "caller":"/mnt/c/Users/Admin/Downloads/Project/Github/ETL_Project/platforms/processing/base_processing_subsystem/subsystem5_and_30_error_event_schema_and_escalate.py:114"}
{"time":"2026-07-07T14:19:57", "level":"INFO", "message":"[LINEAGE] external.cophieu68_VDS -> bronze.bronze_stock_prices | op=APPEND | rows=0", "caller":"/mnt/c/Users/Admin/Downloads/Project/Github/ETL_Project/platforms/processing/base_processing_subsystem/subsystem34_metadata_repo.py:372"}
{"time":"2026-07-07T14:19:57", "level":"INFO", "message":"[BronzeExecutor] Processing symbol=VFG batch_id=batch_VFG_20260707071957_22c9237f", "caller":"/mnt/c/Users/Admin/Downloads/Project/Github/ETL_Project/scripts/deploy_full_pipeline.py:510"}
{"time":"2026-07-07T14:19:58", "level":"INFO", "message":"[BronzeIngester:VFG] Start processing 101 records.", "caller":"/mnt/c/Users/Admin/Downloads/Project/Github/ETL_Project/scripts/deploy_full_pipeline.py:302"}
{"time":"2026-07-07T14:19:58", "level":"WARNING", "message":"[BronzeIngester:VFG] No records passed DQ checks.", "caller":"/mnt/c/Users/Admin/Downloads/Project/Github/ETL_Project/scripts/deploy_full_pipeline.py:311"}
{"time":"2026-07-07T14:19:58", "level":"WARNING", "message":"[WARNING] 101 rejected records in bronze ingestion for VFG | record_id=None", "caller":"/mnt/c/Users/Admin/Downloads/Project/Github/ETL_Project/platforms/processing/base_processing_subsystem/subsystem5_and_30_error_event_schema_and_escalate.py:114"}
{"time":"2026-07-07T14:19:58", "level":"INFO", "message":"[LINEAGE] external.cophieu68_VFG -> bronze.bronze_stock_prices | op=APPEND | rows=0", "caller":"/mnt/c/Users/Admin/Downloads/Project/Github/ETL_Project/platforms/processing/base_processing_subsystem/subsystem34_metadata_repo.py:372"}
{"time":"2026-07-07T14:19:58", "level":"INFO", "message":"[BronzeExecutor] Processing symbol=VGC batch_id=batch_VGC_20260707071958_3f8b353e", "caller":"/mnt/c/Users/Admin/Downloads/Project/Github/ETL_Project/scripts/deploy_full_pipeline.py:510"}
{"time":"2026-07-07T14:19:59", "level":"INFO", "message":"[BronzeIngester:VGC] Start processing 101 records.", "caller":"/mnt/c/Users/Admin/Downloads/Project/Github/ETL_Project/scripts/deploy_full_pipeline.py:302"}
{"time":"2026-07-07T14:19:59", "level":"WARNING", "message":"[BronzeIngester:VGC] No records passed DQ checks.", "caller":"/mnt/c/Users/Admin/Downloads/Project/Github/ETL_Project/scripts/deploy_full_pipeline.py:311"}
{"time":"2026-07-07T14:19:59", "level":"WARNING", "message":"[WARNING] 101 rejected records in bronze ingestion for VGC | record_id=None", "caller":"/mnt/c/Users/Admin/Downloads/Project/Github/ETL_Project/platforms/processing/base_processing_subsystem/subsystem5_and_30_error_event_schema_and_escalate.py:114"}
{"time":"2026-07-07T14:19:59", "level":"INFO", "message":"[LINEAGE] external.cophieu68_VGC -> bronze.bronze_stock_prices | op=APPEND | rows=0", "caller":"/mnt/c/Users/Admin/Downloads/Project/Github/ETL_Project/platforms/processing/base_processing_subsystem/subsystem34_metadata_repo.py:372"}
{"time":"2026-07-07T14:19:59", "level":"INFO", "message":"[BronzeExecutor] Processing symbol=VHC batch_id=batch_VHC_20260707071959_bc7da100", "caller":"/mnt/c/Users/Admin/Downloads/Project/Github/ETL_Project/scripts/deploy_full_pipeline.py:510"}
{"time":"2026-07-07T14:20:00", "level":"INFO", "message":"[BronzeIngester:VHC] Start processing 101 records.", "caller":"/mnt/c/Users/Admin/Downloads/Project/Github/ETL_Project/scripts/deploy_full_pipeline.py:302"}
{"time":"2026-07-07T14:20:00", "level":"WARNING", "message":"[BronzeIngester:VHC] No records passed DQ checks.", "caller":"/mnt/c/Users/Admin/Downloads/Project/Github/ETL_Project/scripts/deploy_full_pipeline.py:311"}
{"time":"2026-07-07T14:20:00", "level":"WARNING", "message":"[WARNING] 101 rejected records in bronze ingestion for VHC | record_id=None", "caller":"/mnt/c/Users/Admin/Downloads/Project/Github/ETL_Project/platforms/processing/base_processing_subsystem/subsystem5_and_30_error_event_schema_and_escalate.py:114"}
{"time":"2026-07-07T14:20:00", "level":"INFO", "message":"[LINEAGE] external.cophieu68_VHC -> bronze.bronze_stock_prices | op=APPEND | rows=0", "caller":"/mnt/c/Users/Admin/Downloads/Project/Github/ETL_Project/platforms/processing/base_processing_subsystem/subsystem34_metadata_repo.py:372"}
{"time":"2026-07-07T14:20:00", "level":"INFO", "message":"[BronzeExecutor] Processing symbol=VHM batch_id=batch_VHM_20260707072000_99ddab16", "caller":"/mnt/c/Users/Admin/Downloads/Project/Github/ETL_Project/scripts/deploy_full_pipeline.py:510"}
{"time":"2026-07-07T14:20:00", "level":"INFO", "message":"[BronzeIngester:VHM] Start processing 101 records.", "caller":"/mnt/c/Users/Admin/Downloads/Project/Github/ETL_Project/scripts/deploy_full_pipeline.py:302"}
{"time":"2026-07-07T14:20:00", "level":"WARNING", "message":"[BronzeIngester:VHM] No records passed DQ checks.", "caller":"/mnt/c/Users/Admin/Downloads/Project/Github/ETL_Project/scripts/deploy_full_pipeline.py:311"}
{"time":"2026-07-07T14:20:00", "level":"WARNING", "message":"[WARNING] 101 rejected records in bronze ingestion for VHM | record_id=None", "caller":"/mnt/c/Users/Admin/Downloads/Project/Github/ETL_Project/platforms/processing/base_processing_subsystem/subsystem5_and_30_error_event_schema_and_escalate.py:114"}
{"time":"2026-07-07T14:20:00", "level":"INFO", "message":"[LINEAGE] external.cophieu68_VHM -> bronze.bronze_stock_prices | op=APPEND | rows=0", "caller":"/mnt/c/Users/Admin/Downloads/Project/Github/ETL_Project/platforms/processing/base_processing_subsystem/subsystem34_metadata_repo.py:372"}
{"time":"2026-07-07T14:20:00", "level":"INFO", "message":"[BronzeExecutor] Processing symbol=VIB batch_id=batch_VIB_20260707072000_ec6fa26c", "caller":"/mnt/c/Users/Admin/Downloads/Project/Github/ETL_Project/scripts/deploy_full_pipeline.py:510"}
{"time":"2026-07-07T14:20:01", "level":"INFO", "message":"[BronzeIngester:VIB] Start processing 101 records.", "caller":"/mnt/c/Users/Admin/Downloads/Project/Github/ETL_Project/scripts/deploy_full_pipeline.py:302"}
{"time":"2026-07-07T14:20:01", "level":"WARNING", "message":"[BronzeIngester:VIB] No records passed DQ checks.", "caller":"/mnt/c/Users/Admin/Downloads/Project/Github/ETL_Project/scripts/deploy_full_pipeline.py:311"}
{"time":"2026-07-07T14:20:01", "level":"WARNING", "message":"[WARNING] 101 rejected records in bronze ingestion for VIB | record_id=None", "caller":"/mnt/c/Users/Admin/Downloads/Project/Github/ETL_Project/platforms/processing/base_processing_subsystem/subsystem5_and_30_error_event_schema_and_escalate.py:114"}
{"time":"2026-07-07T14:20:01", "level":"INFO", "message":"[LINEAGE] external.cophieu68_VIB -> bronze.bronze_stock_prices | op=APPEND | rows=0", "caller":"/mnt/c/Users/Admin/Downloads/Project/Github/ETL_Project/platforms/processing/base_processing_subsystem/subsystem34_metadata_repo.py:372"}
{"time":"2026-07-07T14:20:01", "level":"INFO", "message":"[BronzeExecutor] Processing symbol=VIC batch_id=batch_VIC_20260707072001_a31b6c35", "caller":"/mnt/c/Users/Admin/Downloads/Project/Github/ETL_Project/scripts/deploy_full_pipeline.py:510"}
{"time":"2026-07-07T14:20:02", "level":"INFO", "message":"[BronzeIngester:VIC] Start processing 101 records.", "caller":"/mnt/c/Users/Admin/Downloads/Project/Github/ETL_Project/scripts/deploy_full_pipeline.py:302"}
{"time":"2026-07-07T14:20:02", "level":"WARNING", "message":"[BronzeIngester:VIC] No records passed DQ checks.", "caller":"/mnt/c/Users/Admin/Downloads/Project/Github/ETL_Project/scripts/deploy_full_pipeline.py:311"}
{"time":"2026-07-07T14:20:02", "level":"WARNING", "message":"[WARNING] 101 rejected records in bronze ingestion for VIC | record_id=None", "caller":"/mnt/c/Users/Admin/Downloads/Project/Github/ETL_Project/platforms/processing/base_processing_subsystem/subsystem5_and_30_error_event_schema_and_escalate.py:114"}
{"time":"2026-07-07T14:20:02", "level":"INFO", "message":"[LINEAGE] external.cophieu68_VIC -> bronze.bronze_stock_prices | op=APPEND | rows=0", "caller":"/mnt/c/Users/Admin/Downloads/Project/Github/ETL_Project/platforms/processing/base_processing_subsystem/subsystem34_metadata_repo.py:372"}
{"time":"2026-07-07T14:20:02", "level":"INFO", "message":"[BronzeExecutor] Processing symbol=VID batch_id=batch_VID_20260707072002_c6918432", "caller":"/mnt/c/Users/Admin/Downloads/Project/Github/ETL_Project/scripts/deploy_full_pipeline.py:510"}
{"time":"2026-07-07T14:20:02", "level":"INFO", "message":"[BronzeIngester:VID] Start processing 101 records.", "caller":"/mnt/c/Users/Admin/Downloads/Project/Github/ETL_Project/scripts/deploy_full_pipeline.py:302"}
{"time":"2026-07-07T14:20:02", "level":"WARNING", "message":"[BronzeIngester:VID] No records passed DQ checks.", "caller":"/mnt/c/Users/Admin/Downloads/Project/Github/ETL_Project/scripts/deploy_full_pipeline.py:311"}
{"time":"2026-07-07T14:20:02", "level":"WARNING", "message":"[WARNING] 101 rejected records in bronze ingestion for VID | record_id=None", "caller":"/mnt/c/Users/Admin/Downloads/Project/Github/ETL_Project/platforms/processing/base_processing_subsystem/subsystem5_and_30_error_event_schema_and_escalate.py:114"}
{"time":"2026-07-07T14:20:02", "level":"INFO", "message":"[LINEAGE] external.cophieu68_VID -> bronze.bronze_stock_prices | op=APPEND | rows=0", "caller":"/mnt/c/Users/Admin/Downloads/Project/Github/ETL_Project/platforms/processing/base_processing_subsystem/subsystem34_metadata_repo.py:372"}
{"time":"2026-07-07T14:20:02", "level":"INFO", "message":"[BronzeExecutor] Processing symbol=VIP batch_id=batch_VIP_20260707072002_ec5993e2", "caller":"/mnt/c/Users/Admin/Downloads/Project/Github/ETL_Project/scripts/deploy_full_pipeline.py:510"}
{"time":"2026-07-07T14:20:03", "level":"INFO", "message":"[BronzeIngester:VIP] Start processing 101 records.", "caller":"/mnt/c/Users/Admin/Downloads/Project/Github/ETL_Project/scripts/deploy_full_pipeline.py:302"}
{"time":"2026-07-07T14:20:03", "level":"WARNING", "message":"[BronzeIngester:VIP] No records passed DQ checks.", "caller":"/mnt/c/Users/Admin/Downloads/Project/Github/ETL_Project/scripts/deploy_full_pipeline.py:311"}
{"time":"2026-07-07T14:20:03", "level":"WARNING", "message":"[WARNING] 101 rejected records in bronze ingestion for VIP | record_id=None", "caller":"/mnt/c/Users/Admin/Downloads/Project/Github/ETL_Project/platforms/processing/base_processing_subsystem/subsystem5_and_30_error_event_schema_and_escalate.py:114"}
{"time":"2026-07-07T14:20:03", "level":"INFO", "message":"[LINEAGE] external.cophieu68_VIP -> bronze.bronze_stock_prices | op=APPEND | rows=0", "caller":"/mnt/c/Users/Admin/Downloads/Project/Github/ETL_Project/platforms/processing/base_processing_subsystem/subsystem34_metadata_repo.py:372"}
{"time":"2026-07-07T14:20:03", "level":"INFO", "message":"[BronzeExecutor] Processing symbol=VIX batch_id=batch_VIX_20260707072003_59731ad6", "caller":"/mnt/c/Users/Admin/Downloads/Project/Github/ETL_Project/scripts/deploy_full_pipeline.py:510"}
{"time":"2026-07-07T14:20:05", "level":"INFO", "message":"[BronzeIngester:VIX] Start processing 101 records.", "caller":"/mnt/c/Users/Admin/Downloads/Project/Github/ETL_Project/scripts/deploy_full_pipeline.py:302"}
{"time":"2026-07-07T14:20:05", "level":"WARNING", "message":"[BronzeIngester:VIX] No records passed DQ checks.", "caller":"/mnt/c/Users/Admin/Downloads/Project/Github/ETL_Project/scripts/deploy_full_pipeline.py:311"}
{"time":"2026-07-07T14:20:05", "level":"WARNING", "message":"[WARNING] 101 rejected records in bronze ingestion for VIX | record_id=None", "caller":"/mnt/c/Users/Admin/Downloads/Project/Github/ETL_Project/platforms/processing/base_processing_subsystem/subsystem5_and_30_error_event_schema_and_escalate.py:114"}
{"time":"2026-07-07T14:20:05", "level":"INFO", "message":"[LINEAGE] external.cophieu68_VIX -> bronze.bronze_stock_prices | op=APPEND | rows=0", "caller":"/mnt/c/Users/Admin/Downloads/Project/Github/ETL_Project/platforms/processing/base_processing_subsystem/subsystem34_metadata_repo.py:372"}
{"time":"2026-07-07T14:20:05", "level":"INFO", "message":"[BronzeExecutor] Processing symbol=VJC batch_id=batch_VJC_20260707072005_66fcc5fb", "caller":"/mnt/c/Users/Admin/Downloads/Project/Github/ETL_Project/scripts/deploy_full_pipeline.py:510"}
{"time":"2026-07-07T14:20:05", "level":"INFO", "message":"[BronzeIngester:VJC] Start processing 101 records.", "caller":"/mnt/c/Users/Admin/Downloads/Project/Github/ETL_Project/scripts/deploy_full_pipeline.py:302"}
{"time":"2026-07-07T14:20:05", "level":"WARNING", "message":"[BronzeIngester:VJC] No records passed DQ checks.", "caller":"/mnt/c/Users/Admin/Downloads/Project/Github/ETL_Project/scripts/deploy_full_pipeline.py:311"}
{"time":"2026-07-07T14:20:05", "level":"WARNING", "message":"[WARNING] 101 rejected records in bronze ingestion for VJC | record_id=None", "caller":"/mnt/c/Users/Admin/Downloads/Project/Github/ETL_Project/platforms/processing/base_processing_subsystem/subsystem5_and_30_error_event_schema_and_escalate.py:114"}
{"time":"2026-07-07T14:20:05", "level":"INFO", "message":"[LINEAGE] external.cophieu68_VJC -> bronze.bronze_stock_prices | op=APPEND | rows=0", "caller":"/mnt/c/Users/Admin/Downloads/Project/Github/ETL_Project/platforms/processing/base_processing_subsystem/subsystem34_metadata_repo.py:372"}
{"time":"2026-07-07T14:20:05", "level":"INFO", "message":"[BronzeExecutor] Processing symbol=VMD batch_id=batch_VMD_20260707072005_5effef69", "caller":"/mnt/c/Users/Admin/Downloads/Project/Github/ETL_Project/scripts/deploy_full_pipeline.py:510"}
{"time":"2026-07-07T14:20:04", "level":"INFO", "message":"[BronzeIngester:VMD] Start processing 101 records.", "caller":"/mnt/c/Users/Admin/Downloads/Project/Github/ETL_Project/scripts/deploy_full_pipeline.py:302"}
{"time":"2026-07-07T14:20:04", "level":"WARNING", "message":"[BronzeIngester:VMD] No records passed DQ checks.", "caller":"/mnt/c/Users/Admin/Downloads/Project/Github/ETL_Project/scripts/deploy_full_pipeline.py:311"}
{"time":"2026-07-07T14:20:04", "level":"WARNING", "message":"[WARNING] 101 rejected records in bronze ingestion for VMD | record_id=None", "caller":"/mnt/c/Users/Admin/Downloads/Project/Github/ETL_Project/platforms/processing/base_processing_subsystem/subsystem5_and_30_error_event_schema_and_escalate.py:114"}
{"time":"2026-07-07T14:20:04", "level":"INFO", "message":"[LINEAGE] external.cophieu68_VMD -> bronze.bronze_stock_prices | op=APPEND | rows=0", "caller":"/mnt/c/Users/Admin/Downloads/Project/Github/ETL_Project/platforms/processing/base_processing_subsystem/subsystem34_metadata_repo.py:372"}
{"time":"2026-07-07T14:20:04", "level":"INFO", "message":"[BronzeExecutor] Processing symbol=VND batch_id=batch_VND_20260707072004_cf8c6bce", "caller":"/mnt/c/Users/Admin/Downloads/Project/Github/ETL_Project/scripts/deploy_full_pipeline.py:510"}
{"time":"2026-07-07T14:20:05", "level":"INFO", "message":"[BronzeIngester:VND] Start processing 101 records.", "caller":"/mnt/c/Users/Admin/Downloads/Project/Github/ETL_Project/scripts/deploy_full_pipeline.py:302"}
{"time":"2026-07-07T14:20:05", "level":"WARNING", "message":"[BronzeIngester:VND] No records passed DQ checks.", "caller":"/mnt/c/Users/Admin/Downloads/Project/Github/ETL_Project/scripts/deploy_full_pipeline.py:311"}
{"time":"2026-07-07T14:20:05", "level":"WARNING", "message":"[WARNING] 101 rejected records in bronze ingestion for VND | record_id=None", "caller":"/mnt/c/Users/Admin/Downloads/Project/Github/ETL_Project/platforms/processing/base_processing_subsystem/subsystem5_and_30_error_event_schema_and_escalate.py:114"}
{"time":"2026-07-07T14:20:05", "level":"INFO", "message":"[LINEAGE] external.cophieu68_VND -> bronze.bronze_stock_prices | op=APPEND | rows=0", "caller":"/mnt/c/Users/Admin/Downloads/Project/Github/ETL_Project/platforms/processing/base_processing_subsystem/subsystem34_metadata_repo.py:372"}
{"time":"2026-07-07T14:20:05", "level":"INFO", "message":"[BronzeExecutor] Processing symbol=VNE batch_id=batch_VNE_20260707072005_e1c6a96c", "caller":"/mnt/c/Users/Admin/Downloads/Project/Github/ETL_Project/scripts/deploy_full_pipeline.py:510"}
{"time":"2026-07-07T14:20:07", "level":"INFO", "message":"[BronzeIngester:VNE] Start processing 101 records.", "caller":"/mnt/c/Users/Admin/Downloads/Project/Github/ETL_Project/scripts/deploy_full_pipeline.py:302"}
{"time":"2026-07-07T14:20:07", "level":"WARNING", "message":"[BronzeIngester:VNE] No records passed DQ checks.", "caller":"/mnt/c/Users/Admin/Downloads/Project/Github/ETL_Project/scripts/deploy_full_pipeline.py:311"}
{"time":"2026-07-07T14:20:07", "level":"WARNING", "message":"[WARNING] 101 rejected records in bronze ingestion for VNE | record_id=None", "caller":"/mnt/c/Users/Admin/Downloads/Project/Github/ETL_Project/platforms/processing/base_processing_subsystem/subsystem5_and_30_error_event_schema_and_escalate.py:114"}
{"time":"2026-07-07T14:20:07", "level":"INFO", "message":"[LINEAGE] external.cophieu68_VNE -> bronze.bronze_stock_prices | op=APPEND | rows=0", "caller":"/mnt/c/Users/Admin/Downloads/Project/Github/ETL_Project/platforms/processing/base_processing_subsystem/subsystem34_metadata_repo.py:372"}
{"time":"2026-07-07T14:20:07", "level":"INFO", "message":"[BronzeExecutor] Processing symbol=VNG batch_id=batch_VNG_20260707072007_d8b55c77", "caller":"/mnt/c/Users/Admin/Downloads/Project/Github/ETL_Project/scripts/deploy_full_pipeline.py:510"}
{"time":"2026-07-07T14:20:08", "level":"INFO", "message":"[BronzeIngester:VNG] Start processing 101 records.", "caller":"/mnt/c/Users/Admin/Downloads/Project/Github/ETL_Project/scripts/deploy_full_pipeline.py:302"}
{"time":"2026-07-07T14:20:08", "level":"WARNING", "message":"[BronzeIngester:VNG] No records passed DQ checks.", "caller":"/mnt/c/Users/Admin/Downloads/Project/Github/ETL_Project/scripts/deploy_full_pipeline.py:311"}
{"time":"2026-07-07T14:20:08", "level":"WARNING", "message":"[WARNING] 101 rejected records in bronze ingestion for VNG | record_id=None", "caller":"/mnt/c/Users/Admin/Downloads/Project/Github/ETL_Project/platforms/processing/base_processing_subsystem/subsystem5_and_30_error_event_schema_and_escalate.py:114"}
{"time":"2026-07-07T14:20:08", "level":"INFO", "message":"[LINEAGE] external.cophieu68_VNG -> bronze.bronze_stock_prices | op=APPEND | rows=0", "caller":"/mnt/c/Users/Admin/Downloads/Project/Github/ETL_Project/platforms/processing/base_processing_subsystem/subsystem34_metadata_repo.py:372"}
{"time":"2026-07-07T14:20:08", "level":"INFO", "message":"[BronzeExecutor] Processing symbol=VNL batch_id=batch_VNL_20260707072008_71d6ee2e", "caller":"/mnt/c/Users/Admin/Downloads/Project/Github/ETL_Project/scripts/deploy_full_pipeline.py:510"}
{"time":"2026-07-07T14:20:09", "level":"INFO", "message":"[BronzeIngester:VNL] Start processing 101 records.", "caller":"/mnt/c/Users/Admin/Downloads/Project/Github/ETL_Project/scripts/deploy_full_pipeline.py:302"}
{"time":"2026-07-07T14:20:09", "level":"WARNING", "message":"[BronzeIngester:VNL] No records passed DQ checks.", "caller":"/mnt/c/Users/Admin/Downloads/Project/Github/ETL_Project/scripts/deploy_full_pipeline.py:311"}
{"time":"2026-07-07T14:20:09", "level":"WARNING", "message":"[WARNING] 101 rejected records in bronze ingestion for VNL | record_id=None", "caller":"/mnt/c/Users/Admin/Downloads/Project/Github/ETL_Project/platforms/processing/base_processing_subsystem/subsystem5_and_30_error_event_schema_and_escalate.py:114"}
{"time":"2026-07-07T14:20:09", "level":"INFO", "message":"[LINEAGE] external.cophieu68_VNL -> bronze.bronze_stock_prices | op=APPEND | rows=0", "caller":"/mnt/c/Users/Admin/Downloads/Project/Github/ETL_Project/platforms/processing/base_processing_subsystem/subsystem34_metadata_repo.py:372"}
{"time":"2026-07-07T14:20:09", "level":"INFO", "message":"[BronzeExecutor] Processing symbol=VNM batch_id=batch_VNM_20260707072009_8ea4f44e", "caller":"/mnt/c/Users/Admin/Downloads/Project/Github/ETL_Project/scripts/deploy_full_pipeline.py:510"}
{"time":"2026-07-07T14:20:10", "level":"INFO", "message":"[BronzeIngester:VNM] Start processing 101 records.", "caller":"/mnt/c/Users/Admin/Downloads/Project/Github/ETL_Project/scripts/deploy_full_pipeline.py:302"}
{"time":"2026-07-07T14:20:10", "level":"WARNING", "message":"[BronzeIngester:VNM] No records passed DQ checks.", "caller":"/mnt/c/Users/Admin/Downloads/Project/Github/ETL_Project/scripts/deploy_full_pipeline.py:311"}
{"time":"2026-07-07T14:20:10", "level":"WARNING", "message":"[WARNING] 101 rejected records in bronze ingestion for VNM | record_id=None", "caller":"/mnt/c/Users/Admin/Downloads/Project/Github/ETL_Project/platforms/processing/base_processing_subsystem/subsystem5_and_30_error_event_schema_and_escalate.py:114"}
{"time":"2026-07-07T14:20:10", "level":"INFO", "message":"[LINEAGE] external.cophieu68_VNM -> bronze.bronze_stock_prices | op=APPEND | rows=0", "caller":"/mnt/c/Users/Admin/Downloads/Project/Github/ETL_Project/platforms/processing/base_processing_subsystem/subsystem34_metadata_repo.py:372"}
{"time":"2026-07-07T14:20:10", "level":"INFO", "message":"[BronzeExecutor] Processing symbol=VNS batch_id=batch_VNS_20260707072010_c247e1db", "caller":"/mnt/c/Users/Admin/Downloads/Project/Github/ETL_Project/scripts/deploy_full_pipeline.py:510"}
{"time":"2026-07-07T14:20:11", "level":"INFO", "message":"[BronzeIngester:VNS] Start processing 101 records.", "caller":"/mnt/c/Users/Admin/Downloads/Project/Github/ETL_Project/scripts/deploy_full_pipeline.py:302"}
{"time":"2026-07-07T14:20:11", "level":"WARNING", "message":"[BronzeIngester:VNS] No records passed DQ checks.", "caller":"/mnt/c/Users/Admin/Downloads/Project/Github/ETL_Project/scripts/deploy_full_pipeline.py:311"}
{"time":"2026-07-07T14:20:11", "level":"WARNING", "message":"[WARNING] 101 rejected records in bronze ingestion for VNS | record_id=None", "caller":"/mnt/c/Users/Admin/Downloads/Project/Github/ETL_Project/platforms/processing/base_processing_subsystem/subsystem5_and_30_error_event_schema_and_escalate.py:114"}
{"time":"2026-07-07T14:20:11", "level":"INFO", "message":"[LINEAGE] external.cophieu68_VNS -> bronze.bronze_stock_prices | op=APPEND | rows=0", "caller":"/mnt/c/Users/Admin/Downloads/Project/Github/ETL_Project/platforms/processing/base_processing_subsystem/subsystem34_metadata_repo.py:372"}
{"time":"2026-07-07T14:20:11", "level":"INFO", "message":"[BronzeExecutor] Processing symbol=VOS batch_id=batch_VOS_20260707072011_e7734bee", "caller":"/mnt/c/Users/Admin/Downloads/Project/Github/ETL_Project/scripts/deploy_full_pipeline.py:510"}
{"time":"2026-07-07T14:20:12", "level":"INFO", "message":"[BronzeIngester:VOS] Start processing 101 records.", "caller":"/mnt/c/Users/Admin/Downloads/Project/Github/ETL_Project/scripts/deploy_full_pipeline.py:302"}
{"time":"2026-07-07T14:20:12", "level":"WARNING", "message":"[BronzeIngester:VOS] No records passed DQ checks.", "caller":"/mnt/c/Users/Admin/Downloads/Project/Github/ETL_Project/scripts/deploy_full_pipeline.py:311"}
{"time":"2026-07-07T14:20:12", "level":"WARNING", "message":"[WARNING] 101 rejected records in bronze ingestion for VOS | record_id=None", "caller":"/mnt/c/Users/Admin/Downloads/Project/Github/ETL_Project/platforms/processing/base_processing_subsystem/subsystem5_and_30_error_event_schema_and_escalate.py:114"}
{"time":"2026-07-07T14:20:12", "level":"INFO", "message":"[LINEAGE] external.cophieu68_VOS -> bronze.bronze_stock_prices | op=APPEND | rows=0", "caller":"/mnt/c/Users/Admin/Downloads/Project/Github/ETL_Project/platforms/processing/base_processing_subsystem/subsystem34_metadata_repo.py:372"}
{"time":"2026-07-07T14:20:12", "level":"INFO", "message":"[BronzeExecutor] Processing symbol=VPB batch_id=batch_VPB_20260707072012_5fa48118", "caller":"/mnt/c/Users/Admin/Downloads/Project/Github/ETL_Project/scripts/deploy_full_pipeline.py:510"}
{"time":"2026-07-07T14:20:13", "level":"INFO", "message":"[BronzeIngester:VPB] Start processing 101 records.", "caller":"/mnt/c/Users/Admin/Downloads/Project/Github/ETL_Project/scripts/deploy_full_pipeline.py:302"}
{"time":"2026-07-07T14:20:13", "level":"WARNING", "message":"[BronzeIngester:VPB] No records passed DQ checks.", "caller":"/mnt/c/Users/Admin/Downloads/Project/Github/ETL_Project/scripts/deploy_full_pipeline.py:311"}
{"time":"2026-07-07T14:20:13", "level":"WARNING", "message":"[WARNING] 101 rejected records in bronze ingestion for VPB | record_id=None", "caller":"/mnt/c/Users/Admin/Downloads/Project/Github/ETL_Project/platforms/processing/base_processing_subsystem/subsystem5_and_30_error_event_schema_and_escalate.py:114"}
{"time":"2026-07-07T14:20:13", "level":"INFO", "message":"[LINEAGE] external.cophieu68_VPB -> bronze.bronze_stock_prices | op=APPEND | rows=0", "caller":"/mnt/c/Users/Admin/Downloads/Project/Github/ETL_Project/platforms/processing/base_processing_subsystem/subsystem34_metadata_repo.py:372"}
{"time":"2026-07-07T14:20:13", "level":"INFO", "message":"[BronzeExecutor] Processing symbol=VPD batch_id=batch_VPD_20260707072013_61bcc1b7", "caller":"/mnt/c/Users/Admin/Downloads/Project/Github/ETL_Project/scripts/deploy_full_pipeline.py:510"}
{"time":"2026-07-07T14:20:14", "level":"INFO", "message":"[BronzeIngester:VPD] Start processing 101 records.", "caller":"/mnt/c/Users/Admin/Downloads/Project/Github/ETL_Project/scripts/deploy_full_pipeline.py:302"}
{"time":"2026-07-07T14:20:14", "level":"WARNING", "message":"[BronzeIngester:VPD] No records passed DQ checks.", "caller":"/mnt/c/Users/Admin/Downloads/Project/Github/ETL_Project/scripts/deploy_full_pipeline.py:311"}
{"time":"2026-07-07T14:20:14", "level":"WARNING", "message":"[WARNING] 101 rejected records in bronze ingestion for VPD | record_id=None", "caller":"/mnt/c/Users/Admin/Downloads/Project/Github/ETL_Project/platforms/processing/base_processing_subsystem/subsystem5_and_30_error_event_schema_and_escalate.py:114"}
{"time":"2026-07-07T14:20:14", "level":"INFO", "message":"[LINEAGE] external.cophieu68_VPD -> bronze.bronze_stock_prices | op=APPEND | rows=0", "caller":"/mnt/c/Users/Admin/Downloads/Project/Github/ETL_Project/platforms/processing/base_processing_subsystem/subsystem34_metadata_repo.py:372"}
{"time":"2026-07-07T14:20:14", "level":"INFO", "message":"[BronzeExecutor] Processing symbol=VPG batch_id=batch_VPG_20260707072014_4533c068", "caller":"/mnt/c/Users/Admin/Downloads/Project/Github/ETL_Project/scripts/deploy_full_pipeline.py:510"}
{"time":"2026-07-07T14:20:14", "level":"INFO", "message":"[BronzeIngester:VPG] Start processing 101 records.", "caller":"/mnt/c/Users/Admin/Downloads/Project/Github/ETL_Project/scripts/deploy_full_pipeline.py:302"}
{"time":"2026-07-07T14:20:14", "level":"WARNING", "message":"[BronzeIngester:VPG] No records passed DQ checks.", "caller":"/mnt/c/Users/Admin/Downloads/Project/Github/ETL_Project/scripts/deploy_full_pipeline.py:311"}
{"time":"2026-07-07T14:20:14", "level":"WARNING", "message":"[WARNING] 101 rejected records in bronze ingestion for VPG | record_id=None", "caller":"/mnt/c/Users/Admin/Downloads/Project/Github/ETL_Project/platforms/processing/base_processing_subsystem/subsystem5_and_30_error_event_schema_and_escalate.py:114"}
{"time":"2026-07-07T14:20:14", "level":"INFO", "message":"[LINEAGE] external.cophieu68_VPG -> bronze.bronze_stock_prices | op=APPEND | rows=0", "caller":"/mnt/c/Users/Admin/Downloads/Project/Github/ETL_Project/platforms/processing/base_processing_subsystem/subsystem34_metadata_repo.py:372"}
{"time":"2026-07-07T14:20:14", "level":"INFO", "message":"[BronzeExecutor] Processing symbol=VPH batch_id=batch_VPH_20260707072014_54a14ab8", "caller":"/mnt/c/Users/Admin/Downloads/Project/Github/ETL_Project/scripts/deploy_full_pipeline.py:510"}
{"time":"2026-07-07T14:20:15", "level":"INFO", "message":"[BronzeIngester:VPH] Start processing 101 records.", "caller":"/mnt/c/Users/Admin/Downloads/Project/Github/ETL_Project/scripts/deploy_full_pipeline.py:302"}
{"time":"2026-07-07T14:20:15", "level":"WARNING", "message":"[BronzeIngester:VPH] No records passed DQ checks.", "caller":"/mnt/c/Users/Admin/Downloads/Project/Github/ETL_Project/scripts/deploy_full_pipeline.py:311"}
{"time":"2026-07-07T14:20:15", "level":"WARNING", "message":"[WARNING] 101 rejected records in bronze ingestion for VPH | record_id=None", "caller":"/mnt/c/Users/Admin/Downloads/Project/Github/ETL_Project/platforms/processing/base_processing_subsystem/subsystem5_and_30_error_event_schema_and_escalate.py:114"}
{"time":"2026-07-07T14:20:15", "level":"INFO", "message":"[LINEAGE] external.cophieu68_VPH -> bronze.bronze_stock_prices | op=APPEND | rows=0", "caller":"/mnt/c/Users/Admin/Downloads/Project/Github/ETL_Project/platforms/processing/base_processing_subsystem/subsystem34_metadata_repo.py:372"}
{"time":"2026-07-07T14:20:15", "level":"INFO", "message":"[BronzeExecutor] Processing symbol=VPI batch_id=batch_VPI_20260707072015_bb6d6807", "caller":"/mnt/c/Users/Admin/Downloads/Project/Github/ETL_Project/scripts/deploy_full_pipeline.py:510"}
{"time":"2026-07-07T14:20:16", "level":"INFO", "message":"[BronzeIngester:VPI] Start processing 101 records.", "caller":"/mnt/c/Users/Admin/Downloads/Project/Github/ETL_Project/scripts/deploy_full_pipeline.py:302"}
{"time":"2026-07-07T14:20:16", "level":"WARNING", "message":"[BronzeIngester:VPI] No records passed DQ checks.", "caller":"/mnt/c/Users/Admin/Downloads/Project/Github/ETL_Project/scripts/deploy_full_pipeline.py:311"}
{"time":"2026-07-07T14:20:16", "level":"WARNING", "message":"[WARNING] 101 rejected records in bronze ingestion for VPI | record_id=None", "caller":"/mnt/c/Users/Admin/Downloads/Project/Github/ETL_Project/platforms/processing/base_processing_subsystem/subsystem5_and_30_error_event_schema_and_escalate.py:114"}
{"time":"2026-07-07T14:20:16", "level":"INFO", "message":"[LINEAGE] external.cophieu68_VPI -> bronze.bronze_stock_prices | op=APPEND | rows=0", "caller":"/mnt/c/Users/Admin/Downloads/Project/Github/ETL_Project/platforms/processing/base_processing_subsystem/subsystem34_metadata_repo.py:372"}
{"time":"2026-07-07T14:20:16", "level":"INFO", "message":"[BronzeExecutor] Processing symbol=VPS batch_id=batch_VPS_20260707072016_0917786e", "caller":"/mnt/c/Users/Admin/Downloads/Project/Github/ETL_Project/scripts/deploy_full_pipeline.py:510"}
{"time":"2026-07-07T14:20:17", "level":"INFO", "message":"[BronzeIngester:VPS] Start processing 101 records.", "caller":"/mnt/c/Users/Admin/Downloads/Project/Github/ETL_Project/scripts/deploy_full_pipeline.py:302"}
{"time":"2026-07-07T14:20:17", "level":"WARNING", "message":"[BronzeIngester:VPS] No records passed DQ checks.", "caller":"/mnt/c/Users/Admin/Downloads/Project/Github/ETL_Project/scripts/deploy_full_pipeline.py:311"}
{"time":"2026-07-07T14:20:17", "level":"WARNING", "message":"[WARNING] 101 rejected records in bronze ingestion for VPS | record_id=None", "caller":"/mnt/c/Users/Admin/Downloads/Project/Github/ETL_Project/platforms/processing/base_processing_subsystem/subsystem5_and_30_error_event_schema_and_escalate.py:114"}
{"time":"2026-07-07T14:20:17", "level":"INFO", "message":"[LINEAGE] external.cophieu68_VPS -> bronze.bronze_stock_prices | op=APPEND | rows=0", "caller":"/mnt/c/Users/Admin/Downloads/Project/Github/ETL_Project/platforms/processing/base_processing_subsystem/subsystem34_metadata_repo.py:372"}
{"time":"2026-07-07T14:20:17", "level":"INFO", "message":"[BronzeExecutor] Processing symbol=VRC batch_id=batch_VRC_20260707072017_56ba8980", "caller":"/mnt/c/Users/Admin/Downloads/Project/Github/ETL_Project/scripts/deploy_full_pipeline.py:510"}
{"time":"2026-07-07T14:20:18", "level":"INFO", "message":"[BronzeIngester:VRC] Start processing 101 records.", "caller":"/mnt/c/Users/Admin/Downloads/Project/Github/ETL_Project/scripts/deploy_full_pipeline.py:302"}
{"time":"2026-07-07T14:20:18", "level":"WARNING", "message":"[BronzeIngester:VRC] No records passed DQ checks.", "caller":"/mnt/c/Users/Admin/Downloads/Project/Github/ETL_Project/scripts/deploy_full_pipeline.py:311"}
{"time":"2026-07-07T14:20:18", "level":"WARNING", "message":"[WARNING] 101 rejected records in bronze ingestion for VRC | record_id=None", "caller":"/mnt/c/Users/Admin/Downloads/Project/Github/ETL_Project/platforms/processing/base_processing_subsystem/subsystem5_and_30_error_event_schema_and_escalate.py:114"}
{"time":"2026-07-07T14:20:18", "level":"INFO", "message":"[LINEAGE] external.cophieu68_VRC -> bronze.bronze_stock_prices | op=APPEND | rows=0", "caller":"/mnt/c/Users/Admin/Downloads/Project/Github/ETL_Project/platforms/processing/base_processing_subsystem/subsystem34_metadata_repo.py:372"}
{"time":"2026-07-07T14:20:18", "level":"INFO", "message":"[BronzeExecutor] Processing symbol=VRE batch_id=batch_VRE_20260707072018_7eef5b24", "caller":"/mnt/c/Users/Admin/Downloads/Project/Github/ETL_Project/scripts/deploy_full_pipeline.py:510"}
{"time":"2026-07-07T14:20:18", "level":"INFO", "message":"[BronzeIngester:VRE] Start processing 101 records.", "caller":"/mnt/c/Users/Admin/Downloads/Project/Github/ETL_Project/scripts/deploy_full_pipeline.py:302"}
{"time":"2026-07-07T14:20:18", "level":"WARNING", "message":"[BronzeIngester:VRE] No records passed DQ checks.", "caller":"/mnt/c/Users/Admin/Downloads/Project/Github/ETL_Project/scripts/deploy_full_pipeline.py:311"}
{"time":"2026-07-07T14:20:18", "level":"WARNING", "message":"[WARNING] 101 rejected records in bronze ingestion for VRE | record_id=None", "caller":"/mnt/c/Users/Admin/Downloads/Project/Github/ETL_Project/platforms/processing/base_processing_subsystem/subsystem5_and_30_error_event_schema_and_escalate.py:114"}
{"time":"2026-07-07T14:20:18", "level":"INFO", "message":"[LINEAGE] external.cophieu68_VRE -> bronze.bronze_stock_prices | op=APPEND | rows=0", "caller":"/mnt/c/Users/Admin/Downloads/Project/Github/ETL_Project/platforms/processing/base_processing_subsystem/subsystem34_metadata_repo.py:372"}
{"time":"2026-07-07T14:20:18", "level":"INFO", "message":"[BronzeExecutor] Processing symbol=VSC batch_id=batch_VSC_20260707072018_78369c8d", "caller":"/mnt/c/Users/Admin/Downloads/Project/Github/ETL_Project/scripts/deploy_full_pipeline.py:510"}
{"time":"2026-07-07T14:20:19", "level":"INFO", "message":"[BronzeIngester:VSC] Start processing 101 records.", "caller":"/mnt/c/Users/Admin/Downloads/Project/Github/ETL_Project/scripts/deploy_full_pipeline.py:302"}
{"time":"2026-07-07T14:20:19", "level":"WARNING", "message":"[BronzeIngester:VSC] No records passed DQ checks.", "caller":"/mnt/c/Users/Admin/Downloads/Project/Github/ETL_Project/scripts/deploy_full_pipeline.py:311"}
{"time":"2026-07-07T14:20:19", "level":"WARNING", "message":"[WARNING] 101 rejected records in bronze ingestion for VSC | record_id=None", "caller":"/mnt/c/Users/Admin/Downloads/Project/Github/ETL_Project/platforms/processing/base_processing_subsystem/subsystem5_and_30_error_event_schema_and_escalate.py:114"}
{"time":"2026-07-07T14:20:19", "level":"INFO", "message":"[LINEAGE] external.cophieu68_VSC -> bronze.bronze_stock_prices | op=APPEND | rows=0", "caller":"/mnt/c/Users/Admin/Downloads/Project/Github/ETL_Project/platforms/processing/base_processing_subsystem/subsystem34_metadata_repo.py:372"}
{"time":"2026-07-07T14:20:19", "level":"INFO", "message":"[BronzeExecutor] Processing symbol=VSH batch_id=batch_VSH_20260707072019_98eef252", "caller":"/mnt/c/Users/Admin/Downloads/Project/Github/ETL_Project/scripts/deploy_full_pipeline.py:510"}
{"time":"2026-07-07T14:20:20", "level":"INFO", "message":"[BronzeIngester:VSH] Start processing 101 records.", "caller":"/mnt/c/Users/Admin/Downloads/Project/Github/ETL_Project/scripts/deploy_full_pipeline.py:302"}
{"time":"2026-07-07T14:20:20", "level":"WARNING", "message":"[BronzeIngester:VSH] No records passed DQ checks.", "caller":"/mnt/c/Users/Admin/Downloads/Project/Github/ETL_Project/scripts/deploy_full_pipeline.py:311"}
{"time":"2026-07-07T14:20:20", "level":"WARNING", "message":"[WARNING] 101 rejected records in bronze ingestion for VSH | record_id=None", "caller":"/mnt/c/Users/Admin/Downloads/Project/Github/ETL_Project/platforms/processing/base_processing_subsystem/subsystem5_and_30_error_event_schema_and_escalate.py:114"}
{"time":"2026-07-07T14:20:20", "level":"INFO", "message":"[LINEAGE] external.cophieu68_VSH -> bronze.bronze_stock_prices | op=APPEND | rows=0", "caller":"/mnt/c/Users/Admin/Downloads/Project/Github/ETL_Project/platforms/processing/base_processing_subsystem/subsystem34_metadata_repo.py:372"}
{"time":"2026-07-07T14:20:20", "level":"INFO", "message":"[BronzeExecutor] Processing symbol=VSI batch_id=batch_VSI_20260707072020_e682c76d", "caller":"/mnt/c/Users/Admin/Downloads/Project/Github/ETL_Project/scripts/deploy_full_pipeline.py:510"}
{"time":"2026-07-07T14:20:20", "level":"INFO", "message":"[BronzeIngester:VSI] Start processing 101 records.", "caller":"/mnt/c/Users/Admin/Downloads/Project/Github/ETL_Project/scripts/deploy_full_pipeline.py:302"}
{"time":"2026-07-07T14:20:20", "level":"WARNING", "message":"[BronzeIngester:VSI] No records passed DQ checks.", "caller":"/mnt/c/Users/Admin/Downloads/Project/Github/ETL_Project/scripts/deploy_full_pipeline.py:311"}
{"time":"2026-07-07T14:20:20", "level":"WARNING", "message":"[WARNING] 101 rejected records in bronze ingestion for VSI | record_id=None", "caller":"/mnt/c/Users/Admin/Downloads/Project/Github/ETL_Project/platforms/processing/base_processing_subsystem/subsystem5_and_30_error_event_schema_and_escalate.py:114"}
{"time":"2026-07-07T14:20:20", "level":"INFO", "message":"[LINEAGE] external.cophieu68_VSI -> bronze.bronze_stock_prices | op=APPEND | rows=0", "caller":"/mnt/c/Users/Admin/Downloads/Project/Github/ETL_Project/platforms/processing/base_processing_subsystem/subsystem34_metadata_repo.py:372"}
{"time":"2026-07-07T14:20:21", "level":"INFO", "message":"[BronzeExecutor] Processing symbol=VTB batch_id=batch_VTB_20260707072021_475b6f64", "caller":"/mnt/c/Users/Admin/Downloads/Project/Github/ETL_Project/scripts/deploy_full_pipeline.py:510"}
{"time":"2026-07-07T14:20:21", "level":"INFO", "message":"[BronzeIngester:VTB] Start processing 101 records.", "caller":"/mnt/c/Users/Admin/Downloads/Project/Github/ETL_Project/scripts/deploy_full_pipeline.py:302"}
{"time":"2026-07-07T14:20:21", "level":"WARNING", "message":"[BronzeIngester:VTB] No records passed DQ checks.", "caller":"/mnt/c/Users/Admin/Downloads/Project/Github/ETL_Project/scripts/deploy_full_pipeline.py:311"}
{"time":"2026-07-07T14:20:21", "level":"WARNING", "message":"[WARNING] 101 rejected records in bronze ingestion for VTB | record_id=None", "caller":"/mnt/c/Users/Admin/Downloads/Project/Github/ETL_Project/platforms/processing/base_processing_subsystem/subsystem5_and_30_error_event_schema_and_escalate.py:114"}
{"time":"2026-07-07T14:20:21", "level":"INFO", "message":"[LINEAGE] external.cophieu68_VTB -> bronze.bronze_stock_prices | op=APPEND | rows=0", "caller":"/mnt/c/Users/Admin/Downloads/Project/Github/ETL_Project/platforms/processing/base_processing_subsystem/subsystem34_metadata_repo.py:372"}
{"time":"2026-07-07T14:20:21", "level":"INFO", "message":"[BronzeExecutor] Processing symbol=VTO batch_id=batch_VTO_20260707072021_8a5eb44a", "caller":"/mnt/c/Users/Admin/Downloads/Project/Github/ETL_Project/scripts/deploy_full_pipeline.py:510"}
{"time":"2026-07-07T14:20:22", "level":"INFO", "message":"[BronzeIngester:VTO] Start processing 101 records.", "caller":"/mnt/c/Users/Admin/Downloads/Project/Github/ETL_Project/scripts/deploy_full_pipeline.py:302"}
{"time":"2026-07-07T14:20:22", "level":"WARNING", "message":"[BronzeIngester:VTO] No records passed DQ checks.", "caller":"/mnt/c/Users/Admin/Downloads/Project/Github/ETL_Project/scripts/deploy_full_pipeline.py:311"}
{"time":"2026-07-07T14:20:22", "level":"WARNING", "message":"[WARNING] 101 rejected records in bronze ingestion for VTO | record_id=None", "caller":"/mnt/c/Users/Admin/Downloads/Project/Github/ETL_Project/platforms/processing/base_processing_subsystem/subsystem5_and_30_error_event_schema_and_escalate.py:114"}
{"time":"2026-07-07T14:20:22", "level":"INFO", "message":"[LINEAGE] external.cophieu68_VTO -> bronze.bronze_stock_prices | op=APPEND | rows=0", "caller":"/mnt/c/Users/Admin/Downloads/Project/Github/ETL_Project/platforms/processing/base_processing_subsystem/subsystem34_metadata_repo.py:372"}
{"time":"2026-07-07T14:20:22", "level":"INFO", "message":"[BronzeExecutor] Processing symbol=YBM batch_id=batch_YBM_20260707072022_1d33ba22", "caller":"/mnt/c/Users/Admin/Downloads/Project/Github/ETL_Project/scripts/deploy_full_pipeline.py:510"}
{"time":"2026-07-07T14:20:23", "level":"INFO", "message":"[BronzeIngester:YBM] Start processing 101 records.", "caller":"/mnt/c/Users/Admin/Downloads/Project/Github/ETL_Project/scripts/deploy_full_pipeline.py:302"}
{"time":"2026-07-07T14:20:23", "level":"WARNING", "message":"[BronzeIngester:YBM] No records passed DQ checks.", "caller":"/mnt/c/Users/Admin/Downloads/Project/Github/ETL_Project/scripts/deploy_full_pipeline.py:311"}
{"time":"2026-07-07T14:20:23", "level":"WARNING", "message":"[WARNING] 101 rejected records in bronze ingestion for YBM | record_id=None", "caller":"/mnt/c/Users/Admin/Downloads/Project/Github/ETL_Project/platforms/processing/base_processing_subsystem/subsystem5_and_30_error_event_schema_and_escalate.py:114"}
{"time":"2026-07-07T14:20:23", "level":"INFO", "message":"[LINEAGE] external.cophieu68_YBM -> bronze.bronze_stock_prices | op=APPEND | rows=0", "caller":"/mnt/c/Users/Admin/Downloads/Project/Github/ETL_Project/platforms/processing/base_processing_subsystem/subsystem34_metadata_repo.py:372"}
{"time":"2026-07-07T14:20:23", "level":"INFO", "message":"[BronzeExecutor] Processing symbol=YEG batch_id=batch_YEG_20260707072023_3a115b1b", "caller":"/mnt/c/Users/Admin/Downloads/Project/Github/ETL_Project/scripts/deploy_full_pipeline.py:510"}
{"time":"2026-07-07T14:20:24", "level":"INFO", "message":"[BronzeIngester:YEG] Start processing 101 records.", "caller":"/mnt/c/Users/Admin/Downloads/Project/Github/ETL_Project/scripts/deploy_full_pipeline.py:302"}
{"time":"2026-07-07T14:20:24", "level":"WARNING", "message":"[BronzeIngester:YEG] No records passed DQ checks.", "caller":"/mnt/c/Users/Admin/Downloads/Project/Github/ETL_Project/scripts/deploy_full_pipeline.py:311"}
{"time":"2026-07-07T14:20:24", "level":"WARNING", "message":"[WARNING] 101 rejected records in bronze ingestion for YEG | record_id=None", "caller":"/mnt/c/Users/Admin/Downloads/Project/Github/ETL_Project/platforms/processing/base_processing_subsystem/subsystem5_and_30_error_event_schema_and_escalate.py:114"}
{"time":"2026-07-07T14:20:24", "level":"INFO", "message":"[LINEAGE] external.cophieu68_YEG -> bronze.bronze_stock_prices | op=APPEND | rows=0", "caller":"/mnt/c/Users/Admin/Downloads/Project/Github/ETL_Project/platforms/processing/base_processing_subsystem/subsystem34_metadata_repo.py:372"}
{"time":"2026-07-07T14:20:24", "level":"INFO", "message":"[BronzeExecutor] Completed bronze phase: rows_ingested=0", "caller":"/mnt/c/Users/Admin/Downloads/Project/Github/ETL_Project/scripts/deploy_full_pipeline.py:558"}
{"time":"2026-07-07T14:20:24", "level":"INFO", "message":"[RUN END] run_id=run_20260707_071538_e18993 | status=SUCCESS | duration=286.5s | rows_read=None | rows_written=None", "caller":"/mnt/c/Users/Admin/Downloads/Project/Github/ETL_Project/platforms/processing/base_processing_subsystem/subsystem34_metadata_repo.py:183"}
{"time":"2026-07-07T14:20:24", "level":"INFO", "message":"
======================================================================
  ETL Run Summary: run_20260707_071538_e18993
======================================================================
  Job:           master_etl_bronze
  Layer:         bronze -> all_tables
  Status:        SUCCESS
  Start:         2026-07-07 07:15:38.152654+00:00
  End:           2026-07-07 07:20:24.618584+00:00
  Duration:      286.5s
  Rows Read:     0
  Rows Written:  0

  Data Lineage (374 transformations):
    external.cophieu68_AAA --[APPEND]--> bronze.bronze_stock_prices (0 rows)
    external.cophieu68_AAM --[APPEND]--> bronze.bronze_stock_prices (0 rows)
    external.cophieu68_AAT --[APPEND]--> bronze.bronze_stock_prices (0 rows)
    external.cophieu68_ABS --[APPEND]--> bronze.bronze_stock_prices (0 rows)
    external.cophieu68_ABT --[APPEND]--> bronze.bronze_stock_prices (0 rows)
    external.cophieu68_ACB --[APPEND]--> bronze.bronze_stock_prices (0 rows)
    external.cophieu68_ACC --[APPEND]--> bronze.bronze_stock_prices (0 rows)
    external.cophieu68_ACL --[APPEND]--> bronze.bronze_stock_prices (0 rows)
    external.cophieu68_ADG --[APPEND]--> bronze.bronze_stock_prices (0 rows)
    external.cophieu68_ADS --[APPEND]--> bronze.bronze_stock_prices (0 rows)
    external.cophieu68_AGG --[APPEND]--> bronze.bronze_stock_prices (0 rows)
    external.cophieu68_AGM --[APPEND]--> bronze.bronze_stock_prices (0 rows)
    external.cophieu68_AGR --[APPEND]--> bronze.bronze_stock_prices (0 rows)
    external.cophieu68_ANV --[APPEND]--> bronze.bronze_stock_prices (0 rows)
    external.cophieu68_APG --[APPEND]--> bronze.bronze_stock_prices (0 rows)
    external.cophieu68_APH --[APPEND]--> bronze.bronze_stock_prices (0 rows)
    external.cophieu68_ASG --[APPEND]--> bronze.bronze_stock_prices (0 rows)
    external.cophieu68_ASM --[APPEND]--> bronze.bronze_stock_prices (0 rows)
    external.cophieu68_ASP --[APPEND]--> bronze.bronze_stock_prices (0 rows)
    external.cophieu68_AST --[APPEND]--> bronze.bronze_stock_prices (0 rows)
    external.cophieu68_BAF --[APPEND]--> bronze.bronze_stock_prices (0 rows)
    external.cophieu68_BBC --[APPEND]--> bronze.bronze_stock_prices (0 rows)
    external.cophieu68_BCE --[APPEND]--> bronze.bronze_stock_prices (0 rows)
    external.cophieu68_BCG --[APPEND]--> bronze.bronze_stock_prices (0 rows)
    external.cophieu68_BCM --[APPEND]--> bronze.bronze_stock_prices (0 rows)
    external.cophieu68_BFC --[APPEND]--> bronze.bronze_stock_prices (0 rows)
    external.cophieu68_BHN --[APPEND]--> bronze.bronze_stock_prices (0 rows)
    external.cophieu68_BIC --[APPEND]--> bronze.bronze_stock_prices (0 rows)
    external.cophieu68_BID --[APPEND]--> bronze.bronze_stock_prices (0 rows)
    external.cophieu68_BKG --[APPEND]--> bronze.bronze_stock_prices (0 rows)
    external.cophieu68_BMC --[APPEND]--> bronze.bronze_stock_prices (0 rows)
    external.cophieu68_BMI --[APPEND]--> bronze.bronze_stock_prices (0 rows)
    external.cophieu68_BMP --[APPEND]--> bronze.bronze_stock_prices (0 rows)
    external.cophieu68_BRC --[APPEND]--> bronze.bronze_stock_prices (0 rows)
    external.cophieu68_BSI --[APPEND]--> bronze.bronze_stock_prices (0 rows)
    external.cophieu68_BTP --[APPEND]--> bronze.bronze_stock_prices (0 rows)
    external.cophieu68_BTT --[APPEND]--> bronze.bronze_stock_prices (0 rows)
    external.cophieu68_BVH --[APPEND]--> bronze.bronze_stock_prices (0 rows)
    external.cophieu68_BWE --[APPEND]--> bronze.bronze_stock_prices (0 rows)
    external.cophieu68_C32 --[APPEND]--> bronze.bronze_stock_prices (0 rows)
    external.cophieu68_C47 --[APPEND]--> bronze.bronze_stock_prices (0 rows)
    external.cophieu68_CCI --[APPEND]--> bronze.bronze_stock_prices (0 rows)
    external.cophieu68_CCL --[APPEND]--> bronze.bronze_stock_prices (0 rows)
    external.cophieu68_CDC --[APPEND]--> bronze.bronze_stock_prices (0 rows)
    external.cophieu68_CHP --[APPEND]--> bronze.bronze_stock_prices (0 rows)
    external.cophieu68_CIG --[APPEND]--> bronze.bronze_stock_prices (0 rows)
    external.cophieu68_CII --[APPEND]--> bronze.bronze_stock_prices (0 rows)
    external.cophieu68_CKG --[APPEND]--> bronze.bronze_stock_prices (0 rows)
    external.cophieu68_CLC --[APPEND]--> bronze.bronze_stock_prices (0 rows)
    external.cophieu68_CLL --[APPEND]--> bronze.bronze_stock_prices (0 rows)
    external.cophieu68_CLW --[APPEND]--> bronze.bronze_stock_prices (0 rows)
    external.cophieu68_CMG --[APPEND]--> bronze.bronze_stock_prices (0 rows)
    external.cophieu68_CMV --[APPEND]--> bronze.bronze_stock_prices (0 rows)
    external.cophieu68_CMX --[APPEND]--> bronze.bronze_stock_prices (0 rows)
    external.cophieu68_CNG --[APPEND]--> bronze.bronze_stock_prices (0 rows)
    external.cophieu68_COM --[APPEND]--> bronze.bronze_stock_prices (0 rows)
    external.cophieu68_CRC --[APPEND]--> bronze.bronze_stock_prices (0 rows)
    external.cophieu68_CRE --[APPEND]--> bronze.bronze_stock_prices (0 rows)
    external.cophieu68_CSM --[APPEND]--> bronze.bronze_stock_prices (0 rows)
    external.cophieu68_CSV --[APPEND]--> bronze.bronze_stock_prices (0 rows)
    external.cophieu68_CTD --[APPEND]--> bronze.bronze_stock_prices (0 rows)
    external.cophieu68_CTF --[APPEND]--> bronze.bronze_stock_prices (0 rows)
    external.cophieu68_CTG --[APPEND]--> bronze.bronze_stock_prices (0 rows)
    external.cophieu68_CTI --[APPEND]--> bronze.bronze_stock_prices (0 rows)
    external.cophieu68_CTS --[APPEND]--> bronze.bronze_stock_prices (0 rows)
    external.cophieu68_CVT --[APPEND]--> bronze.bronze_stock_prices (0 rows)
    external.cophieu68_D2D --[APPEND]--> bronze.bronze_stock_prices (0 rows)
    external.cophieu68_DAH --[APPEND]--> bronze.bronze_stock_prices (0 rows)
    external.cophieu68_DAT --[APPEND]--> bronze.bronze_stock_prices (0 rows)
    external.cophieu68_DBC --[APPEND]--> bronze.bronze_stock_prices (0 rows)
    external.cophieu68_DBD --[APPEND]--> bronze.bronze_stock_prices (0 rows)
    external.cophieu68_DBT --[APPEND]--> bronze.bronze_stock_prices (0 rows)
    external.cophieu68_DC4 --[APPEND]--> bronze.bronze_stock_prices (0 rows)
    external.cophieu68_DCL --[APPEND]--> bronze.bronze_stock_prices (0 rows)
    external.cophieu68_DCM --[APPEND]--> bronze.bronze_stock_prices (0 rows)
    external.cophieu68_DGC --[APPEND]--> bronze.bronze_stock_prices (0 rows)
    external.cophieu68_DGW --[APPEND]--> bronze.bronze_stock_prices (0 rows)
    external.cophieu68_DHA --[APPEND]--> bronze.bronze_stock_prices (0 rows)
    external.cophieu68_DHC --[APPEND]--> bronze.bronze_stock_prices (0 rows)
    external.cophieu68_DHG --[APPEND]--> bronze.bronze_stock_prices (0 rows)
    external.cophieu68_DHM --[APPEND]--> bronze.bronze_stock_prices (0 rows)
    external.cophieu68_DIG --[APPEND]--> bronze.bronze_stock_prices (0 rows)
    external.cophieu68_DLG --[APPEND]--> bronze.bronze_stock_prices (0 rows)
    external.cophieu68_DMC --[APPEND]--> bronze.bronze_stock_prices (0 rows)
    external.cophieu68_DPG --[APPEND]--> bronze.bronze_stock_prices (0 rows)
    external.cophieu68_DPM --[APPEND]--> bronze.bronze_stock_prices (0 rows)
    external.cophieu68_DPR --[APPEND]--> bronze.bronze_stock_prices (0 rows)
    external.cophieu68_DQC --[APPEND]--> bronze.bronze_stock_prices (0 rows)
    external.cophieu68_DRC --[APPEND]--> bronze.bronze_stock_prices (0 rows)
    external.cophieu68_DRH --[APPEND]--> bronze.bronze_stock_prices (0 rows)
    external.cophieu68_DRL --[APPEND]--> bronze.bronze_stock_prices (0 rows)
    external.cophieu68_DSN --[APPEND]--> bronze.bronze_stock_prices (0 rows)
    external.cophieu68_DTA --[APPEND]--> bronze.bronze_stock_prices (0 rows)
    external.cophieu68_DTL --[APPEND]--> bronze.bronze_stock_prices (0 rows)
    external.cophieu68_DTT --[APPEND]--> bronze.bronze_stock_prices (0 rows)
    external.cophieu68_DVP --[APPEND]--> bronze.bronze_stock_prices (0 rows)
    external.cophieu68_DXG --[APPEND]--> bronze.bronze_stock_prices (0 rows)
    external.cophieu68_DXS --[APPEND]--> bronze.bronze_stock_prices (0 rows)
    external.cophieu68_DXV --[APPEND]--> bronze.bronze_stock_prices (0 rows)
    external.cophieu68_EIB --[APPEND]--> bronze.bronze_stock_prices (0 rows)
    external.cophieu68_ELC --[APPEND]--> bronze.bronze_stock_prices (0 rows)
    external.cophieu68_EVE --[APPEND]--> bronze.bronze_stock_prices (0 rows)
    external.cophieu68_EVG --[APPEND]--> bronze.bronze_stock_prices (0 rows)
    external.cophieu68_FCM --[APPEND]--> bronze.bronze_stock_prices (0 rows)
    external.cophieu68_FCN --[APPEND]--> bronze.bronze_stock_prices (0 rows)
    external.cophieu68_FDC --[APPEND]--> bronze.bronze_stock_prices (0 rows)
    external.cophieu68_FIR --[APPEND]--> bronze.bronze_stock_prices (0 rows)
    external.cophieu68_FIT --[APPEND]--> bronze.bronze_stock_prices (0 rows)
    external.cophieu68_FMC --[APPEND]--> bronze.bronze_stock_prices (0 rows)
    external.cophieu68_FPT --[APPEND]--> bronze.bronze_stock_prices (0 rows)
    external.cophieu68_FRT --[APPEND]--> bronze.bronze_stock_prices (0 rows)
    external.cophieu68_FTM --[APPEND]--> bronze.bronze_stock_prices (0 rows)
    external.cophieu68_FTS --[APPEND]--> bronze.bronze_stock_prices (0 rows)
    external.cophieu68_GAS --[APPEND]--> bronze.bronze_stock_prices (0 rows)
    external.cophieu68_GDT --[APPEND]--> bronze.bronze_stock_prices (0 rows)
    external.cophieu68_GEG --[APPEND]--> bronze.bronze_stock_prices (0 rows)
    external.cophieu68_GEX --[APPEND]--> bronze.bronze_stock_prices (0 rows)
    external.cophieu68_GIL --[APPEND]--> bronze.bronze_stock_prices (0 rows)
    external.cophieu68_GMD --[APPEND]--> bronze.bronze_stock_prices (0 rows)
    external.cophieu68_GSP --[APPEND]--> bronze.bronze_stock_prices (0 rows)
    external.cophieu68_GTA --[APPEND]--> bronze.bronze_stock_prices (0 rows)
    external.cophieu68_GVR --[APPEND]--> bronze.bronze_stock_prices (0 rows)
    external.cophieu68_HAG --[APPEND]--> bronze.bronze_stock_prices (0 rows)
    external.cophieu68_HAH --[APPEND]--> bronze.bronze_stock_prices (0 rows)
    external.cophieu68_HAP --[APPEND]--> bronze.bronze_stock_prices (0 rows)
    external.cophieu68_HAR --[APPEND]--> bronze.bronze_stock_prices (0 rows)
    external.cophieu68_HAS --[APPEND]--> bronze.bronze_stock_prices (0 rows)
    external.cophieu68_HAX --[APPEND]--> bronze.bronze_stock_prices (0 rows)
    external.cophieu68_HBC --[APPEND]--> bronze.bronze_stock_prices (0 rows)
    external.cophieu68_HCD --[APPEND]--> bronze.bronze_stock_prices (0 rows)
    external.cophieu68_HCM --[APPEND]--> bronze.bronze_stock_prices (0 rows)
    external.cophieu68_HDB --[APPEND]--> bronze.bronze_stock_prices (0 rows)
    external.cophieu68_HDC --[APPEND]--> bronze.bronze_stock_prices (0 rows)
    external.cophieu68_HDG --[APPEND]--> bronze.bronze_stock_prices (0 rows)
    external.cophieu68_HHP --[APPEND]--> bronze.bronze_stock_prices (0 rows)
    external.cophieu68_HHS --[APPEND]--> bronze.bronze_stock_prices (0 rows)
    external.cophieu68_HID --[APPEND]--> bronze.bronze_stock_prices (0 rows)
    external.cophieu68_HII --[APPEND]--> bronze.bronze_stock_prices (0 rows)
    external.cophieu68_HMC --[APPEND]--> bronze.bronze_stock_prices (0 rows)
    external.cophieu68_HNG --[APPEND]--> bronze.bronze_stock_prices (0 rows)
    external.cophieu68_HPG --[APPEND]--> bronze.bronze_stock_prices (0 rows)
    external.cophieu68_HPX --[APPEND]--> bronze.bronze_stock_prices (0 rows)
    external.cophieu68_HQC --[APPEND]--> bronze.bronze_stock_prices (0 rows)
    external.cophieu68_HRC --[APPEND]--> bronze.bronze_stock_prices (0 rows)
    external.cophieu68_HSG --[APPEND]--> bronze.bronze_stock_prices (0 rows)
    external.cophieu68_HSL --[APPEND]--> bronze.bronze_stock_prices (0 rows)
    external.cophieu68_HT1 --[APPEND]--> bronze.bronze_stock_prices (0 rows)
    external.cophieu68_HTI --[APPEND]--> bronze.bronze_stock_prices (0 rows)
    external.cophieu68_HTL --[APPEND]--> bronze.bronze_stock_prices (0 rows)
    external.cophieu68_HTN --[APPEND]--> bronze.bronze_stock_prices (0 rows)
    external.cophieu68_HTV --[APPEND]--> bronze.bronze_stock_prices (0 rows)
    external.cophieu68_HU1 --[APPEND]--> bronze.bronze_stock_prices (0 rows)
    external.cophieu68_HUB --[APPEND]--> bronze.bronze_stock_prices (0 rows)
    external.cophieu68_HVH --[APPEND]--> bronze.bronze_stock_prices (0 rows)
    external.cophieu68_HVN --[APPEND]--> bronze.bronze_stock_prices (0 rows)
    external.cophieu68_HVX --[APPEND]--> bronze.bronze_stock_prices (0 rows)
    external.cophieu68_ICT --[APPEND]--> bronze.bronze_stock_prices (0 rows)
    external.cophieu68_IDI --[APPEND]--> bronze.bronze_stock_prices (0 rows)
    external.cophieu68_IJC --[APPEND]--> bronze.bronze_stock_prices (0 rows)
    external.cophieu68_ILB --[APPEND]--> bronze.bronze_stock_prices (0 rows)
    external.cophieu68_IMP --[APPEND]--> bronze.bronze_stock_prices (0 rows)
    external.cophieu68_ITC --[APPEND]--> bronze.bronze_stock_prices (0 rows)
    external.cophieu68_ITD --[APPEND]--> bronze.bronze_stock_prices (0 rows)
    external.cophieu68_JVC --[APPEND]--> bronze.bronze_stock_prices (0 rows)
    external.cophieu68_KBC --[APPEND]--> bronze.bronze_stock_prices (0 rows)
    external.cophieu68_KDC --[APPEND]--> bronze.bronze_stock_prices (0 rows)
    external.cophieu68_KDH --[APPEND]--> bronze.bronze_stock_prices (0 rows)
    external.cophieu68_KHG --[APPEND]--> bronze.bronze_stock_prices (0 rows)
    external.cophieu68_KHP --[APPEND]--> bronze.bronze_stock_prices (0 rows)
    external.cophieu68_KMR --[APPEND]--> bronze.bronze_stock_prices (0 rows)
    external.cophieu68_KOS --[APPEND]--> bronze.bronze_stock_prices (0 rows)
    external.cophieu68_KPF --[APPEND]--> bronze.bronze_stock_prices (0 rows)
    external.cophieu68_KSB --[APPEND]--> bronze.bronze_stock_prices (0 rows)
    external.cophieu68_L10 --[APPEND]--> bronze.bronze_stock_prices (0 rows)
    external.cophieu68_LAF --[APPEND]--> bronze.bronze_stock_prices (0 rows)
    external.cophieu68_LBM --[APPEND]--> bronze.bronze_stock_prices (0 rows)
    external.cophieu68_LCG --[APPEND]--> bronze.bronze_stock_prices (0 rows)
    external.cophieu68_LCM --[APPEND]--> bronze.bronze_stock_prices (0 rows)
    external.cophieu68_LDG --[APPEND]--> bronze.bronze_stock_prices (0 rows)
    external.cophieu68_LEC --[APPEND]--> bronze.bronze_stock_prices (0 rows)
    external.cophieu68_LGC --[APPEND]--> bronze.bronze_stock_prices (0 rows)
    external.cophieu68_LGL --[APPEND]--> bronze.bronze_stock_prices (0 rows)
    external.cophieu68_LHG --[APPEND]--> bronze.bronze_stock_prices (0 rows)
    external.cophieu68_LIX --[APPEND]--> bronze.bronze_stock_prices (0 rows)
    external.cophieu68_LM8 --[APPEND]--> bronze.bronze_stock_prices (0 rows)
    external.cophieu68_LPB --[APPEND]--> bronze.bronze_stock_prices (0 rows)
    external.cophieu68_LSS --[APPEND]--> bronze.bronze_stock_prices (0 rows)
    external.cophieu68_MBB --[APPEND]--> bronze.bronze_stock_prices (0 rows)
    external.cophieu68_MCP --[APPEND]--> bronze.bronze_stock_prices (0 rows)
    external.cophieu68_MDG --[APPEND]--> bronze.bronze_stock_prices (0 rows)
    external.cophieu68_MHC --[APPEND]--> bronze.bronze_stock_prices (0 rows)
    external.cophieu68_MIG --[APPEND]--> bronze.bronze_stock_prices (0 rows)
    external.cophieu68_MSB --[APPEND]--> bronze.bronze_stock_prices (0 rows)
    external.cophieu68_MSH --[APPEND]--> bronze.bronze_stock_prices (0 rows)
    external.cophieu68_MSN --[APPEND]--> bronze.bronze_stock_prices (0 rows)
    external.cophieu68_MWG --[APPEND]--> bronze.bronze_stock_prices (0 rows)
    external.cophieu68_NAF --[APPEND]--> bronze.bronze_stock_prices (0 rows)
    external.cophieu68_NAV --[APPEND]--> bronze.bronze_stock_prices (0 rows)
    external.cophieu68_NBB --[APPEND]--> bronze.bronze_stock_prices (0 rows)
    external.cophieu68_NCT --[APPEND]--> bronze.bronze_stock_prices (0 rows)
    external.cophieu68_NHA --[APPEND]--> bronze.bronze_stock_prices (0 rows)
    external.cophieu68_NHH --[APPEND]--> bronze.bronze_stock_prices (0 rows)
    external.cophieu68_NKG --[APPEND]--> bronze.bronze_stock_prices (0 rows)
    external.cophieu68_NLG --[APPEND]--> bronze.bronze_stock_prices (0 rows)
    external.cophieu68_NNC --[APPEND]--> bronze.bronze_stock_prices (0 rows)
    external.cophieu68_NSC --[APPEND]--> bronze.bronze_stock_prices (0 rows)
    external.cophieu68_NT2 --[APPEND]--> bronze.bronze_stock_prices (0 rows)
    external.cophieu68_NTL --[APPEND]--> bronze.bronze_stock_prices (0 rows)
    external.cophieu68_NVL --[APPEND]--> bronze.bronze_stock_prices (0 rows)
    external.cophieu68_NVT --[APPEND]--> bronze.bronze_stock_prices (0 rows)
    external.cophieu68_OCB --[APPEND]--> bronze.bronze_stock_prices (0 rows)
    external.cophieu68_OGC --[APPEND]--> bronze.bronze_stock_prices (0 rows)
    external.cophieu68_OPC --[APPEND]--> bronze.bronze_stock_prices (0 rows)
    external.cophieu68_ORS --[APPEND]--> bronze.bronze_stock_prices (0 rows)
    external.cophieu68_PAC --[APPEND]--> bronze.bronze_stock_prices (0 rows)
    external.cophieu68_PAN --[APPEND]--> bronze.bronze_stock_prices (0 rows)
    external.cophieu68_PC1 --[APPEND]--> bronze.bronze_stock_prices (0 rows)
    external.cophieu68_PDN --[APPEND]--> bronze.bronze_stock_prices (0 rows)
    external.cophieu68_PDR --[APPEND]--> bronze.bronze_stock_prices (0 rows)
    external.cophieu68_PET --[APPEND]--> bronze.bronze_stock_prices (0 rows)
    external.cophieu68_PGC --[APPEND]--> bronze.bronze_stock_prices (0 rows)
    external.cophieu68_PGD --[APPEND]--> bronze.bronze_stock_prices (0 rows)
    external.cophieu68_PGI --[APPEND]--> bronze.bronze_stock_prices (0 rows)
    external.cophieu68_PHC --[APPEND]--> bronze.bronze_stock_prices (0 rows)
    external.cophieu68_PHR --[APPEND]--> bronze.bronze_stock_prices (0 rows)
    external.cophieu68_PIT --[APPEND]--> bronze.bronze_stock_prices (0 rows)
    external.cophieu68_PJT --[APPEND]--> bronze.bronze_stock_prices (0 rows)
    external.cophieu68_PLP --[APPEND]--> bronze.bronze_stock_prices (0 rows)
    external.cophieu68_PLX --[APPEND]--> bronze.bronze_stock_prices (0 rows)
    external.cophieu68_PMG --[APPEND]--> bronze.bronze_stock_prices (0 rows)
    external.cophieu68_PNC --[APPEND]--> bronze.bronze_stock_prices (0 rows)
    external.cophieu68_PNJ --[APPEND]--> bronze.bronze_stock_prices (0 rows)
    external.cophieu68_POW --[APPEND]--> bronze.bronze_stock_prices (0 rows)
    external.cophieu68_PPC --[APPEND]--> bronze.bronze_stock_prices (0 rows)
    external.cophieu68_PSH --[APPEND]--> bronze.bronze_stock_prices (0 rows)
    external.cophieu68_PTB --[APPEND]--> bronze.bronze_stock_prices (0 rows)
    external.cophieu68_PTC --[APPEND]--> bronze.bronze_stock_prices (0 rows)
    external.cophieu68_PTL --[APPEND]--> bronze.bronze_stock_prices (0 rows)
    external.cophieu68_PVD --[APPEND]--> bronze.bronze_stock_prices (0 rows)
    external.cophieu68_PVT --[APPEND]--> bronze.bronze_stock_prices (0 rows)
    external.cophieu68_PXI --[APPEND]--> bronze.bronze_stock_prices (0 rows)
    external.cophieu68_PXS --[APPEND]--> bronze.bronze_stock_prices (0 rows)
    external.cophieu68_QCG --[APPEND]--> bronze.bronze_stock_prices (0 rows)
    external.cophieu68_RAL --[APPEND]--> bronze.bronze_stock_prices (0 rows)
    external.cophieu68_RDP --[APPEND]--> bronze.bronze_stock_prices (0 rows)
    external.cophieu68_REE --[APPEND]--> bronze.bronze_stock_prices (0 rows)
    external.cophieu68_RIC --[APPEND]--> bronze.bronze_stock_prices (0 rows)
    external.cophieu68_S4A --[APPEND]--> bronze.bronze_stock_prices (0 rows)
    external.cophieu68_SAB --[APPEND]--> bronze.bronze_stock_prices (0 rows)
    external.cophieu68_SAM --[APPEND]--> bronze.bronze_stock_prices (0 rows)
    external.cophieu68_SAV --[APPEND]--> bronze.bronze_stock_prices (0 rows)
    external.cophieu68_SBA --[APPEND]--> bronze.bronze_stock_prices (0 rows)
    external.cophieu68_SBT --[APPEND]--> bronze.bronze_stock_prices (0 rows)
    external.cophieu68_SBV --[APPEND]--> bronze.bronze_stock_prices (0 rows)
    external.cophieu68_SC5 --[APPEND]--> bronze.bronze_stock_prices (0 rows)
    external.cophieu68_SCR --[APPEND]--> bronze.bronze_stock_prices (0 rows)
    external.cophieu68_SCS --[APPEND]--> bronze.bronze_stock_prices (0 rows)
    external.cophieu68_SFC --[APPEND]--> bronze.bronze_stock_prices (0 rows)
    external.cophieu68_SFG --[APPEND]--> bronze.bronze_stock_prices (0 rows)
    external.cophieu68_SFI --[APPEND]--> bronze.bronze_stock_prices (0 rows)
    external.cophieu68_SGN --[APPEND]--> bronze.bronze_stock_prices (0 rows)
    external.cophieu68_SGR --[APPEND]--> bronze.bronze_stock_prices (0 rows)
    external.cophieu68_SGT --[APPEND]--> bronze.bronze_stock_prices (0 rows)
    external.cophieu68_SHA --[APPEND]--> bronze.bronze_stock_prices (0 rows)
    external.cophieu68_SHB --[APPEND]--> bronze.bronze_stock_prices (0 rows)
    external.cophieu68_SHI --[APPEND]--> bronze.bronze_stock_prices (0 rows)
    external.cophieu68_SHP --[APPEND]--> bronze.bronze_stock_prices (0 rows)
    external.cophieu68_SJD --[APPEND]--> bronze.bronze_stock_prices (0 rows)
    external.cophieu68_SJS --[APPEND]--> bronze.bronze_stock_prices (0 rows)
    external.cophieu68_SKG --[APPEND]--> bronze.bronze_stock_prices (0 rows)
    external.cophieu68_SMA --[APPEND]--> bronze.bronze_stock_prices (0 rows)
    external.cophieu68_SMB --[APPEND]--> bronze.bronze_stock_prices (0 rows)
    external.cophieu68_SMC --[APPEND]--> bronze.bronze_stock_prices (0 rows)
    external.cophieu68_SPM --[APPEND]--> bronze.bronze_stock_prices (0 rows)
    external.cophieu68_SRC --[APPEND]--> bronze.bronze_stock_prices (0 rows)
    external.cophieu68_SRF --[APPEND]--> bronze.bronze_stock_prices (0 rows)
    external.cophieu68_SSB --[APPEND]--> bronze.bronze_stock_prices (0 rows)
    external.cophieu68_SSC --[APPEND]--> bronze.bronze_stock_prices (0 rows)
    external.cophieu68_SSI --[APPEND]--> bronze.bronze_stock_prices (0 rows)
    external.cophieu68_ST8 --[APPEND]--> bronze.bronze_stock_prices (0 rows)
    external.cophieu68_STB --[APPEND]--> bronze.bronze_stock_prices (0 rows)
    external.cophieu68_STG --[APPEND]--> bronze.bronze_stock_prices (0 rows)
    external.cophieu68_STK --[APPEND]--> bronze.bronze_stock_prices (0 rows)
    external.cophieu68_SVC --[APPEND]--> bronze.bronze_stock_prices (0 rows)
    external.cophieu68_SVD --[APPEND]--> bronze.bronze_stock_prices (0 rows)
    external.cophieu68_SVI --[APPEND]--> bronze.bronze_stock_prices (0 rows)
    external.cophieu68_SVT --[APPEND]--> bronze.bronze_stock_prices (0 rows)
    external.cophieu68_SZC --[APPEND]--> bronze.bronze_stock_prices (0 rows)
    external.cophieu68_SZL --[APPEND]--> bronze.bronze_stock_prices (0 rows)
    external.cophieu68_TBC --[APPEND]--> bronze.bronze_stock_prices (0 rows)
    external.cophieu68_TCB --[APPEND]--> bronze.bronze_stock_prices (0 rows)
    external.cophieu68_TCD --[APPEND]--> bronze.bronze_stock_prices (0 rows)
    external.cophieu68_TCH --[APPEND]--> bronze.bronze_stock_prices (0 rows)
    external.cophieu68_TCL --[APPEND]--> bronze.bronze_stock_prices (0 rows)
    external.cophieu68_TCM --[APPEND]--> bronze.bronze_stock_prices (0 rows)
    external.cophieu68_TCO --[APPEND]--> bronze.bronze_stock_prices (0 rows)
    external.cophieu68_TCR --[APPEND]--> bronze.bronze_stock_prices (0 rows)
    external.cophieu68_TCT --[APPEND]--> bronze.bronze_stock_prices (0 rows)
    external.cophieu68_TDC --[APPEND]--> bronze.bronze_stock_prices (0 rows)
    external.cophieu68_TDG --[APPEND]--> bronze.bronze_stock_prices (0 rows)
    external.cophieu68_TDH --[APPEND]--> bronze.bronze_stock_prices (0 rows)
    external.cophieu68_TDM --[APPEND]--> bronze.bronze_stock_prices (0 rows)
    external.cophieu68_TDP --[APPEND]--> bronze.bronze_stock_prices (0 rows)
    external.cophieu68_TDW --[APPEND]--> bronze.bronze_stock_prices (0 rows)
    external.cophieu68_TEG --[APPEND]--> bronze.bronze_stock_prices (0 rows)
    external.cophieu68_THG --[APPEND]--> bronze.bronze_stock_prices (0 rows)
    external.cophieu68_TIP --[APPEND]--> bronze.bronze_stock_prices (0 rows)
    external.cophieu68_TIX --[APPEND]--> bronze.bronze_stock_prices (0 rows)
    external.cophieu68_TLD --[APPEND]--> bronze.bronze_stock_prices (0 rows)
    external.cophieu68_TLG --[APPEND]--> bronze.bronze_stock_prices (0 rows)
    external.cophieu68_TLH --[APPEND]--> bronze.bronze_stock_prices (0 rows)
    external.cophieu68_TMP --[APPEND]--> bronze.bronze_stock_prices (0 rows)
    external.cophieu68_TMS --[APPEND]--> bronze.bronze_stock_prices (0 rows)
    external.cophieu68_TMT --[APPEND]--> bronze.bronze_stock_prices (0 rows)
    external.cophieu68_TN1 --[APPEND]--> bronze.bronze_stock_prices (0 rows)
    external.cophieu68_TNC --[APPEND]--> bronze.bronze_stock_prices (0 rows)
    external.cophieu68_TNH --[APPEND]--> bronze.bronze_stock_prices (0 rows)
    external.cophieu68_TNI --[APPEND]--> bronze.bronze_stock_prices (0 rows)
    external.cophieu68_TNT --[APPEND]--> bronze.bronze_stock_prices (0 rows)
    external.cophieu68_TPB --[APPEND]--> bronze.bronze_stock_prices (0 rows)
    external.cophieu68_TPC --[APPEND]--> bronze.bronze_stock_prices (0 rows)
    external.cophieu68_TRA --[APPEND]--> bronze.bronze_stock_prices (0 rows)
    external.cophieu68_TRC --[APPEND]--> bronze.bronze_stock_prices (0 rows)
    external.cophieu68_TSC --[APPEND]--> bronze.bronze_stock_prices (0 rows)
    external.cophieu68_TTA --[APPEND]--> bronze.bronze_stock_prices (0 rows)
    external.cophieu68_TTE --[APPEND]--> bronze.bronze_stock_prices (0 rows)
    external.cophieu68_TTF --[APPEND]--> bronze.bronze_stock_prices (0 rows)
    external.cophieu68_TV2 --[APPEND]--> bronze.bronze_stock_prices (0 rows)
    external.cophieu68_TVB --[APPEND]--> bronze.bronze_stock_prices (0 rows)
    external.cophieu68_TVS --[APPEND]--> bronze.bronze_stock_prices (0 rows)
    external.cophieu68_TVT --[APPEND]--> bronze.bronze_stock_prices (0 rows)
    external.cophieu68_TYA --[APPEND]--> bronze.bronze_stock_prices (0 rows)
    external.cophieu68_UIC --[APPEND]--> bronze.bronze_stock_prices (0 rows)
    external.cophieu68_VAF --[APPEND]--> bronze.bronze_stock_prices (0 rows)
    external.cophieu68_VCA --[APPEND]--> bronze.bronze_stock_prices (0 rows)
    external.cophieu68_VCB --[APPEND]--> bronze.bronze_stock_prices (0 rows)
    external.cophieu68_VCF --[APPEND]--> bronze.bronze_stock_prices (0 rows)
    external.cophieu68_VCG --[APPEND]--> bronze.bronze_stock_prices (0 rows)
    external.cophieu68_VCI --[APPEND]--> bronze.bronze_stock_prices (0 rows)
    external.cophieu68_VDP --[APPEND]--> bronze.bronze_stock_prices (0 rows)
    external.cophieu68_VDS --[APPEND]--> bronze.bronze_stock_prices (0 rows)
    external.cophieu68_VFG --[APPEND]--> bronze.bronze_stock_prices (0 rows)
    external.cophieu68_VGC --[APPEND]--> bronze.bronze_stock_prices (0 rows)
    external.cophieu68_VHC --[APPEND]--> bronze.bronze_stock_prices (0 rows)
    external.cophieu68_VHM --[APPEND]--> bronze.bronze_stock_prices (0 rows)
    external.cophieu68_VIB --[APPEND]--> bronze.bronze_stock_prices (0 rows)
    external.cophieu68_VIC --[APPEND]--> bronze.bronze_stock_prices (0 rows)
    external.cophieu68_VID --[APPEND]--> bronze.bronze_stock_prices (0 rows)
    external.cophieu68_VIP --[APPEND]--> bronze.bronze_stock_prices (0 rows)
    external.cophieu68_VIX --[APPEND]--> bronze.bronze_stock_prices (0 rows)
    external.cophieu68_VJC --[APPEND]--> bronze.bronze_stock_prices (0 rows)
    external.cophieu68_VMD --[APPEND]--> bronze.bronze_stock_prices (0 rows)
    external.cophieu68_VND --[APPEND]--> bronze.bronze_stock_prices (0 rows)
    external.cophieu68_VNE --[APPEND]--> bronze.bronze_stock_prices (0 rows)
    external.cophieu68_VNG --[APPEND]--> bronze.bronze_stock_prices (0 rows)
    external.cophieu68_VNL --[APPEND]--> bronze.bronze_stock_prices (0 rows)
    external.cophieu68_VNM --[APPEND]--> bronze.bronze_stock_prices (0 rows)
    external.cophieu68_VNS --[APPEND]--> bronze.bronze_stock_prices (0 rows)
    external.cophieu68_VOS --[APPEND]--> bronze.bronze_stock_prices (0 rows)
    external.cophieu68_VPB --[APPEND]--> bronze.bronze_stock_prices (0 rows)
    external.cophieu68_VPD --[APPEND]--> bronze.bronze_stock_prices (0 rows)
    external.cophieu68_VPG --[APPEND]--> bronze.bronze_stock_prices (0 rows)
    external.cophieu68_VPH --[APPEND]--> bronze.bronze_stock_prices (0 rows)
    external.cophieu68_VPI --[APPEND]--> bronze.bronze_stock_prices (0 rows)
    external.cophieu68_VPS --[APPEND]--> bronze.bronze_stock_prices (0 rows)
    external.cophieu68_VRC --[APPEND]--> bronze.bronze_stock_prices (0 rows)
    external.cophieu68_VRE --[APPEND]--> bronze.bronze_stock_prices (0 rows)
    external.cophieu68_VSC --[APPEND]--> bronze.bronze_stock_prices (0 rows)
    external.cophieu68_VSH --[APPEND]--> bronze.bronze_stock_prices (0 rows)
    external.cophieu68_VSI --[APPEND]--> bronze.bronze_stock_prices (0 rows)
    external.cophieu68_VTB --[APPEND]--> bronze.bronze_stock_prices (0 rows)
    external.cophieu68_VTO --[APPEND]--> bronze.bronze_stock_prices (0 rows)
    external.cophieu68_YBM --[APPEND]--> bronze.bronze_stock_prices (0 rows)
    external.cophieu68_YEG --[APPEND]--> bronze.bronze_stock_prices (0 rows)
======================================================================
", "caller":"/mnt/c/Users/Admin/Downloads/Project/Github/ETL_Project/platforms/processing/base_processing_subsystem/subsystem34_metadata_repo.py:462"}
{"time":"2026-07-07T14:20:24", "level":"INFO", "message":"Shutting down the event dispatcher", "caller":"/home/hungpham/ds_env/lib/python3.11/site-packages/sqlmesh/core/analytics/dispatcher.py:159"}
{"time":"2026-07-07T14:23:01", "level":"INFO", "message":"Shutting down the event dispatcher", "caller":"/home/hungpham/ds_env/lib/python3.11/site-packages/sqlmesh/core/analytics/dispatcher.py:159"}
{"time":"2026-07-07T14:35:16", "level":"INFO", "message":"Shutting down the event dispatcher", "caller":"/home/hungpham/ds_env/lib/python3.11/site-packages/sqlmesh/core/analytics/dispatcher.py:159"}
{"time":"2026-07-07T14:51:51", "level":"ERROR", "message":"[CONFIG] File not found: CONFIG", "caller":"/mnt/c/Users/Admin/Downloads/Project/Github/ETL_Project/scripts/deploy_full_pipeline.py:162"}
{"time":"2026-07-07T14:51:51", "level":"INFO", "message":"[CONFIG] Prefect config loaded successfully", "caller":"/mnt/c/Users/Admin/Downloads/Project/Github/ETL_Project/scripts/deploy_full_pipeline.py:171"}
{"time":"2026-07-07T14:51:51", "level":"INFO", "message":"[ORCHESTRATOR] Starting pipeline phase=bronze run_id=run_20260707_075151_157cc3 target_date=2026-07-07 symbols=['HPG'] backend=polars", "caller":"/mnt/c/Users/Admin/Downloads/Project/Github/ETL_Project/scripts/deploy_full_pipeline.py:780"}
{"time":"2026-07-07T14:51:51", "level":"INFO", "message":"[RUN START] run_id=run_20260707_075151_157cc3 | job=master_etl_bronze | layer=bronze | table=all_tables", "caller":"/mnt/c/Users/Admin/Downloads/Project/Github/ETL_Project/platforms/processing/base_processing_subsystem/subsystem34_metadata_repo.py:138"}
{"time":"2026-07-07T14:51:51", "level":"INFO", "message":"[BronzeExecutor] Starting bronze phase for symbols=['HPG']", "caller":"/mnt/c/Users/Admin/Downloads/Project/Github/ETL_Project/scripts/deploy_full_pipeline.py:495"}
{"time":"2026-07-07T14:51:51", "level":"ERROR", "message":"[ORCHESTRATOR] Pipeline failed: 'base_url'", "caller":"/mnt/c/Users/Admin/Downloads/Project/Github/ETL_Project/scripts/deploy_full_pipeline.py:800"}
{"time":"2026-07-07T14:51:51", "level":"INFO", "message":"[RUN END] run_id=run_20260707_075151_157cc3 | status=FAILED | duration=0.0s | rows_read=None | rows_written=None", "caller":"/mnt/c/Users/Admin/Downloads/Project/Github/ETL_Project/platforms/processing/base_processing_subsystem/subsystem34_metadata_repo.py:183"}
{"time":"2026-07-07T14:51:51", "level":"CRITICAL", "message":"[FATAL] Pipeline execution failed: 'base_url' | record_id=None", "caller":"/mnt/c/Users/Admin/Downloads/Project/Github/ETL_Project/platforms/processing/base_processing_subsystem/subsystem5_and_30_error_event_schema_and_escalate.py:114"}
{"time":"2026-07-07T14:51:51", "level":"CRITICAL", "message":"FATAL ERROR ESCALATION | run_id=run_20260707_075151_157cc3 | job=etl_bronze | Pipeline execution failed: 'base_url'", "caller":"/mnt/c/Users/Admin/Downloads/Project/Github/ETL_Project/platforms/processing/base_processing_subsystem/subsystem5_and_30_error_event_schema_and_escalate.py:124"}
{"time":"2026-07-07T14:51:51", "level":"INFO", "message":"
======================================================================
  ETL Run Summary: run_20260707_075151_157cc3
======================================================================
  Job:           master_etl_bronze
  Layer:         bronze -> all_tables
  Status:        FAILED
  Start:         2026-07-07 07:51:51.581115+00:00
  End:           2026-07-07 07:51:51.611287+00:00
  Duration:      0.0s
  Rows Read:     0
  Rows Written:  0
======================================================================
", "caller":"/mnt/c/Users/Admin/Downloads/Project/Github/ETL_Project/platforms/processing/base_processing_subsystem/subsystem34_metadata_repo.py:462"}
{"time":"2026-07-07T14:51:51", "level":"INFO", "message":"Shutting down the event dispatcher", "caller":"/home/hungpham/ds_env/lib/python3.11/site-packages/sqlmesh/core/analytics/dispatcher.py:159"}
{"time":"2026-07-07T15:06:27", "level":"INFO", "message":"[CONFIG] Loaded from platforms/orchestration/prefect/config/cophieu68_config.yaml", "caller":"/mnt/c/Users/Admin/Downloads/Project/Github/ETL_Project/scripts/deploy_full_pipeline.py:159"}
{"time":"2026-07-07T15:06:27", "level":"INFO", "message":"[CONFIG] Prefect config loaded successfully", "caller":"/mnt/c/Users/Admin/Downloads/Project/Github/ETL_Project/scripts/deploy_full_pipeline.py:171"}
{"time":"2026-07-07T15:06:27", "level":"INFO", "message":"[ORCHESTRATOR] Starting pipeline phase=bronze run_id=run_20260707_080627_884fa8 target_date=2026-07-07 symbols=['HPG'] backend=polars", "caller":"/mnt/c/Users/Admin/Downloads/Project/Github/ETL_Project/scripts/deploy_full_pipeline.py:780"}
{"time":"2026-07-07T15:06:27", "level":"INFO", "message":"[RUN START] run_id=run_20260707_080627_884fa8 | job=master_etl_bronze | layer=bronze | table=all_tables", "caller":"/mnt/c/Users/Admin/Downloads/Project/Github/ETL_Project/platforms/processing/base_processing_subsystem/subsystem34_metadata_repo.py:138"}
{"time":"2026-07-07T15:06:27", "level":"INFO", "message":"[BronzeExecutor] Starting bronze phase for symbols=['HPG']", "caller":"/mnt/c/Users/Admin/Downloads/Project/Github/ETL_Project/scripts/deploy_full_pipeline.py:495"}
{"time":"2026-07-07T15:06:27", "level":"INFO", "message":"[BronzeExecutor] Processing symbol=HPG batch_id=batch_HPG_20260707080627_dd3d1ebe", "caller":"/mnt/c/Users/Admin/Downloads/Project/Github/ETL_Project/scripts/deploy_full_pipeline.py:510"}
{"time":"2026-07-07T15:06:28", "level":"INFO", "message":"[BronzeIngester:HPG] Start processing 101 records.", "caller":"/mnt/c/Users/Admin/Downloads/Project/Github/ETL_Project/scripts/deploy_full_pipeline.py:302"}
{"time":"2026-07-07T15:06:28", "level":"WARNING", "message":"[BronzeIngester:HPG] No records passed DQ checks.", "caller":"/mnt/c/Users/Admin/Downloads/Project/Github/ETL_Project/scripts/deploy_full_pipeline.py:311"}
{"time":"2026-07-07T15:06:28", "level":"WARNING", "message":"[WARNING] 101 rejected records in bronze ingestion for HPG | record_id=None", "caller":"/mnt/c/Users/Admin/Downloads/Project/Github/ETL_Project/platforms/processing/base_processing_subsystem/subsystem5_and_30_error_event_schema_and_escalate.py:114"}
{"time":"2026-07-07T15:06:28", "level":"INFO", "message":"[LINEAGE] external.cophieu68_HPG -> bronze.bronze_stock_prices | op=APPEND | rows=0", "caller":"/mnt/c/Users/Admin/Downloads/Project/Github/ETL_Project/platforms/processing/base_processing_subsystem/subsystem34_metadata_repo.py:372"}
{"time":"2026-07-07T15:06:28", "level":"INFO", "message":"[BronzeExecutor] Completed bronze phase: rows_ingested=0", "caller":"/mnt/c/Users/Admin/Downloads/Project/Github/ETL_Project/scripts/deploy_full_pipeline.py:558"}
{"time":"2026-07-07T15:06:28", "level":"INFO", "message":"[RUN END] run_id=run_20260707_080627_884fa8 | status=SUCCESS | duration=0.1s | rows_read=None | rows_written=None", "caller":"/mnt/c/Users/Admin/Downloads/Project/Github/ETL_Project/platforms/processing/base_processing_subsystem/subsystem34_metadata_repo.py:183"}
{"time":"2026-07-07T15:06:28", "level":"INFO", "message":"
======================================================================
  ETL Run Summary: run_20260707_080627_884fa8
======================================================================
  Job:           master_etl_bronze
  Layer:         bronze -> all_tables
  Status:        SUCCESS
  Start:         2026-07-07 08:06:27.935685+00:00
  End:           2026-07-07 08:06:28.057638+00:00
  Duration:      0.1s
  Rows Read:     0
  Rows Written:  0

  Data Lineage (1 transformations):
    external.cophieu68_HPG --[APPEND]--> bronze.bronze_stock_prices (0 rows)
======================================================================
", "caller":"/mnt/c/Users/Admin/Downloads/Project/Github/ETL_Project/platforms/processing/base_processing_subsystem/subsystem34_metadata_repo.py:462"}
{"time":"2026-07-07T15:06:28", "level":"INFO", "message":"Shutting down the event dispatcher", "caller":"/home/hungpham/ds_env/lib/python3.11/site-packages/sqlmesh/core/analytics/dispatcher.py:159"}
{"time":"2026-07-07T15:11:33", "level":"INFO", "message":"Shutting down the event dispatcher", "caller":"/home/hungpham/ds_env/lib/python3.11/site-packages/sqlmesh/core/analytics/dispatcher.py:159"}
