{"time":"2025-09-13T18:53:19", "level":"INFO", "message":"Using local processing for economy (size: 267)", "caller":"/mnt/c/Users/Admin/Downloads/Project/Github/ETL_Project/internal/dags/wbapi_dag/transform/wbapi_transform_implement.py:649"}
{"time":"2025-09-13T18:53:19", "level":"INFO", "message":"Using local processing for economy (size: 267)", "caller":"/mnt/c/Users/Admin/Downloads/Project/Github/ETL_Project/internal/dags/wbapi_dag/transform/wbapi_transform_implement.py:649"}
{"time":"2025-09-13T19:47:15", "level":"INFO", "message":"Using local processing for economy (size: 267)", "caller":"/mnt/c/Users/Admin/Downloads/Project/Github/ETL_Project/internal/dags/wbapi_dag/transform/wbapi_transform_implement.py:649"}
{"time":"2025-09-13T19:50:30", "level":"INFO", "message":"Using local processing for economy (size: 267)", "caller":"/mnt/c/Users/Admin/Downloads/Project/Github/ETL_Project/internal/dags/wbapi_dag/transform/wbapi_transform_implement.py:649"}
{"time":"2025-09-13T19:50:30", "level":"INFO", "message":"Using local processing for economy (size: 267)", "caller":"/mnt/c/Users/Admin/Downloads/Project/Github/ETL_Project/internal/dags/wbapi_dag/transform/wbapi_transform_implement.py:649"}
{"time":"2025-09-13T19:50:53", "level":"INFO", "message":"Using local processing for economy (size: 267)", "caller":"/mnt/c/Users/Admin/Downloads/Project/Github/ETL_Project/internal/dags/wbapi_dag/transform/wbapi_transform_implement.py:649"}
{"time":"2025-09-13T19:59:23", "level":"INFO", "message":"Using local processing for economy (size: 267)", "caller":"/mnt/c/Users/Admin/Downloads/Project/Github/ETL_Project/internal/dags/wbapi_dag/transform/wbapi_transform_implement.py:649"}
{"time":"2025-09-13T19:59:47", "level":"INFO", "message":"Dropped columns: ['Aggregate']", "caller":"/mnt/c/Users/Admin/Downloads/Project/Github/ETL_Project/internal/dags/wbapi_dag/transform/wbapi_transform_obj.py:70"}
{"time":"2025-09-13T19:59:47", "level":"INFO", "message":"Economy data transformation completed", "caller":"/mnt/c/Users/Admin/Downloads/Project/Github/ETL_Project/internal/dags/wbapi_dag/transform/wbapi_transform_implement.py:74"}
{"time":"2025-09-13T19:59:47", "level":"INFO", "message":"Transformed 2 data types", "caller":"/tmp/ipykernel_43285/352065305.py:47"}
{"time":"2025-09-13T19:59:48", "level":"INFO", "message":"Using local processing for economy (size: 267)", "caller":"/mnt/c/Users/Admin/Downloads/Project/Github/ETL_Project/internal/dags/wbapi_dag/transform/wbapi_transform_implement.py:649"}
{"time":"2025-09-13T19:59:50", "level":"ERROR", "message":"Error transforming economy dataframe: Expected numeric dtype, got object instead.", "caller":"/mnt/c/Users/Admin/Downloads/Project/Github/ETL_Project/internal/dags/wbapi_dag/transform/wbapi_transform_obj.py:102"}
{"time":"2025-09-13T19:59:50", "level":"INFO", "message":"Economy data transformation completed", "caller":"/mnt/c/Users/Admin/Downloads/Project/Github/ETL_Project/internal/dags/wbapi_dag/transform/wbapi_transform_implement.py:74"}
{"time":"2025-09-13T19:59:50", "level":"INFO", "message":"Using local processing for series (size: 1517)", "caller":"/mnt/c/Users/Admin/Downloads/Project/Github/ETL_Project/internal/dags/wbapi_dag/transform/wbapi_transform_implement.py:649"}
{"time":"2025-09-13T19:59:50", "level":"INFO", "message":"Series data transformation completed", "caller":"/mnt/c/Users/Admin/Downloads/Project/Github/ETL_Project/internal/dags/wbapi_dag/transform/wbapi_transform_implement.py:97"}
{"time":"2025-09-13T19:59:50", "level":"INFO", "message":"Transformed 4 data types", "caller":"/tmp/ipykernel_43285/352065305.py:47"}
{"time":"2025-09-13T19:59:57", "level":"INFO", "message":"Using local processing for economy (size: 267)", "caller":"/mnt/c/Users/Admin/Downloads/Project/Github/ETL_Project/internal/dags/wbapi_dag/transform/wbapi_transform_implement.py:649"}
{"time":"2025-09-13T19:59:57", "level":"ERROR", "message":"Error transforming economy dataframe: Expected numeric dtype, got object instead.", "caller":"/mnt/c/Users/Admin/Downloads/Project/Github/ETL_Project/internal/dags/wbapi_dag/transform/wbapi_transform_obj.py:102"}
{"time":"2025-09-13T19:59:57", "level":"INFO", "message":"Economy data transformation completed", "caller":"/mnt/c/Users/Admin/Downloads/Project/Github/ETL_Project/internal/dags/wbapi_dag/transform/wbapi_transform_implement.py:74"}
{"time":"2025-09-13T19:59:57", "level":"INFO", "message":"Using local processing for series (size: 1517)", "caller":"/mnt/c/Users/Admin/Downloads/Project/Github/ETL_Project/internal/dags/wbapi_dag/transform/wbapi_transform_implement.py:649"}
{"time":"2025-09-13T19:59:57", "level":"INFO", "message":"Series data transformation completed", "caller":"/mnt/c/Users/Admin/Downloads/Project/Github/ETL_Project/internal/dags/wbapi_dag/transform/wbapi_transform_implement.py:97"}
{"time":"2025-09-13T19:59:57", "level":"INFO", "message":"Using local processing for topic (size: 1575)", "caller":"/mnt/c/Users/Admin/Downloads/Project/Github/ETL_Project/internal/dags/wbapi_dag/transform/wbapi_transform_implement.py:649"}
{"time":"2025-09-13T19:59:57", "level":"INFO", "message":"Topic data transformation completed", "caller":"/mnt/c/Users/Admin/Downloads/Project/Github/ETL_Project/internal/dags/wbapi_dag/transform/wbapi_transform_implement.py:125"}
{"time":"2025-09-13T19:59:58", "level":"INFO", "message":"Transformed 7 data types", "caller":"/tmp/ipykernel_43285/352065305.py:47"}
{"time":"2025-09-13T19:59:58", "level":"INFO", "message":"Using local processing for economy (size: 267)", "caller":"/mnt/c/Users/Admin/Downloads/Project/Github/ETL_Project/internal/dags/wbapi_dag/transform/wbapi_transform_implement.py:649"}
{"time":"2025-09-13T19:59:58", "level":"ERROR", "message":"Error transforming economy dataframe: Expected numeric dtype, got object instead.", "caller":"/mnt/c/Users/Admin/Downloads/Project/Github/ETL_Project/internal/dags/wbapi_dag/transform/wbapi_transform_obj.py:102"}
{"time":"2025-09-13T19:59:58", "level":"INFO", "message":"Economy data transformation completed", "caller":"/mnt/c/Users/Admin/Downloads/Project/Github/ETL_Project/internal/dags/wbapi_dag/transform/wbapi_transform_implement.py:74"}
{"time":"2025-09-13T19:59:58", "level":"INFO", "message":"Using local processing for series (size: 1517)", "caller":"/mnt/c/Users/Admin/Downloads/Project/Github/ETL_Project/internal/dags/wbapi_dag/transform/wbapi_transform_implement.py:649"}
{"time":"2025-09-13T19:59:58", "level":"INFO", "message":"Series data transformation completed", "caller":"/mnt/c/Users/Admin/Downloads/Project/Github/ETL_Project/internal/dags/wbapi_dag/transform/wbapi_transform_implement.py:97"}
{"time":"2025-09-13T19:59:58", "level":"INFO", "message":"Using local processing for topic (size: 1575)", "caller":"/mnt/c/Users/Admin/Downloads/Project/Github/ETL_Project/internal/dags/wbapi_dag/transform/wbapi_transform_implement.py:649"}
{"time":"2025-09-13T19:59:58", "level":"INFO", "message":"Topic data transformation completed", "caller":"/mnt/c/Users/Admin/Downloads/Project/Github/ETL_Project/internal/dags/wbapi_dag/transform/wbapi_transform_implement.py:125"}
{"time":"2025-09-13T19:59:58", "level":"INFO", "message":"Using local processing for time (size: 130)", "caller":"/mnt/c/Users/Admin/Downloads/Project/Github/ETL_Project/internal/dags/wbapi_dag/transform/wbapi_transform_implement.py:649"}
{"time":"2025-09-13T19:59:58", "level":"INFO", "message":"Time data transformation completed", "caller":"/mnt/c/Users/Admin/Downloads/Project/Github/ETL_Project/internal/dags/wbapi_dag/transform/wbapi_transform_implement.py:141"}
{"time":"2025-09-13T19:59:58", "level":"INFO", "message":"Transformed 8 data types", "caller":"/tmp/ipykernel_43285/352065305.py:47"}
{"time":"2025-09-13T19:59:59", "level":"INFO", "message":"Using local processing for economy (size: 267)", "caller":"/mnt/c/Users/Admin/Downloads/Project/Github/ETL_Project/internal/dags/wbapi_dag/transform/wbapi_transform_implement.py:649"}
{"time":"2025-09-13T19:59:59", "level":"ERROR", "message":"Error transforming economy dataframe: Expected numeric dtype, got object instead.", "caller":"/mnt/c/Users/Admin/Downloads/Project/Github/ETL_Project/internal/dags/wbapi_dag/transform/wbapi_transform_obj.py:102"}
{"time":"2025-09-13T19:59:59", "level":"INFO", "message":"Economy data transformation completed", "caller":"/mnt/c/Users/Admin/Downloads/Project/Github/ETL_Project/internal/dags/wbapi_dag/transform/wbapi_transform_implement.py:74"}
{"time":"2025-09-13T19:59:59", "level":"INFO", "message":"Using local processing for series (size: 1517)", "caller":"/mnt/c/Users/Admin/Downloads/Project/Github/ETL_Project/internal/dags/wbapi_dag/transform/wbapi_transform_implement.py:649"}
{"time":"2025-09-13T19:59:59", "level":"INFO", "message":"Series data transformation completed", "caller":"/mnt/c/Users/Admin/Downloads/Project/Github/ETL_Project/internal/dags/wbapi_dag/transform/wbapi_transform_implement.py:97"}
{"time":"2025-09-13T19:59:59", "level":"INFO", "message":"Using local processing for topic (size: 1575)", "caller":"/mnt/c/Users/Admin/Downloads/Project/Github/ETL_Project/internal/dags/wbapi_dag/transform/wbapi_transform_implement.py:649"}
{"time":"2025-09-13T19:59:59", "level":"INFO", "message":"Topic data transformation completed", "caller":"/mnt/c/Users/Admin/Downloads/Project/Github/ETL_Project/internal/dags/wbapi_dag/transform/wbapi_transform_implement.py:125"}
{"time":"2025-09-13T19:59:59", "level":"INFO", "message":"Using local processing for time (size: 130)", "caller":"/mnt/c/Users/Admin/Downloads/Project/Github/ETL_Project/internal/dags/wbapi_dag/transform/wbapi_transform_implement.py:649"}
{"time":"2025-09-13T19:59:59", "level":"INFO", "message":"Time data transformation completed", "caller":"/mnt/c/Users/Admin/Downloads/Project/Github/ETL_Project/internal/dags/wbapi_dag/transform/wbapi_transform_implement.py:141"}
{"time":"2025-09-13T19:59:59", "level":"INFO", "message":"Using local processing for source (size: 140)", "caller":"/mnt/c/Users/Admin/Downloads/Project/Github/ETL_Project/internal/dags/wbapi_dag/transform/wbapi_transform_implement.py:649"}
{"time":"2025-09-13T19:59:59", "level":"INFO", "message":"Source data transformation completed", "caller":"/mnt/c/Users/Admin/Downloads/Project/Github/ETL_Project/internal/dags/wbapi_dag/transform/wbapi_transform_implement.py:164"}
{"time":"2025-09-13T19:59:59", "level":"INFO", "message":"Transformed 10 data types", "caller":"/tmp/ipykernel_43285/352065305.py:47"}
{"time":"2025-09-13T20:00:00", "level":"INFO", "message":"Using local processing for economy (size: 267)", "caller":"/mnt/c/Users/Admin/Downloads/Project/Github/ETL_Project/internal/dags/wbapi_dag/transform/wbapi_transform_implement.py:649"}
{"time":"2025-09-13T20:00:00", "level":"ERROR", "message":"Error transforming economy dataframe: Expected numeric dtype, got object instead.", "caller":"/mnt/c/Users/Admin/Downloads/Project/Github/ETL_Project/internal/dags/wbapi_dag/transform/wbapi_transform_obj.py:102"}
{"time":"2025-09-13T20:00:00", "level":"INFO", "message":"Economy data transformation completed", "caller":"/mnt/c/Users/Admin/Downloads/Project/Github/ETL_Project/internal/dags/wbapi_dag/transform/wbapi_transform_implement.py:74"}
{"time":"2025-09-13T20:00:00", "level":"INFO", "message":"Using local processing for series (size: 1517)", "caller":"/mnt/c/Users/Admin/Downloads/Project/Github/ETL_Project/internal/dags/wbapi_dag/transform/wbapi_transform_implement.py:649"}
{"time":"2025-09-13T20:00:00", "level":"INFO", "message":"Series data transformation completed", "caller":"/mnt/c/Users/Admin/Downloads/Project/Github/ETL_Project/internal/dags/wbapi_dag/transform/wbapi_transform_implement.py:97"}
{"time":"2025-09-13T20:00:00", "level":"INFO", "message":"Using local processing for topic (size: 1575)", "caller":"/mnt/c/Users/Admin/Downloads/Project/Github/ETL_Project/internal/dags/wbapi_dag/transform/wbapi_transform_implement.py:649"}
{"time":"2025-09-13T20:00:00", "level":"INFO", "message":"Topic data transformation completed", "caller":"/mnt/c/Users/Admin/Downloads/Project/Github/ETL_Project/internal/dags/wbapi_dag/transform/wbapi_transform_implement.py:125"}
{"time":"2025-09-13T20:00:00", "level":"INFO", "message":"Using local processing for time (size: 130)", "caller":"/mnt/c/Users/Admin/Downloads/Project/Github/ETL_Project/internal/dags/wbapi_dag/transform/wbapi_transform_implement.py:649"}
{"time":"2025-09-13T20:00:00", "level":"INFO", "message":"Time data transformation completed", "caller":"/mnt/c/Users/Admin/Downloads/Project/Github/ETL_Project/internal/dags/wbapi_dag/transform/wbapi_transform_implement.py:141"}
{"time":"2025-09-13T20:00:00", "level":"INFO", "message":"Using local processing for source (size: 140)", "caller":"/mnt/c/Users/Admin/Downloads/Project/Github/ETL_Project/internal/dags/wbapi_dag/transform/wbapi_transform_implement.py:649"}
{"time":"2025-09-13T20:00:00", "level":"INFO", "message":"Source data transformation completed", "caller":"/mnt/c/Users/Admin/Downloads/Project/Github/ETL_Project/internal/dags/wbapi_dag/transform/wbapi_transform_implement.py:164"}
{"time":"2025-09-13T20:00:00", "level":"INFO", "message":"Using local processing for region (size: 88)", "caller":"/mnt/c/Users/Admin/Downloads/Project/Github/ETL_Project/internal/dags/wbapi_dag/transform/wbapi_transform_implement.py:649"}
{"time":"2025-09-13T20:00:00", "level":"INFO", "message":"Region data transformation completed", "caller":"/mnt/c/Users/Admin/Downloads/Project/Github/ETL_Project/internal/dags/wbapi_dag/transform/wbapi_transform_implement.py:180"}
{"time":"2025-09-13T20:00:00", "level":"INFO", "message":"Transformed 11 data types", "caller":"/tmp/ipykernel_43285/352065305.py:47"}
{"time":"2025-09-13T20:00:01", "level":"INFO", "message":"Using local processing for economy (size: 267)", "caller":"/mnt/c/Users/Admin/Downloads/Project/Github/ETL_Project/internal/dags/wbapi_dag/transform/wbapi_transform_implement.py:649"}
{"time":"2025-09-13T20:00:01", "level":"ERROR", "message":"Error transforming economy dataframe: Expected numeric dtype, got object instead.", "caller":"/mnt/c/Users/Admin/Downloads/Project/Github/ETL_Project/internal/dags/wbapi_dag/transform/wbapi_transform_obj.py:102"}
{"time":"2025-09-13T20:00:01", "level":"INFO", "message":"Economy data transformation completed", "caller":"/mnt/c/Users/Admin/Downloads/Project/Github/ETL_Project/internal/dags/wbapi_dag/transform/wbapi_transform_implement.py:74"}
{"time":"2025-09-13T20:00:01", "level":"INFO", "message":"Using local processing for series (size: 1517)", "caller":"/mnt/c/Users/Admin/Downloads/Project/Github/ETL_Project/internal/dags/wbapi_dag/transform/wbapi_transform_implement.py:649"}
{"time":"2025-09-13T20:00:01", "level":"INFO", "message":"Series data transformation completed", "caller":"/mnt/c/Users/Admin/Downloads/Project/Github/ETL_Project/internal/dags/wbapi_dag/transform/wbapi_transform_implement.py:97"}
{"time":"2025-09-13T20:00:01", "level":"INFO", "message":"Using local processing for topic (size: 1575)", "caller":"/mnt/c/Users/Admin/Downloads/Project/Github/ETL_Project/internal/dags/wbapi_dag/transform/wbapi_transform_implement.py:649"}
{"time":"2025-09-13T20:00:01", "level":"INFO", "message":"Topic data transformation completed", "caller":"/mnt/c/Users/Admin/Downloads/Project/Github/ETL_Project/internal/dags/wbapi_dag/transform/wbapi_transform_implement.py:125"}
{"time":"2025-09-13T20:00:01", "level":"INFO", "message":"Using local processing for time (size: 130)", "caller":"/mnt/c/Users/Admin/Downloads/Project/Github/ETL_Project/internal/dags/wbapi_dag/transform/wbapi_transform_implement.py:649"}
{"time":"2025-09-13T20:00:01", "level":"INFO", "message":"Time data transformation completed", "caller":"/mnt/c/Users/Admin/Downloads/Project/Github/ETL_Project/internal/dags/wbapi_dag/transform/wbapi_transform_implement.py:141"}
{"time":"2025-09-13T20:00:01", "level":"INFO", "message":"Using local processing for source (size: 140)", "caller":"/mnt/c/Users/Admin/Downloads/Project/Github/ETL_Project/internal/dags/wbapi_dag/transform/wbapi_transform_implement.py:649"}
{"time":"2025-09-13T20:00:01", "level":"INFO", "message":"Source data transformation completed", "caller":"/mnt/c/Users/Admin/Downloads/Project/Github/ETL_Project/internal/dags/wbapi_dag/transform/wbapi_transform_implement.py:164"}
{"time":"2025-09-13T20:00:01", "level":"INFO", "message":"Using local processing for region (size: 88)", "caller":"/mnt/c/Users/Admin/Downloads/Project/Github/ETL_Project/internal/dags/wbapi_dag/transform/wbapi_transform_implement.py:649"}
{"time":"2025-09-13T20:00:01", "level":"INFO", "message":"Region data transformation completed", "caller":"/mnt/c/Users/Admin/Downloads/Project/Github/ETL_Project/internal/dags/wbapi_dag/transform/wbapi_transform_implement.py:180"}
{"time":"2025-09-13T20:00:01", "level":"INFO", "message":"Using local processing for income (size: 14)", "caller":"/mnt/c/Users/Admin/Downloads/Project/Github/ETL_Project/internal/dags/wbapi_dag/transform/wbapi_transform_implement.py:649"}
{"time":"2025-09-13T20:00:01", "level":"INFO", "message":"Income data transformation completed", "caller":"/mnt/c/Users/Admin/Downloads/Project/Github/ETL_Project/internal/dags/wbapi_dag/transform/wbapi_transform_implement.py:196"}
{"time":"2025-09-13T20:00:01", "level":"INFO", "message":"Transformed 12 data types", "caller":"/tmp/ipykernel_43285/352065305.py:47"}
{"time":"2025-09-13T20:00:01", "level":"INFO", "message":"Using local processing for economy (size: 267)", "caller":"/mnt/c/Users/Admin/Downloads/Project/Github/ETL_Project/internal/dags/wbapi_dag/transform/wbapi_transform_implement.py:649"}
{"time":"2025-09-13T20:00:01", "level":"ERROR", "message":"Error transforming economy dataframe: Expected numeric dtype, got object instead.", "caller":"/mnt/c/Users/Admin/Downloads/Project/Github/ETL_Project/internal/dags/wbapi_dag/transform/wbapi_transform_obj.py:102"}
{"time":"2025-09-13T20:00:01", "level":"INFO", "message":"Economy data transformation completed", "caller":"/mnt/c/Users/Admin/Downloads/Project/Github/ETL_Project/internal/dags/wbapi_dag/transform/wbapi_transform_implement.py:74"}
{"time":"2025-09-13T20:00:01", "level":"INFO", "message":"Using local processing for series (size: 1517)", "caller":"/mnt/c/Users/Admin/Downloads/Project/Github/ETL_Project/internal/dags/wbapi_dag/transform/wbapi_transform_implement.py:649"}
{"time":"2025-09-13T20:00:01", "level":"INFO", "message":"Series data transformation completed", "caller":"/mnt/c/Users/Admin/Downloads/Project/Github/ETL_Project/internal/dags/wbapi_dag/transform/wbapi_transform_implement.py:97"}
{"time":"2025-09-13T20:00:02", "level":"INFO", "message":"Using local processing for topic (size: 1575)", "caller":"/mnt/c/Users/Admin/Downloads/Project/Github/ETL_Project/internal/dags/wbapi_dag/transform/wbapi_transform_implement.py:649"}
{"time":"2025-09-13T20:00:02", "level":"INFO", "message":"Topic data transformation completed", "caller":"/mnt/c/Users/Admin/Downloads/Project/Github/ETL_Project/internal/dags/wbapi_dag/transform/wbapi_transform_implement.py:125"}
{"time":"2025-09-13T20:00:02", "level":"INFO", "message":"Using local processing for time (size: 130)", "caller":"/mnt/c/Users/Admin/Downloads/Project/Github/ETL_Project/internal/dags/wbapi_dag/transform/wbapi_transform_implement.py:649"}
{"time":"2025-09-13T20:00:02", "level":"INFO", "message":"Time data transformation completed", "caller":"/mnt/c/Users/Admin/Downloads/Project/Github/ETL_Project/internal/dags/wbapi_dag/transform/wbapi_transform_implement.py:141"}
{"time":"2025-09-13T20:00:02", "level":"INFO", "message":"Using local processing for source (size: 140)", "caller":"/mnt/c/Users/Admin/Downloads/Project/Github/ETL_Project/internal/dags/wbapi_dag/transform/wbapi_transform_implement.py:649"}
{"time":"2025-09-13T20:00:02", "level":"INFO", "message":"Source data transformation completed", "caller":"/mnt/c/Users/Admin/Downloads/Project/Github/ETL_Project/internal/dags/wbapi_dag/transform/wbapi_transform_implement.py:164"}
{"time":"2025-09-13T20:00:02", "level":"INFO", "message":"Using local processing for region (size: 88)", "caller":"/mnt/c/Users/Admin/Downloads/Project/Github/ETL_Project/internal/dags/wbapi_dag/transform/wbapi_transform_implement.py:649"}
{"time":"2025-09-13T20:00:02", "level":"INFO", "message":"Region data transformation completed", "caller":"/mnt/c/Users/Admin/Downloads/Project/Github/ETL_Project/internal/dags/wbapi_dag/transform/wbapi_transform_implement.py:180"}
{"time":"2025-09-13T20:00:02", "level":"INFO", "message":"Using local processing for income (size: 14)", "caller":"/mnt/c/Users/Admin/Downloads/Project/Github/ETL_Project/internal/dags/wbapi_dag/transform/wbapi_transform_implement.py:649"}
{"time":"2025-09-13T20:00:02", "level":"INFO", "message":"Income data transformation completed", "caller":"/mnt/c/Users/Admin/Downloads/Project/Github/ETL_Project/internal/dags/wbapi_dag/transform/wbapi_transform_implement.py:196"}
{"time":"2025-09-13T20:00:02", "level":"INFO", "message":"Using local processing for lending (size: 8)", "caller":"/mnt/c/Users/Admin/Downloads/Project/Github/ETL_Project/internal/dags/wbapi_dag/transform/wbapi_transform_implement.py:649"}
{"time":"2025-09-13T20:00:02", "level":"INFO", "message":"Lending data transformation completed", "caller":"/mnt/c/Users/Admin/Downloads/Project/Github/ETL_Project/internal/dags/wbapi_dag/transform/wbapi_transform_implement.py:212"}
{"time":"2025-09-13T20:00:02", "level":"INFO", "message":"Transformed 13 data types", "caller":"/tmp/ipykernel_43285/352065305.py:47"}
{"time":"2025-09-13T20:05:40", "level":"INFO", "message":"Using local processing for economy (size: 267)", "caller":"/mnt/c/Users/Admin/Downloads/Project/Github/ETL_Project/internal/dags/wbapi_dag/transform/wbapi_transform_implement.py:649"}
{"time":"2025-09-13T20:06:20", "level":"INFO", "message":"Dropped columns: ['Aggregate']", "caller":"/mnt/c/Users/Admin/Downloads/Project/Github/ETL_Project/internal/dags/wbapi_dag/transform/wbapi_transform_obj.py:70"}
{"time":"2025-09-13T20:06:20", "level":"INFO", "message":"Economy data transformation completed", "caller":"/mnt/c/Users/Admin/Downloads/Project/Github/ETL_Project/internal/dags/wbapi_dag/transform/wbapi_transform_implement.py:74"}
{"time":"2025-09-13T20:06:20", "level":"INFO", "message":"Transformed 2 data types", "caller":"/tmp/ipykernel_43956/4175330404.py:47"}
{"time":"2025-09-13T20:06:23", "level":"INFO", "message":"Using local processing for economy (size: 267)", "caller":"/mnt/c/Users/Admin/Downloads/Project/Github/ETL_Project/internal/dags/wbapi_dag/transform/wbapi_transform_implement.py:649"}
{"time":"2025-09-13T20:06:24", "level":"ERROR", "message":"Error transforming economy dataframe: Expected numeric dtype, got object instead.", "caller":"/mnt/c/Users/Admin/Downloads/Project/Github/ETL_Project/internal/dags/wbapi_dag/transform/wbapi_transform_obj.py:102"}
{"time":"2025-09-13T20:06:24", "level":"INFO", "message":"Economy data transformation completed", "caller":"/mnt/c/Users/Admin/Downloads/Project/Github/ETL_Project/internal/dags/wbapi_dag/transform/wbapi_transform_implement.py:74"}
{"time":"2025-09-13T20:06:24", "level":"INFO", "message":"Using local processing for series (size: 1517)", "caller":"/mnt/c/Users/Admin/Downloads/Project/Github/ETL_Project/internal/dags/wbapi_dag/transform/wbapi_transform_implement.py:649"}
{"time":"2025-09-13T20:06:24", "level":"INFO", "message":"Series data transformation completed", "caller":"/mnt/c/Users/Admin/Downloads/Project/Github/ETL_Project/internal/dags/wbapi_dag/transform/wbapi_transform_implement.py:97"}
{"time":"2025-09-13T20:06:24", "level":"INFO", "message":"Transformed 4 data types", "caller":"/tmp/ipykernel_43956/4175330404.py:47"}
{"time":"2025-09-13T20:06:32", "level":"INFO", "message":"Using local processing for economy (size: 267)", "caller":"/mnt/c/Users/Admin/Downloads/Project/Github/ETL_Project/internal/dags/wbapi_dag/transform/wbapi_transform_implement.py:649"}
{"time":"2025-09-13T20:06:33", "level":"ERROR", "message":"Error transforming economy dataframe: Expected numeric dtype, got object instead.", "caller":"/mnt/c/Users/Admin/Downloads/Project/Github/ETL_Project/internal/dags/wbapi_dag/transform/wbapi_transform_obj.py:102"}
{"time":"2025-09-13T20:06:33", "level":"INFO", "message":"Economy data transformation completed", "caller":"/mnt/c/Users/Admin/Downloads/Project/Github/ETL_Project/internal/dags/wbapi_dag/transform/wbapi_transform_implement.py:74"}
{"time":"2025-09-13T20:06:33", "level":"INFO", "message":"Using local processing for series (size: 1517)", "caller":"/mnt/c/Users/Admin/Downloads/Project/Github/ETL_Project/internal/dags/wbapi_dag/transform/wbapi_transform_implement.py:649"}
{"time":"2025-09-13T20:06:33", "level":"INFO", "message":"Series data transformation completed", "caller":"/mnt/c/Users/Admin/Downloads/Project/Github/ETL_Project/internal/dags/wbapi_dag/transform/wbapi_transform_implement.py:97"}
{"time":"2025-09-13T20:06:33", "level":"INFO", "message":"Using local processing for topic (size: 1575)", "caller":"/mnt/c/Users/Admin/Downloads/Project/Github/ETL_Project/internal/dags/wbapi_dag/transform/wbapi_transform_implement.py:649"}
{"time":"2025-09-13T20:06:33", "level":"INFO", "message":"Topic data transformation completed", "caller":"/mnt/c/Users/Admin/Downloads/Project/Github/ETL_Project/internal/dags/wbapi_dag/transform/wbapi_transform_implement.py:125"}
{"time":"2025-09-13T20:06:33", "level":"INFO", "message":"Transformed 7 data types", "caller":"/tmp/ipykernel_43956/4175330404.py:47"}
{"time":"2025-09-13T20:06:34", "level":"INFO", "message":"Using local processing for economy (size: 267)", "caller":"/mnt/c/Users/Admin/Downloads/Project/Github/ETL_Project/internal/dags/wbapi_dag/transform/wbapi_transform_implement.py:649"}
{"time":"2025-09-13T20:06:34", "level":"ERROR", "message":"Error transforming economy dataframe: Expected numeric dtype, got object instead.", "caller":"/mnt/c/Users/Admin/Downloads/Project/Github/ETL_Project/internal/dags/wbapi_dag/transform/wbapi_transform_obj.py:102"}
{"time":"2025-09-13T20:06:34", "level":"INFO", "message":"Economy data transformation completed", "caller":"/mnt/c/Users/Admin/Downloads/Project/Github/ETL_Project/internal/dags/wbapi_dag/transform/wbapi_transform_implement.py:74"}
{"time":"2025-09-13T20:06:34", "level":"INFO", "message":"Using local processing for series (size: 1517)", "caller":"/mnt/c/Users/Admin/Downloads/Project/Github/ETL_Project/internal/dags/wbapi_dag/transform/wbapi_transform_implement.py:649"}
{"time":"2025-09-13T20:06:34", "level":"INFO", "message":"Series data transformation completed", "caller":"/mnt/c/Users/Admin/Downloads/Project/Github/ETL_Project/internal/dags/wbapi_dag/transform/wbapi_transform_implement.py:97"}
{"time":"2025-09-13T20:06:34", "level":"INFO", "message":"Using local processing for topic (size: 1575)", "caller":"/mnt/c/Users/Admin/Downloads/Project/Github/ETL_Project/internal/dags/wbapi_dag/transform/wbapi_transform_implement.py:649"}
{"time":"2025-09-13T20:06:35", "level":"INFO", "message":"Topic data transformation completed", "caller":"/mnt/c/Users/Admin/Downloads/Project/Github/ETL_Project/internal/dags/wbapi_dag/transform/wbapi_transform_implement.py:125"}
{"time":"2025-09-13T20:06:35", "level":"INFO", "message":"Using local processing for time (size: 130)", "caller":"/mnt/c/Users/Admin/Downloads/Project/Github/ETL_Project/internal/dags/wbapi_dag/transform/wbapi_transform_implement.py:649"}
{"time":"2025-09-13T20:06:35", "level":"INFO", "message":"Time data transformation completed", "caller":"/mnt/c/Users/Admin/Downloads/Project/Github/ETL_Project/internal/dags/wbapi_dag/transform/wbapi_transform_implement.py:141"}
{"time":"2025-09-13T20:06:35", "level":"INFO", "message":"Transformed 8 data types", "caller":"/tmp/ipykernel_43956/4175330404.py:47"}
{"time":"2025-09-13T20:06:36", "level":"INFO", "message":"Using local processing for economy (size: 267)", "caller":"/mnt/c/Users/Admin/Downloads/Project/Github/ETL_Project/internal/dags/wbapi_dag/transform/wbapi_transform_implement.py:649"}
{"time":"2025-09-13T20:06:36", "level":"ERROR", "message":"Error transforming economy dataframe: Expected numeric dtype, got object instead.", "caller":"/mnt/c/Users/Admin/Downloads/Project/Github/ETL_Project/internal/dags/wbapi_dag/transform/wbapi_transform_obj.py:102"}
{"time":"2025-09-13T20:06:36", "level":"INFO", "message":"Economy data transformation completed", "caller":"/mnt/c/Users/Admin/Downloads/Project/Github/ETL_Project/internal/dags/wbapi_dag/transform/wbapi_transform_implement.py:74"}
{"time":"2025-09-13T20:06:36", "level":"INFO", "message":"Using local processing for series (size: 1517)", "caller":"/mnt/c/Users/Admin/Downloads/Project/Github/ETL_Project/internal/dags/wbapi_dag/transform/wbapi_transform_implement.py:649"}
{"time":"2025-09-13T20:06:36", "level":"INFO", "message":"Series data transformation completed", "caller":"/mnt/c/Users/Admin/Downloads/Project/Github/ETL_Project/internal/dags/wbapi_dag/transform/wbapi_transform_implement.py:97"}
{"time":"2025-09-13T20:06:36", "level":"INFO", "message":"Using local processing for topic (size: 1575)", "caller":"/mnt/c/Users/Admin/Downloads/Project/Github/ETL_Project/internal/dags/wbapi_dag/transform/wbapi_transform_implement.py:649"}
{"time":"2025-09-13T20:06:36", "level":"INFO", "message":"Topic data transformation completed", "caller":"/mnt/c/Users/Admin/Downloads/Project/Github/ETL_Project/internal/dags/wbapi_dag/transform/wbapi_transform_implement.py:125"}
{"time":"2025-09-13T20:06:36", "level":"INFO", "message":"Using local processing for time (size: 130)", "caller":"/mnt/c/Users/Admin/Downloads/Project/Github/ETL_Project/internal/dags/wbapi_dag/transform/wbapi_transform_implement.py:649"}
{"time":"2025-09-13T20:06:36", "level":"INFO", "message":"Time data transformation completed", "caller":"/mnt/c/Users/Admin/Downloads/Project/Github/ETL_Project/internal/dags/wbapi_dag/transform/wbapi_transform_implement.py:141"}
{"time":"2025-09-13T20:06:36", "level":"INFO", "message":"Using local processing for source (size: 140)", "caller":"/mnt/c/Users/Admin/Downloads/Project/Github/ETL_Project/internal/dags/wbapi_dag/transform/wbapi_transform_implement.py:649"}
{"time":"2025-09-13T20:06:36", "level":"INFO", "message":"Source data transformation completed", "caller":"/mnt/c/Users/Admin/Downloads/Project/Github/ETL_Project/internal/dags/wbapi_dag/transform/wbapi_transform_implement.py:164"}
{"time":"2025-09-13T20:06:36", "level":"INFO", "message":"Transformed 10 data types", "caller":"/tmp/ipykernel_43956/4175330404.py:47"}
{"time":"2025-09-13T20:06:37", "level":"INFO", "message":"Using local processing for economy (size: 267)", "caller":"/mnt/c/Users/Admin/Downloads/Project/Github/ETL_Project/internal/dags/wbapi_dag/transform/wbapi_transform_implement.py:649"}
{"time":"2025-09-13T20:06:37", "level":"ERROR", "message":"Error transforming economy dataframe: Expected numeric dtype, got object instead.", "caller":"/mnt/c/Users/Admin/Downloads/Project/Github/ETL_Project/internal/dags/wbapi_dag/transform/wbapi_transform_obj.py:102"}
{"time":"2025-09-13T20:06:37", "level":"INFO", "message":"Economy data transformation completed", "caller":"/mnt/c/Users/Admin/Downloads/Project/Github/ETL_Project/internal/dags/wbapi_dag/transform/wbapi_transform_implement.py:74"}
{"time":"2025-09-13T20:06:37", "level":"INFO", "message":"Using local processing for series (size: 1517)", "caller":"/mnt/c/Users/Admin/Downloads/Project/Github/ETL_Project/internal/dags/wbapi_dag/transform/wbapi_transform_implement.py:649"}
{"time":"2025-09-13T20:06:37", "level":"INFO", "message":"Series data transformation completed", "caller":"/mnt/c/Users/Admin/Downloads/Project/Github/ETL_Project/internal/dags/wbapi_dag/transform/wbapi_transform_implement.py:97"}
{"time":"2025-09-13T20:06:37", "level":"INFO", "message":"Using local processing for topic (size: 1575)", "caller":"/mnt/c/Users/Admin/Downloads/Project/Github/ETL_Project/internal/dags/wbapi_dag/transform/wbapi_transform_implement.py:649"}
{"time":"2025-09-13T20:06:37", "level":"INFO", "message":"Topic data transformation completed", "caller":"/mnt/c/Users/Admin/Downloads/Project/Github/ETL_Project/internal/dags/wbapi_dag/transform/wbapi_transform_implement.py:125"}
{"time":"2025-09-13T20:06:37", "level":"INFO", "message":"Using local processing for time (size: 130)", "caller":"/mnt/c/Users/Admin/Downloads/Project/Github/ETL_Project/internal/dags/wbapi_dag/transform/wbapi_transform_implement.py:649"}
{"time":"2025-09-13T20:06:37", "level":"INFO", "message":"Time data transformation completed", "caller":"/mnt/c/Users/Admin/Downloads/Project/Github/ETL_Project/internal/dags/wbapi_dag/transform/wbapi_transform_implement.py:141"}
{"time":"2025-09-13T20:06:37", "level":"INFO", "message":"Using local processing for source (size: 140)", "caller":"/mnt/c/Users/Admin/Downloads/Project/Github/ETL_Project/internal/dags/wbapi_dag/transform/wbapi_transform_implement.py:649"}
{"time":"2025-09-13T20:06:37", "level":"INFO", "message":"Source data transformation completed", "caller":"/mnt/c/Users/Admin/Downloads/Project/Github/ETL_Project/internal/dags/wbapi_dag/transform/wbapi_transform_implement.py:164"}
{"time":"2025-09-13T20:06:38", "level":"INFO", "message":"Using local processing for region (size: 88)", "caller":"/mnt/c/Users/Admin/Downloads/Project/Github/ETL_Project/internal/dags/wbapi_dag/transform/wbapi_transform_implement.py:649"}
{"time":"2025-09-13T20:06:38", "level":"INFO", "message":"Region data transformation completed", "caller":"/mnt/c/Users/Admin/Downloads/Project/Github/ETL_Project/internal/dags/wbapi_dag/transform/wbapi_transform_implement.py:180"}
{"time":"2025-09-13T20:06:38", "level":"INFO", "message":"Transformed 11 data types", "caller":"/tmp/ipykernel_43956/4175330404.py:47"}
{"time":"2025-09-13T20:06:38", "level":"INFO", "message":"Using local processing for economy (size: 267)", "caller":"/mnt/c/Users/Admin/Downloads/Project/Github/ETL_Project/internal/dags/wbapi_dag/transform/wbapi_transform_implement.py:649"}
{"time":"2025-09-13T20:06:38", "level":"ERROR", "message":"Error transforming economy dataframe: Expected numeric dtype, got object instead.", "caller":"/mnt/c/Users/Admin/Downloads/Project/Github/ETL_Project/internal/dags/wbapi_dag/transform/wbapi_transform_obj.py:102"}
{"time":"2025-09-13T20:06:38", "level":"INFO", "message":"Economy data transformation completed", "caller":"/mnt/c/Users/Admin/Downloads/Project/Github/ETL_Project/internal/dags/wbapi_dag/transform/wbapi_transform_implement.py:74"}
{"time":"2025-09-13T20:06:38", "level":"INFO", "message":"Using local processing for series (size: 1517)", "caller":"/mnt/c/Users/Admin/Downloads/Project/Github/ETL_Project/internal/dags/wbapi_dag/transform/wbapi_transform_implement.py:649"}
{"time":"2025-09-13T20:06:38", "level":"INFO", "message":"Series data transformation completed", "caller":"/mnt/c/Users/Admin/Downloads/Project/Github/ETL_Project/internal/dags/wbapi_dag/transform/wbapi_transform_implement.py:97"}
{"time":"2025-09-13T20:06:38", "level":"INFO", "message":"Using local processing for topic (size: 1575)", "caller":"/mnt/c/Users/Admin/Downloads/Project/Github/ETL_Project/internal/dags/wbapi_dag/transform/wbapi_transform_implement.py:649"}
{"time":"2025-09-13T20:06:38", "level":"INFO", "message":"Topic data transformation completed", "caller":"/mnt/c/Users/Admin/Downloads/Project/Github/ETL_Project/internal/dags/wbapi_dag/transform/wbapi_transform_implement.py:125"}
{"time":"2025-09-13T20:06:39", "level":"INFO", "message":"Using local processing for time (size: 130)", "caller":"/mnt/c/Users/Admin/Downloads/Project/Github/ETL_Project/internal/dags/wbapi_dag/transform/wbapi_transform_implement.py:649"}
{"time":"2025-09-13T20:06:39", "level":"INFO", "message":"Time data transformation completed", "caller":"/mnt/c/Users/Admin/Downloads/Project/Github/ETL_Project/internal/dags/wbapi_dag/transform/wbapi_transform_implement.py:141"}
{"time":"2025-09-13T20:06:39", "level":"INFO", "message":"Using local processing for source (size: 140)", "caller":"/mnt/c/Users/Admin/Downloads/Project/Github/ETL_Project/internal/dags/wbapi_dag/transform/wbapi_transform_implement.py:649"}
{"time":"2025-09-13T20:06:39", "level":"INFO", "message":"Source data transformation completed", "caller":"/mnt/c/Users/Admin/Downloads/Project/Github/ETL_Project/internal/dags/wbapi_dag/transform/wbapi_transform_implement.py:164"}
{"time":"2025-09-13T20:06:39", "level":"INFO", "message":"Using local processing for region (size: 88)", "caller":"/mnt/c/Users/Admin/Downloads/Project/Github/ETL_Project/internal/dags/wbapi_dag/transform/wbapi_transform_implement.py:649"}
{"time":"2025-09-13T20:06:39", "level":"INFO", "message":"Region data transformation completed", "caller":"/mnt/c/Users/Admin/Downloads/Project/Github/ETL_Project/internal/dags/wbapi_dag/transform/wbapi_transform_implement.py:180"}
{"time":"2025-09-13T20:06:39", "level":"INFO", "message":"Using local processing for income (size: 14)", "caller":"/mnt/c/Users/Admin/Downloads/Project/Github/ETL_Project/internal/dags/wbapi_dag/transform/wbapi_transform_implement.py:649"}
{"time":"2025-09-13T20:06:39", "level":"INFO", "message":"Income data transformation completed", "caller":"/mnt/c/Users/Admin/Downloads/Project/Github/ETL_Project/internal/dags/wbapi_dag/transform/wbapi_transform_implement.py:196"}
{"time":"2025-09-13T20:06:39", "level":"INFO", "message":"Transformed 12 data types", "caller":"/tmp/ipykernel_43956/4175330404.py:47"}
{"time":"2025-09-13T20:06:40", "level":"INFO", "message":"Using local processing for economy (size: 267)", "caller":"/mnt/c/Users/Admin/Downloads/Project/Github/ETL_Project/internal/dags/wbapi_dag/transform/wbapi_transform_implement.py:649"}
{"time":"2025-09-13T20:06:40", "level":"ERROR", "message":"Error transforming economy dataframe: Expected numeric dtype, got object instead.", "caller":"/mnt/c/Users/Admin/Downloads/Project/Github/ETL_Project/internal/dags/wbapi_dag/transform/wbapi_transform_obj.py:102"}
{"time":"2025-09-13T20:06:40", "level":"INFO", "message":"Economy data transformation completed", "caller":"/mnt/c/Users/Admin/Downloads/Project/Github/ETL_Project/internal/dags/wbapi_dag/transform/wbapi_transform_implement.py:74"}
{"time":"2025-09-13T20:06:40", "level":"INFO", "message":"Using local processing for series (size: 1517)", "caller":"/mnt/c/Users/Admin/Downloads/Project/Github/ETL_Project/internal/dags/wbapi_dag/transform/wbapi_transform_implement.py:649"}
{"time":"2025-09-13T20:06:40", "level":"INFO", "message":"Series data transformation completed", "caller":"/mnt/c/Users/Admin/Downloads/Project/Github/ETL_Project/internal/dags/wbapi_dag/transform/wbapi_transform_implement.py:97"}
{"time":"2025-09-13T20:06:40", "level":"INFO", "message":"Using local processing for topic (size: 1575)", "caller":"/mnt/c/Users/Admin/Downloads/Project/Github/ETL_Project/internal/dags/wbapi_dag/transform/wbapi_transform_implement.py:649"}
{"time":"2025-09-13T20:06:40", "level":"INFO", "message":"Topic data transformation completed", "caller":"/mnt/c/Users/Admin/Downloads/Project/Github/ETL_Project/internal/dags/wbapi_dag/transform/wbapi_transform_implement.py:125"}
{"time":"2025-09-13T20:06:40", "level":"INFO", "message":"Using local processing for time (size: 130)", "caller":"/mnt/c/Users/Admin/Downloads/Project/Github/ETL_Project/internal/dags/wbapi_dag/transform/wbapi_transform_implement.py:649"}
{"time":"2025-09-13T20:06:40", "level":"INFO", "message":"Time data transformation completed", "caller":"/mnt/c/Users/Admin/Downloads/Project/Github/ETL_Project/internal/dags/wbapi_dag/transform/wbapi_transform_implement.py:141"}
{"time":"2025-09-13T20:06:41", "level":"INFO", "message":"Using local processing for source (size: 140)", "caller":"/mnt/c/Users/Admin/Downloads/Project/Github/ETL_Project/internal/dags/wbapi_dag/transform/wbapi_transform_implement.py:649"}
{"time":"2025-09-13T20:06:41", "level":"INFO", "message":"Source data transformation completed", "caller":"/mnt/c/Users/Admin/Downloads/Project/Github/ETL_Project/internal/dags/wbapi_dag/transform/wbapi_transform_implement.py:164"}
{"time":"2025-09-13T20:06:41", "level":"INFO", "message":"Using local processing for region (size: 88)", "caller":"/mnt/c/Users/Admin/Downloads/Project/Github/ETL_Project/internal/dags/wbapi_dag/transform/wbapi_transform_implement.py:649"}
{"time":"2025-09-13T20:06:41", "level":"INFO", "message":"Region data transformation completed", "caller":"/mnt/c/Users/Admin/Downloads/Project/Github/ETL_Project/internal/dags/wbapi_dag/transform/wbapi_transform_implement.py:180"}
{"time":"2025-09-13T20:06:41", "level":"INFO", "message":"Using local processing for income (size: 14)", "caller":"/mnt/c/Users/Admin/Downloads/Project/Github/ETL_Project/internal/dags/wbapi_dag/transform/wbapi_transform_implement.py:649"}
{"time":"2025-09-13T20:06:41", "level":"INFO", "message":"Income data transformation completed", "caller":"/mnt/c/Users/Admin/Downloads/Project/Github/ETL_Project/internal/dags/wbapi_dag/transform/wbapi_transform_implement.py:196"}
{"time":"2025-09-13T20:06:41", "level":"INFO", "message":"Using local processing for lending (size: 8)", "caller":"/mnt/c/Users/Admin/Downloads/Project/Github/ETL_Project/internal/dags/wbapi_dag/transform/wbapi_transform_implement.py:649"}
{"time":"2025-09-13T20:06:41", "level":"INFO", "message":"Lending data transformation completed", "caller":"/mnt/c/Users/Admin/Downloads/Project/Github/ETL_Project/internal/dags/wbapi_dag/transform/wbapi_transform_implement.py:212"}
{"time":"2025-09-13T20:06:41", "level":"INFO", "message":"Transformed 13 data types", "caller":"/tmp/ipykernel_43956/4175330404.py:47"}
{"time":"2025-09-13T20:15:34", "level":"INFO", "message":"Using local processing for economy (size: 267)", "caller":"/mnt/c/Users/Admin/Downloads/Project/Github/ETL_Project/internal/dags/wbapi_dag/transform/wbapi_transform_implement.py:649"}
{"time":"2025-09-13T20:15:54", "level":"INFO", "message":"Dropped columns: ['Aggregate']", "caller":"/mnt/c/Users/Admin/Downloads/Project/Github/ETL_Project/internal/dags/wbapi_dag/transform/wbapi_transform_obj.py:70"}
{"time":"2025-09-13T20:15:54", "level":"INFO", "message":"Economy data transformation completed", "caller":"/mnt/c/Users/Admin/Downloads/Project/Github/ETL_Project/internal/dags/wbapi_dag/transform/wbapi_transform_implement.py:74"}
{"time":"2025-09-13T20:15:54", "level":"INFO", "message":"Transformed 2 data types", "caller":"/tmp/ipykernel_45745/4175330404.py:47"}
{"time":"2025-09-13T20:15:55", "level":"INFO", "message":"Using local processing for economy (size: 267)", "caller":"/mnt/c/Users/Admin/Downloads/Project/Github/ETL_Project/internal/dags/wbapi_dag/transform/wbapi_transform_implement.py:649"}
{"time":"2025-09-13T20:15:56", "level":"ERROR", "message":"Error transforming economy dataframe: Expected numeric dtype, got object instead.", "caller":"/mnt/c/Users/Admin/Downloads/Project/Github/ETL_Project/internal/dags/wbapi_dag/transform/wbapi_transform_obj.py:102"}
{"time":"2025-09-13T20:15:56", "level":"INFO", "message":"Economy data transformation completed", "caller":"/mnt/c/Users/Admin/Downloads/Project/Github/ETL_Project/internal/dags/wbapi_dag/transform/wbapi_transform_implement.py:74"}
{"time":"2025-09-13T20:15:56", "level":"INFO", "message":"Using local processing for series (size: 1517)", "caller":"/mnt/c/Users/Admin/Downloads/Project/Github/ETL_Project/internal/dags/wbapi_dag/transform/wbapi_transform_implement.py:649"}
{"time":"2025-09-13T20:15:56", "level":"INFO", "message":"Series data transformation completed", "caller":"/mnt/c/Users/Admin/Downloads/Project/Github/ETL_Project/internal/dags/wbapi_dag/transform/wbapi_transform_implement.py:97"}
{"time":"2025-09-13T20:15:56", "level":"INFO", "message":"Transformed 4 data types", "caller":"/tmp/ipykernel_45745/4175330404.py:47"}
{"time":"2025-09-13T20:16:07", "level":"INFO", "message":"Using local processing for economy (size: 267)", "caller":"/mnt/c/Users/Admin/Downloads/Project/Github/ETL_Project/internal/dags/wbapi_dag/transform/wbapi_transform_implement.py:649"}
{"time":"2025-09-13T20:16:07", "level":"ERROR", "message":"Error transforming economy dataframe: Expected numeric dtype, got object instead.", "caller":"/mnt/c/Users/Admin/Downloads/Project/Github/ETL_Project/internal/dags/wbapi_dag/transform/wbapi_transform_obj.py:102"}
{"time":"2025-09-13T20:16:07", "level":"INFO", "message":"Economy data transformation completed", "caller":"/mnt/c/Users/Admin/Downloads/Project/Github/ETL_Project/internal/dags/wbapi_dag/transform/wbapi_transform_implement.py:74"}
{"time":"2025-09-13T20:16:07", "level":"INFO", "message":"Using local processing for series (size: 1517)", "caller":"/mnt/c/Users/Admin/Downloads/Project/Github/ETL_Project/internal/dags/wbapi_dag/transform/wbapi_transform_implement.py:649"}
{"time":"2025-09-13T20:16:07", "level":"INFO", "message":"Series data transformation completed", "caller":"/mnt/c/Users/Admin/Downloads/Project/Github/ETL_Project/internal/dags/wbapi_dag/transform/wbapi_transform_implement.py:97"}
{"time":"2025-09-13T20:16:07", "level":"INFO", "message":"Using local processing for topic (size: 1575)", "caller":"/mnt/c/Users/Admin/Downloads/Project/Github/ETL_Project/internal/dags/wbapi_dag/transform/wbapi_transform_implement.py:649"}
{"time":"2025-09-13T20:16:07", "level":"INFO", "message":"Topic data transformation completed", "caller":"/mnt/c/Users/Admin/Downloads/Project/Github/ETL_Project/internal/dags/wbapi_dag/transform/wbapi_transform_implement.py:125"}
{"time":"2025-09-13T20:16:07", "level":"INFO", "message":"Transformed 7 data types", "caller":"/tmp/ipykernel_45745/4175330404.py:47"}
{"time":"2025-09-13T20:16:08", "level":"INFO", "message":"Using local processing for economy (size: 267)", "caller":"/mnt/c/Users/Admin/Downloads/Project/Github/ETL_Project/internal/dags/wbapi_dag/transform/wbapi_transform_implement.py:649"}
{"time":"2025-09-13T20:16:08", "level":"ERROR", "message":"Error transforming economy dataframe: Expected numeric dtype, got object instead.", "caller":"/mnt/c/Users/Admin/Downloads/Project/Github/ETL_Project/internal/dags/wbapi_dag/transform/wbapi_transform_obj.py:102"}
{"time":"2025-09-13T20:16:08", "level":"INFO", "message":"Economy data transformation completed", "caller":"/mnt/c/Users/Admin/Downloads/Project/Github/ETL_Project/internal/dags/wbapi_dag/transform/wbapi_transform_implement.py:74"}
{"time":"2025-09-13T20:16:08", "level":"INFO", "message":"Using local processing for series (size: 1517)", "caller":"/mnt/c/Users/Admin/Downloads/Project/Github/ETL_Project/internal/dags/wbapi_dag/transform/wbapi_transform_implement.py:649"}
{"time":"2025-09-13T20:16:08", "level":"INFO", "message":"Series data transformation completed", "caller":"/mnt/c/Users/Admin/Downloads/Project/Github/ETL_Project/internal/dags/wbapi_dag/transform/wbapi_transform_implement.py:97"}
{"time":"2025-09-13T20:16:08", "level":"INFO", "message":"Using local processing for topic (size: 1575)", "caller":"/mnt/c/Users/Admin/Downloads/Project/Github/ETL_Project/internal/dags/wbapi_dag/transform/wbapi_transform_implement.py:649"}
{"time":"2025-09-13T20:16:08", "level":"INFO", "message":"Topic data transformation completed", "caller":"/mnt/c/Users/Admin/Downloads/Project/Github/ETL_Project/internal/dags/wbapi_dag/transform/wbapi_transform_implement.py:125"}
{"time":"2025-09-13T20:16:08", "level":"INFO", "message":"Using local processing for time (size: 130)", "caller":"/mnt/c/Users/Admin/Downloads/Project/Github/ETL_Project/internal/dags/wbapi_dag/transform/wbapi_transform_implement.py:649"}
{"time":"2025-09-13T20:16:08", "level":"INFO", "message":"Time data transformation completed", "caller":"/mnt/c/Users/Admin/Downloads/Project/Github/ETL_Project/internal/dags/wbapi_dag/transform/wbapi_transform_implement.py:141"}
{"time":"2025-09-13T20:16:08", "level":"INFO", "message":"Transformed 8 data types", "caller":"/tmp/ipykernel_45745/4175330404.py:47"}
{"time":"2025-09-13T20:16:09", "level":"INFO", "message":"Using local processing for economy (size: 267)", "caller":"/mnt/c/Users/Admin/Downloads/Project/Github/ETL_Project/internal/dags/wbapi_dag/transform/wbapi_transform_implement.py:649"}
{"time":"2025-09-13T20:16:09", "level":"ERROR", "message":"Error transforming economy dataframe: Expected numeric dtype, got object instead.", "caller":"/mnt/c/Users/Admin/Downloads/Project/Github/ETL_Project/internal/dags/wbapi_dag/transform/wbapi_transform_obj.py:102"}
{"time":"2025-09-13T20:16:09", "level":"INFO", "message":"Economy data transformation completed", "caller":"/mnt/c/Users/Admin/Downloads/Project/Github/ETL_Project/internal/dags/wbapi_dag/transform/wbapi_transform_implement.py:74"}
{"time":"2025-09-13T20:16:09", "level":"INFO", "message":"Using local processing for series (size: 1517)", "caller":"/mnt/c/Users/Admin/Downloads/Project/Github/ETL_Project/internal/dags/wbapi_dag/transform/wbapi_transform_implement.py:649"}
{"time":"2025-09-13T20:16:09", "level":"INFO", "message":"Series data transformation completed", "caller":"/mnt/c/Users/Admin/Downloads/Project/Github/ETL_Project/internal/dags/wbapi_dag/transform/wbapi_transform_implement.py:97"}
{"time":"2025-09-13T20:16:09", "level":"INFO", "message":"Using local processing for topic (size: 1575)", "caller":"/mnt/c/Users/Admin/Downloads/Project/Github/ETL_Project/internal/dags/wbapi_dag/transform/wbapi_transform_implement.py:649"}
{"time":"2025-09-13T20:16:09", "level":"INFO", "message":"Topic data transformation completed", "caller":"/mnt/c/Users/Admin/Downloads/Project/Github/ETL_Project/internal/dags/wbapi_dag/transform/wbapi_transform_implement.py:125"}
{"time":"2025-09-13T20:16:09", "level":"INFO", "message":"Using local processing for time (size: 130)", "caller":"/mnt/c/Users/Admin/Downloads/Project/Github/ETL_Project/internal/dags/wbapi_dag/transform/wbapi_transform_implement.py:649"}
{"time":"2025-09-13T20:16:09", "level":"INFO", "message":"Time data transformation completed", "caller":"/mnt/c/Users/Admin/Downloads/Project/Github/ETL_Project/internal/dags/wbapi_dag/transform/wbapi_transform_implement.py:141"}
{"time":"2025-09-13T20:16:09", "level":"INFO", "message":"Using local processing for source (size: 140)", "caller":"/mnt/c/Users/Admin/Downloads/Project/Github/ETL_Project/internal/dags/wbapi_dag/transform/wbapi_transform_implement.py:649"}
{"time":"2025-09-13T20:16:09", "level":"INFO", "message":"Source data transformation completed", "caller":"/mnt/c/Users/Admin/Downloads/Project/Github/ETL_Project/internal/dags/wbapi_dag/transform/wbapi_transform_implement.py:164"}
{"time":"2025-09-13T20:16:09", "level":"INFO", "message":"Transformed 10 data types", "caller":"/tmp/ipykernel_45745/4175330404.py:47"}
{"time":"2025-09-13T20:16:10", "level":"INFO", "message":"Using local processing for economy (size: 267)", "caller":"/mnt/c/Users/Admin/Downloads/Project/Github/ETL_Project/internal/dags/wbapi_dag/transform/wbapi_transform_implement.py:649"}
{"time":"2025-09-13T20:16:10", "level":"ERROR", "message":"Error transforming economy dataframe: Expected numeric dtype, got object instead.", "caller":"/mnt/c/Users/Admin/Downloads/Project/Github/ETL_Project/internal/dags/wbapi_dag/transform/wbapi_transform_obj.py:102"}
{"time":"2025-09-13T20:16:10", "level":"INFO", "message":"Economy data transformation completed", "caller":"/mnt/c/Users/Admin/Downloads/Project/Github/ETL_Project/internal/dags/wbapi_dag/transform/wbapi_transform_implement.py:74"}
{"time":"2025-09-13T20:16:10", "level":"INFO", "message":"Using local processing for series (size: 1517)", "caller":"/mnt/c/Users/Admin/Downloads/Project/Github/ETL_Project/internal/dags/wbapi_dag/transform/wbapi_transform_implement.py:649"}
{"time":"2025-09-13T20:16:10", "level":"INFO", "message":"Series data transformation completed", "caller":"/mnt/c/Users/Admin/Downloads/Project/Github/ETL_Project/internal/dags/wbapi_dag/transform/wbapi_transform_implement.py:97"}
{"time":"2025-09-13T20:16:10", "level":"INFO", "message":"Using local processing for topic (size: 1575)", "caller":"/mnt/c/Users/Admin/Downloads/Project/Github/ETL_Project/internal/dags/wbapi_dag/transform/wbapi_transform_implement.py:649"}
{"time":"2025-09-13T20:16:10", "level":"INFO", "message":"Topic data transformation completed", "caller":"/mnt/c/Users/Admin/Downloads/Project/Github/ETL_Project/internal/dags/wbapi_dag/transform/wbapi_transform_implement.py:125"}
{"time":"2025-09-13T20:16:10", "level":"INFO", "message":"Using local processing for time (size: 130)", "caller":"/mnt/c/Users/Admin/Downloads/Project/Github/ETL_Project/internal/dags/wbapi_dag/transform/wbapi_transform_implement.py:649"}
{"time":"2025-09-13T20:16:10", "level":"INFO", "message":"Time data transformation completed", "caller":"/mnt/c/Users/Admin/Downloads/Project/Github/ETL_Project/internal/dags/wbapi_dag/transform/wbapi_transform_implement.py:141"}
{"time":"2025-09-13T20:16:10", "level":"INFO", "message":"Using local processing for source (size: 140)", "caller":"/mnt/c/Users/Admin/Downloads/Project/Github/ETL_Project/internal/dags/wbapi_dag/transform/wbapi_transform_implement.py:649"}
{"time":"2025-09-13T20:16:10", "level":"INFO", "message":"Source data transformation completed", "caller":"/mnt/c/Users/Admin/Downloads/Project/Github/ETL_Project/internal/dags/wbapi_dag/transform/wbapi_transform_implement.py:164"}
{"time":"2025-09-13T20:16:10", "level":"INFO", "message":"Using local processing for region (size: 88)", "caller":"/mnt/c/Users/Admin/Downloads/Project/Github/ETL_Project/internal/dags/wbapi_dag/transform/wbapi_transform_implement.py:649"}
{"time":"2025-09-13T20:16:10", "level":"INFO", "message":"Region data transformation completed", "caller":"/mnt/c/Users/Admin/Downloads/Project/Github/ETL_Project/internal/dags/wbapi_dag/transform/wbapi_transform_implement.py:180"}
{"time":"2025-09-13T20:16:10", "level":"INFO", "message":"Transformed 11 data types", "caller":"/tmp/ipykernel_45745/4175330404.py:47"}
{"time":"2025-09-13T20:16:10", "level":"INFO", "message":"Using local processing for economy (size: 267)", "caller":"/mnt/c/Users/Admin/Downloads/Project/Github/ETL_Project/internal/dags/wbapi_dag/transform/wbapi_transform_implement.py:649"}
{"time":"2025-09-13T20:16:10", "level":"ERROR", "message":"Error transforming economy dataframe: Expected numeric dtype, got object instead.", "caller":"/mnt/c/Users/Admin/Downloads/Project/Github/ETL_Project/internal/dags/wbapi_dag/transform/wbapi_transform_obj.py:102"}
{"time":"2025-09-13T20:16:10", "level":"INFO", "message":"Economy data transformation completed", "caller":"/mnt/c/Users/Admin/Downloads/Project/Github/ETL_Project/internal/dags/wbapi_dag/transform/wbapi_transform_implement.py:74"}
{"time":"2025-09-13T20:16:10", "level":"INFO", "message":"Using local processing for series (size: 1517)", "caller":"/mnt/c/Users/Admin/Downloads/Project/Github/ETL_Project/internal/dags/wbapi_dag/transform/wbapi_transform_implement.py:649"}
{"time":"2025-09-13T20:16:10", "level":"INFO", "message":"Series data transformation completed", "caller":"/mnt/c/Users/Admin/Downloads/Project/Github/ETL_Project/internal/dags/wbapi_dag/transform/wbapi_transform_implement.py:97"}
{"time":"2025-09-13T20:16:10", "level":"INFO", "message":"Using local processing for topic (size: 1575)", "caller":"/mnt/c/Users/Admin/Downloads/Project/Github/ETL_Project/internal/dags/wbapi_dag/transform/wbapi_transform_implement.py:649"}
{"time":"2025-09-13T20:16:10", "level":"INFO", "message":"Topic data transformation completed", "caller":"/mnt/c/Users/Admin/Downloads/Project/Github/ETL_Project/internal/dags/wbapi_dag/transform/wbapi_transform_implement.py:125"}
{"time":"2025-09-13T20:16:10", "level":"INFO", "message":"Using local processing for time (size: 130)", "caller":"/mnt/c/Users/Admin/Downloads/Project/Github/ETL_Project/internal/dags/wbapi_dag/transform/wbapi_transform_implement.py:649"}
{"time":"2025-09-13T20:16:10", "level":"INFO", "message":"Time data transformation completed", "caller":"/mnt/c/Users/Admin/Downloads/Project/Github/ETL_Project/internal/dags/wbapi_dag/transform/wbapi_transform_implement.py:141"}
{"time":"2025-09-13T20:16:10", "level":"INFO", "message":"Using local processing for source (size: 140)", "caller":"/mnt/c/Users/Admin/Downloads/Project/Github/ETL_Project/internal/dags/wbapi_dag/transform/wbapi_transform_implement.py:649"}
{"time":"2025-09-13T20:16:11", "level":"INFO", "message":"Source data transformation completed", "caller":"/mnt/c/Users/Admin/Downloads/Project/Github/ETL_Project/internal/dags/wbapi_dag/transform/wbapi_transform_implement.py:164"}
{"time":"2025-09-13T20:16:11", "level":"INFO", "message":"Using local processing for region (size: 88)", "caller":"/mnt/c/Users/Admin/Downloads/Project/Github/ETL_Project/internal/dags/wbapi_dag/transform/wbapi_transform_implement.py:649"}
{"time":"2025-09-13T20:16:11", "level":"INFO", "message":"Region data transformation completed", "caller":"/mnt/c/Users/Admin/Downloads/Project/Github/ETL_Project/internal/dags/wbapi_dag/transform/wbapi_transform_implement.py:180"}
{"time":"2025-09-13T20:16:11", "level":"INFO", "message":"Using local processing for income (size: 14)", "caller":"/mnt/c/Users/Admin/Downloads/Project/Github/ETL_Project/internal/dags/wbapi_dag/transform/wbapi_transform_implement.py:649"}
{"time":"2025-09-13T20:16:11", "level":"INFO", "message":"Income data transformation completed", "caller":"/mnt/c/Users/Admin/Downloads/Project/Github/ETL_Project/internal/dags/wbapi_dag/transform/wbapi_transform_implement.py:196"}
{"time":"2025-09-13T20:16:11", "level":"INFO", "message":"Transformed 12 data types", "caller":"/tmp/ipykernel_45745/4175330404.py:47"}
{"time":"2025-09-13T20:16:11", "level":"INFO", "message":"Using local processing for economy (size: 267)", "caller":"/mnt/c/Users/Admin/Downloads/Project/Github/ETL_Project/internal/dags/wbapi_dag/transform/wbapi_transform_implement.py:649"}
{"time":"2025-09-13T20:16:11", "level":"ERROR", "message":"Error transforming economy dataframe: Expected numeric dtype, got object instead.", "caller":"/mnt/c/Users/Admin/Downloads/Project/Github/ETL_Project/internal/dags/wbapi_dag/transform/wbapi_transform_obj.py:102"}
{"time":"2025-09-13T20:16:11", "level":"INFO", "message":"Economy data transformation completed", "caller":"/mnt/c/Users/Admin/Downloads/Project/Github/ETL_Project/internal/dags/wbapi_dag/transform/wbapi_transform_implement.py:74"}
{"time":"2025-09-13T20:16:11", "level":"INFO", "message":"Using local processing for series (size: 1517)", "caller":"/mnt/c/Users/Admin/Downloads/Project/Github/ETL_Project/internal/dags/wbapi_dag/transform/wbapi_transform_implement.py:649"}
{"time":"2025-09-13T20:16:11", "level":"INFO", "message":"Series data transformation completed", "caller":"/mnt/c/Users/Admin/Downloads/Project/Github/ETL_Project/internal/dags/wbapi_dag/transform/wbapi_transform_implement.py:97"}
{"time":"2025-09-13T20:16:11", "level":"INFO", "message":"Using local processing for topic (size: 1575)", "caller":"/mnt/c/Users/Admin/Downloads/Project/Github/ETL_Project/internal/dags/wbapi_dag/transform/wbapi_transform_implement.py:649"}
{"time":"2025-09-13T20:16:11", "level":"INFO", "message":"Topic data transformation completed", "caller":"/mnt/c/Users/Admin/Downloads/Project/Github/ETL_Project/internal/dags/wbapi_dag/transform/wbapi_transform_implement.py:125"}
{"time":"2025-09-13T20:16:11", "level":"INFO", "message":"Using local processing for time (size: 130)", "caller":"/mnt/c/Users/Admin/Downloads/Project/Github/ETL_Project/internal/dags/wbapi_dag/transform/wbapi_transform_implement.py:649"}
{"time":"2025-09-13T20:16:11", "level":"INFO", "message":"Time data transformation completed", "caller":"/mnt/c/Users/Admin/Downloads/Project/Github/ETL_Project/internal/dags/wbapi_dag/transform/wbapi_transform_implement.py:141"}
{"time":"2025-09-13T20:16:11", "level":"INFO", "message":"Using local processing for source (size: 140)", "caller":"/mnt/c/Users/Admin/Downloads/Project/Github/ETL_Project/internal/dags/wbapi_dag/transform/wbapi_transform_implement.py:649"}
{"time":"2025-09-13T20:16:11", "level":"INFO", "message":"Source data transformation completed", "caller":"/mnt/c/Users/Admin/Downloads/Project/Github/ETL_Project/internal/dags/wbapi_dag/transform/wbapi_transform_implement.py:164"}
{"time":"2025-09-13T20:16:11", "level":"INFO", "message":"Using local processing for region (size: 88)", "caller":"/mnt/c/Users/Admin/Downloads/Project/Github/ETL_Project/internal/dags/wbapi_dag/transform/wbapi_transform_implement.py:649"}
{"time":"2025-09-13T20:16:11", "level":"INFO", "message":"Region data transformation completed", "caller":"/mnt/c/Users/Admin/Downloads/Project/Github/ETL_Project/internal/dags/wbapi_dag/transform/wbapi_transform_implement.py:180"}
{"time":"2025-09-13T20:16:11", "level":"INFO", "message":"Using local processing for income (size: 14)", "caller":"/mnt/c/Users/Admin/Downloads/Project/Github/ETL_Project/internal/dags/wbapi_dag/transform/wbapi_transform_implement.py:649"}
{"time":"2025-09-13T20:16:11", "level":"INFO", "message":"Income data transformation completed", "caller":"/mnt/c/Users/Admin/Downloads/Project/Github/ETL_Project/internal/dags/wbapi_dag/transform/wbapi_transform_implement.py:196"}
{"time":"2025-09-13T20:16:11", "level":"INFO", "message":"Using local processing for lending (size: 8)", "caller":"/mnt/c/Users/Admin/Downloads/Project/Github/ETL_Project/internal/dags/wbapi_dag/transform/wbapi_transform_implement.py:649"}
{"time":"2025-09-13T20:16:11", "level":"INFO", "message":"Lending data transformation completed", "caller":"/mnt/c/Users/Admin/Downloads/Project/Github/ETL_Project/internal/dags/wbapi_dag/transform/wbapi_transform_implement.py:212"}
{"time":"2025-09-13T20:16:11", "level":"INFO", "message":"Transformed 13 data types", "caller":"/tmp/ipykernel_45745/4175330404.py:47"}
{"time":"2025-09-13T20:21:37", "level":"INFO", "message":"Using local processing for economy (size: 267)", "caller":"/mnt/c/Users/Admin/Downloads/Project/Github/ETL_Project/internal/dags/wbapi_dag/transform/wbapi_transform_implement.py:649"}
{"time":"2025-09-13T20:22:00", "level":"INFO", "message":"Dropped columns: ['Aggregate']", "caller":"/mnt/c/Users/Admin/Downloads/Project/Github/ETL_Project/internal/dags/wbapi_dag/transform/wbapi_transform_obj.py:70"}
{"time":"2025-09-13T20:22:00", "level":"INFO", "message":"Economy data transformation completed", "caller":"/mnt/c/Users/Admin/Downloads/Project/Github/ETL_Project/internal/dags/wbapi_dag/transform/wbapi_transform_implement.py:74"}
{"time":"2025-09-13T20:22:00", "level":"INFO", "message":"Transformed 2 data types", "caller":"/tmp/ipykernel_47243/4175330404.py:47"}
{"time":"2025-09-13T20:22:02", "level":"INFO", "message":"Using local processing for economy (size: 267)", "caller":"/mnt/c/Users/Admin/Downloads/Project/Github/ETL_Project/internal/dags/wbapi_dag/transform/wbapi_transform_implement.py:649"}
{"time":"2025-09-13T20:22:03", "level":"ERROR", "message":"Error transforming economy dataframe: Expected numeric dtype, got object instead.", "caller":"/mnt/c/Users/Admin/Downloads/Project/Github/ETL_Project/internal/dags/wbapi_dag/transform/wbapi_transform_obj.py:102"}
{"time":"2025-09-13T20:22:03", "level":"INFO", "message":"Economy data transformation completed", "caller":"/mnt/c/Users/Admin/Downloads/Project/Github/ETL_Project/internal/dags/wbapi_dag/transform/wbapi_transform_implement.py:74"}
{"time":"2025-09-13T20:22:03", "level":"INFO", "message":"Using local processing for series (size: 1517)", "caller":"/mnt/c/Users/Admin/Downloads/Project/Github/ETL_Project/internal/dags/wbapi_dag/transform/wbapi_transform_implement.py:649"}
{"time":"2025-09-13T20:22:03", "level":"INFO", "message":"Series data transformation completed", "caller":"/mnt/c/Users/Admin/Downloads/Project/Github/ETL_Project/internal/dags/wbapi_dag/transform/wbapi_transform_implement.py:97"}
{"time":"2025-09-13T20:22:03", "level":"INFO", "message":"Transformed 4 data types", "caller":"/tmp/ipykernel_47243/4175330404.py:47"}
{"time":"2025-09-13T20:22:15", "level":"INFO", "message":"Using local processing for economy (size: 267)", "caller":"/mnt/c/Users/Admin/Downloads/Project/Github/ETL_Project/internal/dags/wbapi_dag/transform/wbapi_transform_implement.py:649"}
{"time":"2025-09-13T20:22:15", "level":"ERROR", "message":"Error transforming economy dataframe: Expected numeric dtype, got object instead.", "caller":"/mnt/c/Users/Admin/Downloads/Project/Github/ETL_Project/internal/dags/wbapi_dag/transform/wbapi_transform_obj.py:102"}
{"time":"2025-09-13T20:22:15", "level":"INFO", "message":"Economy data transformation completed", "caller":"/mnt/c/Users/Admin/Downloads/Project/Github/ETL_Project/internal/dags/wbapi_dag/transform/wbapi_transform_implement.py:74"}
{"time":"2025-09-13T20:22:15", "level":"INFO", "message":"Using local processing for series (size: 1517)", "caller":"/mnt/c/Users/Admin/Downloads/Project/Github/ETL_Project/internal/dags/wbapi_dag/transform/wbapi_transform_implement.py:649"}
{"time":"2025-09-13T20:22:15", "level":"INFO", "message":"Series data transformation completed", "caller":"/mnt/c/Users/Admin/Downloads/Project/Github/ETL_Project/internal/dags/wbapi_dag/transform/wbapi_transform_implement.py:97"}
{"time":"2025-09-13T20:22:15", "level":"INFO", "message":"Using local processing for topic (size: 1575)", "caller":"/mnt/c/Users/Admin/Downloads/Project/Github/ETL_Project/internal/dags/wbapi_dag/transform/wbapi_transform_implement.py:649"}
{"time":"2025-09-13T20:22:15", "level":"INFO", "message":"Topic data transformation completed", "caller":"/mnt/c/Users/Admin/Downloads/Project/Github/ETL_Project/internal/dags/wbapi_dag/transform/wbapi_transform_implement.py:125"}
{"time":"2025-09-13T20:22:15", "level":"INFO", "message":"Transformed 7 data types", "caller":"/tmp/ipykernel_47243/4175330404.py:47"}
{"time":"2025-09-13T20:22:16", "level":"INFO", "message":"Using local processing for economy (size: 267)", "caller":"/mnt/c/Users/Admin/Downloads/Project/Github/ETL_Project/internal/dags/wbapi_dag/transform/wbapi_transform_implement.py:649"}
{"time":"2025-09-13T20:22:16", "level":"ERROR", "message":"Error transforming economy dataframe: Expected numeric dtype, got object instead.", "caller":"/mnt/c/Users/Admin/Downloads/Project/Github/ETL_Project/internal/dags/wbapi_dag/transform/wbapi_transform_obj.py:102"}
{"time":"2025-09-13T20:22:16", "level":"INFO", "message":"Economy data transformation completed", "caller":"/mnt/c/Users/Admin/Downloads/Project/Github/ETL_Project/internal/dags/wbapi_dag/transform/wbapi_transform_implement.py:74"}
{"time":"2025-09-13T20:22:16", "level":"INFO", "message":"Using local processing for series (size: 1517)", "caller":"/mnt/c/Users/Admin/Downloads/Project/Github/ETL_Project/internal/dags/wbapi_dag/transform/wbapi_transform_implement.py:649"}
{"time":"2025-09-13T20:22:16", "level":"INFO", "message":"Series data transformation completed", "caller":"/mnt/c/Users/Admin/Downloads/Project/Github/ETL_Project/internal/dags/wbapi_dag/transform/wbapi_transform_implement.py:97"}
{"time":"2025-09-13T20:22:16", "level":"INFO", "message":"Using local processing for topic (size: 1575)", "caller":"/mnt/c/Users/Admin/Downloads/Project/Github/ETL_Project/internal/dags/wbapi_dag/transform/wbapi_transform_implement.py:649"}
{"time":"2025-09-13T20:22:16", "level":"INFO", "message":"Topic data transformation completed", "caller":"/mnt/c/Users/Admin/Downloads/Project/Github/ETL_Project/internal/dags/wbapi_dag/transform/wbapi_transform_implement.py:125"}
{"time":"2025-09-13T20:22:16", "level":"INFO", "message":"Using local processing for time (size: 130)", "caller":"/mnt/c/Users/Admin/Downloads/Project/Github/ETL_Project/internal/dags/wbapi_dag/transform/wbapi_transform_implement.py:649"}
{"time":"2025-09-13T20:22:16", "level":"INFO", "message":"Time data transformation completed", "caller":"/mnt/c/Users/Admin/Downloads/Project/Github/ETL_Project/internal/dags/wbapi_dag/transform/wbapi_transform_implement.py:141"}
{"time":"2025-09-13T20:22:16", "level":"INFO", "message":"Transformed 8 data types", "caller":"/tmp/ipykernel_47243/4175330404.py:47"}
{"time":"2025-09-13T20:22:17", "level":"INFO", "message":"Using local processing for economy (size: 267)", "caller":"/mnt/c/Users/Admin/Downloads/Project/Github/ETL_Project/internal/dags/wbapi_dag/transform/wbapi_transform_implement.py:649"}
{"time":"2025-09-13T20:22:17", "level":"ERROR", "message":"Error transforming economy dataframe: Expected numeric dtype, got object instead.", "caller":"/mnt/c/Users/Admin/Downloads/Project/Github/ETL_Project/internal/dags/wbapi_dag/transform/wbapi_transform_obj.py:102"}
{"time":"2025-09-13T20:22:17", "level":"INFO", "message":"Economy data transformation completed", "caller":"/mnt/c/Users/Admin/Downloads/Project/Github/ETL_Project/internal/dags/wbapi_dag/transform/wbapi_transform_implement.py:74"}
{"time":"2025-09-13T20:22:17", "level":"INFO", "message":"Using local processing for series (size: 1517)", "caller":"/mnt/c/Users/Admin/Downloads/Project/Github/ETL_Project/internal/dags/wbapi_dag/transform/wbapi_transform_implement.py:649"}
{"time":"2025-09-13T20:22:17", "level":"INFO", "message":"Series data transformation completed", "caller":"/mnt/c/Users/Admin/Downloads/Project/Github/ETL_Project/internal/dags/wbapi_dag/transform/wbapi_transform_implement.py:97"}
{"time":"2025-09-13T20:22:17", "level":"INFO", "message":"Using local processing for topic (size: 1575)", "caller":"/mnt/c/Users/Admin/Downloads/Project/Github/ETL_Project/internal/dags/wbapi_dag/transform/wbapi_transform_implement.py:649"}
{"time":"2025-09-13T20:22:17", "level":"INFO", "message":"Topic data transformation completed", "caller":"/mnt/c/Users/Admin/Downloads/Project/Github/ETL_Project/internal/dags/wbapi_dag/transform/wbapi_transform_implement.py:125"}
{"time":"2025-09-13T20:22:17", "level":"INFO", "message":"Using local processing for time (size: 130)", "caller":"/mnt/c/Users/Admin/Downloads/Project/Github/ETL_Project/internal/dags/wbapi_dag/transform/wbapi_transform_implement.py:649"}
{"time":"2025-09-13T20:22:17", "level":"INFO", "message":"Time data transformation completed", "caller":"/mnt/c/Users/Admin/Downloads/Project/Github/ETL_Project/internal/dags/wbapi_dag/transform/wbapi_transform_implement.py:141"}
{"time":"2025-09-13T20:22:17", "level":"INFO", "message":"Using local processing for source (size: 140)", "caller":"/mnt/c/Users/Admin/Downloads/Project/Github/ETL_Project/internal/dags/wbapi_dag/transform/wbapi_transform_implement.py:649"}
{"time":"2025-09-13T20:22:17", "level":"INFO", "message":"Source data transformation completed", "caller":"/mnt/c/Users/Admin/Downloads/Project/Github/ETL_Project/internal/dags/wbapi_dag/transform/wbapi_transform_implement.py:164"}
{"time":"2025-09-13T20:22:17", "level":"INFO", "message":"Transformed 10 data types", "caller":"/tmp/ipykernel_47243/4175330404.py:47"}
{"time":"2025-09-13T20:22:18", "level":"INFO", "message":"Using local processing for economy (size: 267)", "caller":"/mnt/c/Users/Admin/Downloads/Project/Github/ETL_Project/internal/dags/wbapi_dag/transform/wbapi_transform_implement.py:649"}
{"time":"2025-09-13T20:22:18", "level":"ERROR", "message":"Error transforming economy dataframe: Expected numeric dtype, got object instead.", "caller":"/mnt/c/Users/Admin/Downloads/Project/Github/ETL_Project/internal/dags/wbapi_dag/transform/wbapi_transform_obj.py:102"}
{"time":"2025-09-13T20:22:18", "level":"INFO", "message":"Economy data transformation completed", "caller":"/mnt/c/Users/Admin/Downloads/Project/Github/ETL_Project/internal/dags/wbapi_dag/transform/wbapi_transform_implement.py:74"}
{"time":"2025-09-13T20:22:18", "level":"INFO", "message":"Using local processing for series (size: 1517)", "caller":"/mnt/c/Users/Admin/Downloads/Project/Github/ETL_Project/internal/dags/wbapi_dag/transform/wbapi_transform_implement.py:649"}
{"time":"2025-09-13T20:22:18", "level":"INFO", "message":"Series data transformation completed", "caller":"/mnt/c/Users/Admin/Downloads/Project/Github/ETL_Project/internal/dags/wbapi_dag/transform/wbapi_transform_implement.py:97"}
{"time":"2025-09-13T20:22:18", "level":"INFO", "message":"Using local processing for topic (size: 1575)", "caller":"/mnt/c/Users/Admin/Downloads/Project/Github/ETL_Project/internal/dags/wbapi_dag/transform/wbapi_transform_implement.py:649"}
{"time":"2025-09-13T20:22:18", "level":"INFO", "message":"Topic data transformation completed", "caller":"/mnt/c/Users/Admin/Downloads/Project/Github/ETL_Project/internal/dags/wbapi_dag/transform/wbapi_transform_implement.py:125"}
{"time":"2025-09-13T20:22:18", "level":"INFO", "message":"Using local processing for time (size: 130)", "caller":"/mnt/c/Users/Admin/Downloads/Project/Github/ETL_Project/internal/dags/wbapi_dag/transform/wbapi_transform_implement.py:649"}
{"time":"2025-09-13T20:22:18", "level":"INFO", "message":"Time data transformation completed", "caller":"/mnt/c/Users/Admin/Downloads/Project/Github/ETL_Project/internal/dags/wbapi_dag/transform/wbapi_transform_implement.py:141"}
{"time":"2025-09-13T20:22:18", "level":"INFO", "message":"Using local processing for source (size: 140)", "caller":"/mnt/c/Users/Admin/Downloads/Project/Github/ETL_Project/internal/dags/wbapi_dag/transform/wbapi_transform_implement.py:649"}
{"time":"2025-09-13T20:22:18", "level":"INFO", "message":"Source data transformation completed", "caller":"/mnt/c/Users/Admin/Downloads/Project/Github/ETL_Project/internal/dags/wbapi_dag/transform/wbapi_transform_implement.py:164"}
{"time":"2025-09-13T20:22:18", "level":"INFO", "message":"Using local processing for region (size: 88)", "caller":"/mnt/c/Users/Admin/Downloads/Project/Github/ETL_Project/internal/dags/wbapi_dag/transform/wbapi_transform_implement.py:649"}
{"time":"2025-09-13T20:22:18", "level":"INFO", "message":"Region data transformation completed", "caller":"/mnt/c/Users/Admin/Downloads/Project/Github/ETL_Project/internal/dags/wbapi_dag/transform/wbapi_transform_implement.py:180"}
{"time":"2025-09-13T20:22:18", "level":"INFO", "message":"Transformed 11 data types", "caller":"/tmp/ipykernel_47243/4175330404.py:47"}
{"time":"2025-09-13T20:22:19", "level":"INFO", "message":"Using local processing for economy (size: 267)", "caller":"/mnt/c/Users/Admin/Downloads/Project/Github/ETL_Project/internal/dags/wbapi_dag/transform/wbapi_transform_implement.py:649"}
{"time":"2025-09-13T20:22:19", "level":"ERROR", "message":"Error transforming economy dataframe: Expected numeric dtype, got object instead.", "caller":"/mnt/c/Users/Admin/Downloads/Project/Github/ETL_Project/internal/dags/wbapi_dag/transform/wbapi_transform_obj.py:102"}
{"time":"2025-09-13T20:22:19", "level":"INFO", "message":"Economy data transformation completed", "caller":"/mnt/c/Users/Admin/Downloads/Project/Github/ETL_Project/internal/dags/wbapi_dag/transform/wbapi_transform_implement.py:74"}
{"time":"2025-09-13T20:22:19", "level":"INFO", "message":"Using local processing for series (size: 1517)", "caller":"/mnt/c/Users/Admin/Downloads/Project/Github/ETL_Project/internal/dags/wbapi_dag/transform/wbapi_transform_implement.py:649"}
{"time":"2025-09-13T20:22:19", "level":"INFO", "message":"Series data transformation completed", "caller":"/mnt/c/Users/Admin/Downloads/Project/Github/ETL_Project/internal/dags/wbapi_dag/transform/wbapi_transform_implement.py:97"}
{"time":"2025-09-13T20:22:19", "level":"INFO", "message":"Using local processing for topic (size: 1575)", "caller":"/mnt/c/Users/Admin/Downloads/Project/Github/ETL_Project/internal/dags/wbapi_dag/transform/wbapi_transform_implement.py:649"}
{"time":"2025-09-13T20:22:19", "level":"INFO", "message":"Topic data transformation completed", "caller":"/mnt/c/Users/Admin/Downloads/Project/Github/ETL_Project/internal/dags/wbapi_dag/transform/wbapi_transform_implement.py:125"}
{"time":"2025-09-13T20:22:19", "level":"INFO", "message":"Using local processing for time (size: 130)", "caller":"/mnt/c/Users/Admin/Downloads/Project/Github/ETL_Project/internal/dags/wbapi_dag/transform/wbapi_transform_implement.py:649"}
{"time":"2025-09-13T20:22:19", "level":"INFO", "message":"Time data transformation completed", "caller":"/mnt/c/Users/Admin/Downloads/Project/Github/ETL_Project/internal/dags/wbapi_dag/transform/wbapi_transform_implement.py:141"}
{"time":"2025-09-13T20:22:19", "level":"INFO", "message":"Using local processing for source (size: 140)", "caller":"/mnt/c/Users/Admin/Downloads/Project/Github/ETL_Project/internal/dags/wbapi_dag/transform/wbapi_transform_implement.py:649"}
{"time":"2025-09-13T20:22:19", "level":"INFO", "message":"Source data transformation completed", "caller":"/mnt/c/Users/Admin/Downloads/Project/Github/ETL_Project/internal/dags/wbapi_dag/transform/wbapi_transform_implement.py:164"}
{"time":"2025-09-13T20:22:19", "level":"INFO", "message":"Using local processing for region (size: 88)", "caller":"/mnt/c/Users/Admin/Downloads/Project/Github/ETL_Project/internal/dags/wbapi_dag/transform/wbapi_transform_implement.py:649"}
{"time":"2025-09-13T20:22:19", "level":"INFO", "message":"Region data transformation completed", "caller":"/mnt/c/Users/Admin/Downloads/Project/Github/ETL_Project/internal/dags/wbapi_dag/transform/wbapi_transform_implement.py:180"}
{"time":"2025-09-13T20:22:19", "level":"INFO", "message":"Using local processing for income (size: 14)", "caller":"/mnt/c/Users/Admin/Downloads/Project/Github/ETL_Project/internal/dags/wbapi_dag/transform/wbapi_transform_implement.py:649"}
{"time":"2025-09-13T20:22:19", "level":"INFO", "message":"Income data transformation completed", "caller":"/mnt/c/Users/Admin/Downloads/Project/Github/ETL_Project/internal/dags/wbapi_dag/transform/wbapi_transform_implement.py:196"}
{"time":"2025-09-13T20:22:19", "level":"INFO", "message":"Transformed 12 data types", "caller":"/tmp/ipykernel_47243/4175330404.py:47"}
{"time":"2025-09-13T20:22:20", "level":"INFO", "message":"Using local processing for economy (size: 267)", "caller":"/mnt/c/Users/Admin/Downloads/Project/Github/ETL_Project/internal/dags/wbapi_dag/transform/wbapi_transform_implement.py:649"}
{"time":"2025-09-13T20:22:20", "level":"ERROR", "message":"Error transforming economy dataframe: Expected numeric dtype, got object instead.", "caller":"/mnt/c/Users/Admin/Downloads/Project/Github/ETL_Project/internal/dags/wbapi_dag/transform/wbapi_transform_obj.py:102"}
{"time":"2025-09-13T20:22:20", "level":"INFO", "message":"Economy data transformation completed", "caller":"/mnt/c/Users/Admin/Downloads/Project/Github/ETL_Project/internal/dags/wbapi_dag/transform/wbapi_transform_implement.py:74"}
{"time":"2025-09-13T20:22:20", "level":"INFO", "message":"Using local processing for series (size: 1517)", "caller":"/mnt/c/Users/Admin/Downloads/Project/Github/ETL_Project/internal/dags/wbapi_dag/transform/wbapi_transform_implement.py:649"}
{"time":"2025-09-13T20:22:20", "level":"INFO", "message":"Series data transformation completed", "caller":"/mnt/c/Users/Admin/Downloads/Project/Github/ETL_Project/internal/dags/wbapi_dag/transform/wbapi_transform_implement.py:97"}
{"time":"2025-09-13T20:22:20", "level":"INFO", "message":"Using local processing for topic (size: 1575)", "caller":"/mnt/c/Users/Admin/Downloads/Project/Github/ETL_Project/internal/dags/wbapi_dag/transform/wbapi_transform_implement.py:649"}
{"time":"2025-09-13T20:22:20", "level":"INFO", "message":"Topic data transformation completed", "caller":"/mnt/c/Users/Admin/Downloads/Project/Github/ETL_Project/internal/dags/wbapi_dag/transform/wbapi_transform_implement.py:125"}
{"time":"2025-09-13T20:22:20", "level":"INFO", "message":"Using local processing for time (size: 130)", "caller":"/mnt/c/Users/Admin/Downloads/Project/Github/ETL_Project/internal/dags/wbapi_dag/transform/wbapi_transform_implement.py:649"}
{"time":"2025-09-13T20:22:20", "level":"INFO", "message":"Time data transformation completed", "caller":"/mnt/c/Users/Admin/Downloads/Project/Github/ETL_Project/internal/dags/wbapi_dag/transform/wbapi_transform_implement.py:141"}
{"time":"2025-09-13T20:22:20", "level":"INFO", "message":"Using local processing for source (size: 140)", "caller":"/mnt/c/Users/Admin/Downloads/Project/Github/ETL_Project/internal/dags/wbapi_dag/transform/wbapi_transform_implement.py:649"}
{"time":"2025-09-13T20:22:20", "level":"INFO", "message":"Source data transformation completed", "caller":"/mnt/c/Users/Admin/Downloads/Project/Github/ETL_Project/internal/dags/wbapi_dag/transform/wbapi_transform_implement.py:164"}
{"time":"2025-09-13T20:22:20", "level":"INFO", "message":"Using local processing for region (size: 88)", "caller":"/mnt/c/Users/Admin/Downloads/Project/Github/ETL_Project/internal/dags/wbapi_dag/transform/wbapi_transform_implement.py:649"}
{"time":"2025-09-13T20:22:20", "level":"INFO", "message":"Region data transformation completed", "caller":"/mnt/c/Users/Admin/Downloads/Project/Github/ETL_Project/internal/dags/wbapi_dag/transform/wbapi_transform_implement.py:180"}
{"time":"2025-09-13T20:22:20", "level":"INFO", "message":"Using local processing for income (size: 14)", "caller":"/mnt/c/Users/Admin/Downloads/Project/Github/ETL_Project/internal/dags/wbapi_dag/transform/wbapi_transform_implement.py:649"}
{"time":"2025-09-13T20:22:20", "level":"INFO", "message":"Income data transformation completed", "caller":"/mnt/c/Users/Admin/Downloads/Project/Github/ETL_Project/internal/dags/wbapi_dag/transform/wbapi_transform_implement.py:196"}
{"time":"2025-09-13T20:22:20", "level":"INFO", "message":"Using local processing for lending (size: 8)", "caller":"/mnt/c/Users/Admin/Downloads/Project/Github/ETL_Project/internal/dags/wbapi_dag/transform/wbapi_transform_implement.py:649"}
{"time":"2025-09-13T20:22:20", "level":"INFO", "message":"Lending data transformation completed", "caller":"/mnt/c/Users/Admin/Downloads/Project/Github/ETL_Project/internal/dags/wbapi_dag/transform/wbapi_transform_implement.py:212"}
{"time":"2025-09-13T20:22:20", "level":"INFO", "message":"Transformed 13 data types", "caller":"/tmp/ipykernel_47243/4175330404.py:47"}
{"time":"2025-09-13T20:25:32", "level":"INFO", "message":"Using local processing for economy (size: 267)", "caller":"/mnt/c/Users/Admin/Downloads/Project/Github/ETL_Project/internal/dags/wbapi_dag/transform/wbapi_transform_implement.py:649"}
{"time":"2025-09-13T20:25:45", "level":"INFO", "message":"Dropped columns: ['Aggregate']", "caller":"/mnt/c/Users/Admin/Downloads/Project/Github/ETL_Project/internal/dags/wbapi_dag/transform/wbapi_transform_obj.py:70"}
{"time":"2025-09-13T20:25:45", "level":"INFO", "message":"Economy data transformation completed", "caller":"/mnt/c/Users/Admin/Downloads/Project/Github/ETL_Project/internal/dags/wbapi_dag/transform/wbapi_transform_implement.py:74"}
{"time":"2025-09-13T20:25:45", "level":"INFO", "message":"Transformed 2 data types", "caller":"/tmp/ipykernel_48150/4175330404.py:47"}
{"time":"2025-09-13T20:25:47", "level":"INFO", "message":"Using local processing for economy (size: 267)", "caller":"/mnt/c/Users/Admin/Downloads/Project/Github/ETL_Project/internal/dags/wbapi_dag/transform/wbapi_transform_implement.py:649"}
{"time":"2025-09-13T20:25:47", "level":"ERROR", "message":"Error transforming economy dataframe: Expected numeric dtype, got object instead.", "caller":"/mnt/c/Users/Admin/Downloads/Project/Github/ETL_Project/internal/dags/wbapi_dag/transform/wbapi_transform_obj.py:102"}
{"time":"2025-09-13T20:25:47", "level":"INFO", "message":"Economy data transformation completed", "caller":"/mnt/c/Users/Admin/Downloads/Project/Github/ETL_Project/internal/dags/wbapi_dag/transform/wbapi_transform_implement.py:74"}
{"time":"2025-09-13T20:25:47", "level":"INFO", "message":"Using local processing for series (size: 1517)", "caller":"/mnt/c/Users/Admin/Downloads/Project/Github/ETL_Project/internal/dags/wbapi_dag/transform/wbapi_transform_implement.py:649"}
{"time":"2025-09-13T20:25:47", "level":"INFO", "message":"Series data transformation completed", "caller":"/mnt/c/Users/Admin/Downloads/Project/Github/ETL_Project/internal/dags/wbapi_dag/transform/wbapi_transform_implement.py:97"}
{"time":"2025-09-13T20:25:47", "level":"INFO", "message":"Transformed 4 data types", "caller":"/tmp/ipykernel_48150/4175330404.py:47"}
{"time":"2025-09-13T20:25:57", "level":"INFO", "message":"Using local processing for economy (size: 267)", "caller":"/mnt/c/Users/Admin/Downloads/Project/Github/ETL_Project/internal/dags/wbapi_dag/transform/wbapi_transform_implement.py:649"}
{"time":"2025-09-13T20:25:57", "level":"ERROR", "message":"Error transforming economy dataframe: Expected numeric dtype, got object instead.", "caller":"/mnt/c/Users/Admin/Downloads/Project/Github/ETL_Project/internal/dags/wbapi_dag/transform/wbapi_transform_obj.py:102"}
{"time":"2025-09-13T20:25:57", "level":"INFO", "message":"Economy data transformation completed", "caller":"/mnt/c/Users/Admin/Downloads/Project/Github/ETL_Project/internal/dags/wbapi_dag/transform/wbapi_transform_implement.py:74"}
{"time":"2025-09-13T20:25:57", "level":"INFO", "message":"Using local processing for series (size: 1517)", "caller":"/mnt/c/Users/Admin/Downloads/Project/Github/ETL_Project/internal/dags/wbapi_dag/transform/wbapi_transform_implement.py:649"}
{"time":"2025-09-13T20:25:57", "level":"INFO", "message":"Series data transformation completed", "caller":"/mnt/c/Users/Admin/Downloads/Project/Github/ETL_Project/internal/dags/wbapi_dag/transform/wbapi_transform_implement.py:97"}
{"time":"2025-09-13T20:25:57", "level":"INFO", "message":"Using local processing for topic (size: 1575)", "caller":"/mnt/c/Users/Admin/Downloads/Project/Github/ETL_Project/internal/dags/wbapi_dag/transform/wbapi_transform_implement.py:649"}
{"time":"2025-09-13T20:25:57", "level":"INFO", "message":"Topic data transformation completed", "caller":"/mnt/c/Users/Admin/Downloads/Project/Github/ETL_Project/internal/dags/wbapi_dag/transform/wbapi_transform_implement.py:125"}
{"time":"2025-09-13T20:25:57", "level":"INFO", "message":"Transformed 7 data types", "caller":"/tmp/ipykernel_48150/4175330404.py:47"}
{"time":"2025-09-13T20:25:58", "level":"INFO", "message":"Using local processing for economy (size: 267)", "caller":"/mnt/c/Users/Admin/Downloads/Project/Github/ETL_Project/internal/dags/wbapi_dag/transform/wbapi_transform_implement.py:649"}
{"time":"2025-09-13T20:25:58", "level":"ERROR", "message":"Error transforming economy dataframe: Expected numeric dtype, got object instead.", "caller":"/mnt/c/Users/Admin/Downloads/Project/Github/ETL_Project/internal/dags/wbapi_dag/transform/wbapi_transform_obj.py:102"}
{"time":"2025-09-13T20:25:58", "level":"INFO", "message":"Economy data transformation completed", "caller":"/mnt/c/Users/Admin/Downloads/Project/Github/ETL_Project/internal/dags/wbapi_dag/transform/wbapi_transform_implement.py:74"}
{"time":"2025-09-13T20:25:58", "level":"INFO", "message":"Using local processing for series (size: 1517)", "caller":"/mnt/c/Users/Admin/Downloads/Project/Github/ETL_Project/internal/dags/wbapi_dag/transform/wbapi_transform_implement.py:649"}
{"time":"2025-09-13T20:25:58", "level":"INFO", "message":"Series data transformation completed", "caller":"/mnt/c/Users/Admin/Downloads/Project/Github/ETL_Project/internal/dags/wbapi_dag/transform/wbapi_transform_implement.py:97"}
{"time":"2025-09-13T20:25:58", "level":"INFO", "message":"Using local processing for topic (size: 1575)", "caller":"/mnt/c/Users/Admin/Downloads/Project/Github/ETL_Project/internal/dags/wbapi_dag/transform/wbapi_transform_implement.py:649"}
{"time":"2025-09-13T20:25:58", "level":"INFO", "message":"Topic data transformation completed", "caller":"/mnt/c/Users/Admin/Downloads/Project/Github/ETL_Project/internal/dags/wbapi_dag/transform/wbapi_transform_implement.py:125"}
{"time":"2025-09-13T20:25:58", "level":"INFO", "message":"Using local processing for time (size: 130)", "caller":"/mnt/c/Users/Admin/Downloads/Project/Github/ETL_Project/internal/dags/wbapi_dag/transform/wbapi_transform_implement.py:649"}
{"time":"2025-09-13T20:25:58", "level":"INFO", "message":"Time data transformation completed", "caller":"/mnt/c/Users/Admin/Downloads/Project/Github/ETL_Project/internal/dags/wbapi_dag/transform/wbapi_transform_implement.py:141"}
{"time":"2025-09-13T20:25:58", "level":"INFO", "message":"Transformed 8 data types", "caller":"/tmp/ipykernel_48150/4175330404.py:47"}
{"time":"2025-09-13T20:26:00", "level":"INFO", "message":"Using local processing for economy (size: 267)", "caller":"/mnt/c/Users/Admin/Downloads/Project/Github/ETL_Project/internal/dags/wbapi_dag/transform/wbapi_transform_implement.py:649"}
{"time":"2025-09-13T20:26:00", "level":"ERROR", "message":"Error transforming economy dataframe: Expected numeric dtype, got object instead.", "caller":"/mnt/c/Users/Admin/Downloads/Project/Github/ETL_Project/internal/dags/wbapi_dag/transform/wbapi_transform_obj.py:102"}
{"time":"2025-09-13T20:26:00", "level":"INFO", "message":"Economy data transformation completed", "caller":"/mnt/c/Users/Admin/Downloads/Project/Github/ETL_Project/internal/dags/wbapi_dag/transform/wbapi_transform_implement.py:74"}
{"time":"2025-09-13T20:26:01", "level":"INFO", "message":"Using local processing for series (size: 1517)", "caller":"/mnt/c/Users/Admin/Downloads/Project/Github/ETL_Project/internal/dags/wbapi_dag/transform/wbapi_transform_implement.py:649"}
{"time":"2025-09-13T20:26:01", "level":"INFO", "message":"Series data transformation completed", "caller":"/mnt/c/Users/Admin/Downloads/Project/Github/ETL_Project/internal/dags/wbapi_dag/transform/wbapi_transform_implement.py:97"}
{"time":"2025-09-13T20:26:01", "level":"INFO", "message":"Using local processing for topic (size: 1575)", "caller":"/mnt/c/Users/Admin/Downloads/Project/Github/ETL_Project/internal/dags/wbapi_dag/transform/wbapi_transform_implement.py:649"}
{"time":"2025-09-13T20:26:01", "level":"INFO", "message":"Topic data transformation completed", "caller":"/mnt/c/Users/Admin/Downloads/Project/Github/ETL_Project/internal/dags/wbapi_dag/transform/wbapi_transform_implement.py:125"}
{"time":"2025-09-13T20:26:01", "level":"INFO", "message":"Using local processing for time (size: 130)", "caller":"/mnt/c/Users/Admin/Downloads/Project/Github/ETL_Project/internal/dags/wbapi_dag/transform/wbapi_transform_implement.py:649"}
{"time":"2025-09-13T20:26:01", "level":"INFO", "message":"Time data transformation completed", "caller":"/mnt/c/Users/Admin/Downloads/Project/Github/ETL_Project/internal/dags/wbapi_dag/transform/wbapi_transform_implement.py:141"}
{"time":"2025-09-13T20:26:01", "level":"INFO", "message":"Using local processing for source (size: 140)", "caller":"/mnt/c/Users/Admin/Downloads/Project/Github/ETL_Project/internal/dags/wbapi_dag/transform/wbapi_transform_implement.py:649"}
{"time":"2025-09-13T20:26:01", "level":"INFO", "message":"Source data transformation completed", "caller":"/mnt/c/Users/Admin/Downloads/Project/Github/ETL_Project/internal/dags/wbapi_dag/transform/wbapi_transform_implement.py:164"}
{"time":"2025-09-13T20:26:01", "level":"INFO", "message":"Transformed 10 data types", "caller":"/tmp/ipykernel_48150/4175330404.py:47"}
{"time":"2025-09-13T20:26:01", "level":"INFO", "message":"Using local processing for economy (size: 267)", "caller":"/mnt/c/Users/Admin/Downloads/Project/Github/ETL_Project/internal/dags/wbapi_dag/transform/wbapi_transform_implement.py:649"}
{"time":"2025-09-13T20:26:02", "level":"ERROR", "message":"Error transforming economy dataframe: Expected numeric dtype, got object instead.", "caller":"/mnt/c/Users/Admin/Downloads/Project/Github/ETL_Project/internal/dags/wbapi_dag/transform/wbapi_transform_obj.py:102"}
{"time":"2025-09-13T20:26:02", "level":"INFO", "message":"Economy data transformation completed", "caller":"/mnt/c/Users/Admin/Downloads/Project/Github/ETL_Project/internal/dags/wbapi_dag/transform/wbapi_transform_implement.py:74"}
{"time":"2025-09-13T20:26:02", "level":"INFO", "message":"Using local processing for series (size: 1517)", "caller":"/mnt/c/Users/Admin/Downloads/Project/Github/ETL_Project/internal/dags/wbapi_dag/transform/wbapi_transform_implement.py:649"}
{"time":"2025-09-13T20:26:02", "level":"INFO", "message":"Series data transformation completed", "caller":"/mnt/c/Users/Admin/Downloads/Project/Github/ETL_Project/internal/dags/wbapi_dag/transform/wbapi_transform_implement.py:97"}
{"time":"2025-09-13T20:26:02", "level":"INFO", "message":"Using local processing for topic (size: 1575)", "caller":"/mnt/c/Users/Admin/Downloads/Project/Github/ETL_Project/internal/dags/wbapi_dag/transform/wbapi_transform_implement.py:649"}
{"time":"2025-09-13T20:26:02", "level":"INFO", "message":"Topic data transformation completed", "caller":"/mnt/c/Users/Admin/Downloads/Project/Github/ETL_Project/internal/dags/wbapi_dag/transform/wbapi_transform_implement.py:125"}
{"time":"2025-09-13T20:26:02", "level":"INFO", "message":"Using local processing for time (size: 130)", "caller":"/mnt/c/Users/Admin/Downloads/Project/Github/ETL_Project/internal/dags/wbapi_dag/transform/wbapi_transform_implement.py:649"}
{"time":"2025-09-13T20:26:02", "level":"INFO", "message":"Time data transformation completed", "caller":"/mnt/c/Users/Admin/Downloads/Project/Github/ETL_Project/internal/dags/wbapi_dag/transform/wbapi_transform_implement.py:141"}
{"time":"2025-09-13T20:26:02", "level":"INFO", "message":"Using local processing for source (size: 140)", "caller":"/mnt/c/Users/Admin/Downloads/Project/Github/ETL_Project/internal/dags/wbapi_dag/transform/wbapi_transform_implement.py:649"}
{"time":"2025-09-13T20:26:02", "level":"INFO", "message":"Source data transformation completed", "caller":"/mnt/c/Users/Admin/Downloads/Project/Github/ETL_Project/internal/dags/wbapi_dag/transform/wbapi_transform_implement.py:164"}
{"time":"2025-09-13T20:26:02", "level":"INFO", "message":"Using local processing for region (size: 88)", "caller":"/mnt/c/Users/Admin/Downloads/Project/Github/ETL_Project/internal/dags/wbapi_dag/transform/wbapi_transform_implement.py:649"}
{"time":"2025-09-13T20:26:02", "level":"INFO", "message":"Region data transformation completed", "caller":"/mnt/c/Users/Admin/Downloads/Project/Github/ETL_Project/internal/dags/wbapi_dag/transform/wbapi_transform_implement.py:180"}
{"time":"2025-09-13T20:26:02", "level":"INFO", "message":"Transformed 11 data types", "caller":"/tmp/ipykernel_48150/4175330404.py:47"}
{"time":"2025-09-13T20:26:02", "level":"INFO", "message":"Using local processing for economy (size: 267)", "caller":"/mnt/c/Users/Admin/Downloads/Project/Github/ETL_Project/internal/dags/wbapi_dag/transform/wbapi_transform_implement.py:649"}
{"time":"2025-09-13T20:26:03", "level":"ERROR", "message":"Error transforming economy dataframe: Expected numeric dtype, got object instead.", "caller":"/mnt/c/Users/Admin/Downloads/Project/Github/ETL_Project/internal/dags/wbapi_dag/transform/wbapi_transform_obj.py:102"}
{"time":"2025-09-13T20:26:03", "level":"INFO", "message":"Economy data transformation completed", "caller":"/mnt/c/Users/Admin/Downloads/Project/Github/ETL_Project/internal/dags/wbapi_dag/transform/wbapi_transform_implement.py:74"}
{"time":"2025-09-13T20:26:03", "level":"INFO", "message":"Using local processing for series (size: 1517)", "caller":"/mnt/c/Users/Admin/Downloads/Project/Github/ETL_Project/internal/dags/wbapi_dag/transform/wbapi_transform_implement.py:649"}
{"time":"2025-09-13T20:26:03", "level":"INFO", "message":"Series data transformation completed", "caller":"/mnt/c/Users/Admin/Downloads/Project/Github/ETL_Project/internal/dags/wbapi_dag/transform/wbapi_transform_implement.py:97"}
{"time":"2025-09-13T20:26:03", "level":"INFO", "message":"Using local processing for topic (size: 1575)", "caller":"/mnt/c/Users/Admin/Downloads/Project/Github/ETL_Project/internal/dags/wbapi_dag/transform/wbapi_transform_implement.py:649"}
{"time":"2025-09-13T20:26:03", "level":"INFO", "message":"Topic data transformation completed", "caller":"/mnt/c/Users/Admin/Downloads/Project/Github/ETL_Project/internal/dags/wbapi_dag/transform/wbapi_transform_implement.py:125"}
{"time":"2025-09-13T20:26:03", "level":"INFO", "message":"Using local processing for time (size: 130)", "caller":"/mnt/c/Users/Admin/Downloads/Project/Github/ETL_Project/internal/dags/wbapi_dag/transform/wbapi_transform_implement.py:649"}
{"time":"2025-09-13T20:26:03", "level":"INFO", "message":"Time data transformation completed", "caller":"/mnt/c/Users/Admin/Downloads/Project/Github/ETL_Project/internal/dags/wbapi_dag/transform/wbapi_transform_implement.py:141"}
{"time":"2025-09-13T20:26:03", "level":"INFO", "message":"Using local processing for source (size: 140)", "caller":"/mnt/c/Users/Admin/Downloads/Project/Github/ETL_Project/internal/dags/wbapi_dag/transform/wbapi_transform_implement.py:649"}
{"time":"2025-09-13T20:26:03", "level":"INFO", "message":"Source data transformation completed", "caller":"/mnt/c/Users/Admin/Downloads/Project/Github/ETL_Project/internal/dags/wbapi_dag/transform/wbapi_transform_implement.py:164"}
{"time":"2025-09-13T20:26:03", "level":"INFO", "message":"Using local processing for region (size: 88)", "caller":"/mnt/c/Users/Admin/Downloads/Project/Github/ETL_Project/internal/dags/wbapi_dag/transform/wbapi_transform_implement.py:649"}
{"time":"2025-09-13T20:26:03", "level":"INFO", "message":"Region data transformation completed", "caller":"/mnt/c/Users/Admin/Downloads/Project/Github/ETL_Project/internal/dags/wbapi_dag/transform/wbapi_transform_implement.py:180"}
{"time":"2025-09-13T20:26:03", "level":"INFO", "message":"Using local processing for income (size: 14)", "caller":"/mnt/c/Users/Admin/Downloads/Project/Github/ETL_Project/internal/dags/wbapi_dag/transform/wbapi_transform_implement.py:649"}
{"time":"2025-09-13T20:26:03", "level":"INFO", "message":"Income data transformation completed", "caller":"/mnt/c/Users/Admin/Downloads/Project/Github/ETL_Project/internal/dags/wbapi_dag/transform/wbapi_transform_implement.py:196"}
{"time":"2025-09-13T20:26:03", "level":"INFO", "message":"Transformed 12 data types", "caller":"/tmp/ipykernel_48150/4175330404.py:47"}
{"time":"2025-09-13T20:26:04", "level":"INFO", "message":"Using local processing for economy (size: 267)", "caller":"/mnt/c/Users/Admin/Downloads/Project/Github/ETL_Project/internal/dags/wbapi_dag/transform/wbapi_transform_implement.py:649"}
{"time":"2025-09-13T20:26:04", "level":"ERROR", "message":"Error transforming economy dataframe: Expected numeric dtype, got object instead.", "caller":"/mnt/c/Users/Admin/Downloads/Project/Github/ETL_Project/internal/dags/wbapi_dag/transform/wbapi_transform_obj.py:102"}
{"time":"2025-09-13T20:26:04", "level":"INFO", "message":"Economy data transformation completed", "caller":"/mnt/c/Users/Admin/Downloads/Project/Github/ETL_Project/internal/dags/wbapi_dag/transform/wbapi_transform_implement.py:74"}
{"time":"2025-09-13T20:26:04", "level":"INFO", "message":"Using local processing for series (size: 1517)", "caller":"/mnt/c/Users/Admin/Downloads/Project/Github/ETL_Project/internal/dags/wbapi_dag/transform/wbapi_transform_implement.py:649"}
{"time":"2025-09-13T20:26:04", "level":"INFO", "message":"Series data transformation completed", "caller":"/mnt/c/Users/Admin/Downloads/Project/Github/ETL_Project/internal/dags/wbapi_dag/transform/wbapi_transform_implement.py:97"}
{"time":"2025-09-13T20:26:04", "level":"INFO", "message":"Using local processing for topic (size: 1575)", "caller":"/mnt/c/Users/Admin/Downloads/Project/Github/ETL_Project/internal/dags/wbapi_dag/transform/wbapi_transform_implement.py:649"}
{"time":"2025-09-13T20:26:04", "level":"INFO", "message":"Topic data transformation completed", "caller":"/mnt/c/Users/Admin/Downloads/Project/Github/ETL_Project/internal/dags/wbapi_dag/transform/wbapi_transform_implement.py:125"}
{"time":"2025-09-13T20:26:04", "level":"INFO", "message":"Using local processing for time (size: 130)", "caller":"/mnt/c/Users/Admin/Downloads/Project/Github/ETL_Project/internal/dags/wbapi_dag/transform/wbapi_transform_implement.py:649"}
{"time":"2025-09-13T20:26:04", "level":"INFO", "message":"Time data transformation completed", "caller":"/mnt/c/Users/Admin/Downloads/Project/Github/ETL_Project/internal/dags/wbapi_dag/transform/wbapi_transform_implement.py:141"}
{"time":"2025-09-13T20:26:04", "level":"INFO", "message":"Using local processing for source (size: 140)", "caller":"/mnt/c/Users/Admin/Downloads/Project/Github/ETL_Project/internal/dags/wbapi_dag/transform/wbapi_transform_implement.py:649"}
{"time":"2025-09-13T20:26:04", "level":"INFO", "message":"Source data transformation completed", "caller":"/mnt/c/Users/Admin/Downloads/Project/Github/ETL_Project/internal/dags/wbapi_dag/transform/wbapi_transform_implement.py:164"}
{"time":"2025-09-13T20:26:04", "level":"INFO", "message":"Using local processing for region (size: 88)", "caller":"/mnt/c/Users/Admin/Downloads/Project/Github/ETL_Project/internal/dags/wbapi_dag/transform/wbapi_transform_implement.py:649"}
{"time":"2025-09-13T20:26:04", "level":"INFO", "message":"Region data transformation completed", "caller":"/mnt/c/Users/Admin/Downloads/Project/Github/ETL_Project/internal/dags/wbapi_dag/transform/wbapi_transform_implement.py:180"}
{"time":"2025-09-13T20:26:04", "level":"INFO", "message":"Using local processing for income (size: 14)", "caller":"/mnt/c/Users/Admin/Downloads/Project/Github/ETL_Project/internal/dags/wbapi_dag/transform/wbapi_transform_implement.py:649"}
{"time":"2025-09-13T20:26:04", "level":"INFO", "message":"Income data transformation completed", "caller":"/mnt/c/Users/Admin/Downloads/Project/Github/ETL_Project/internal/dags/wbapi_dag/transform/wbapi_transform_implement.py:196"}
{"time":"2025-09-13T20:26:04", "level":"INFO", "message":"Using local processing for lending (size: 8)", "caller":"/mnt/c/Users/Admin/Downloads/Project/Github/ETL_Project/internal/dags/wbapi_dag/transform/wbapi_transform_implement.py:649"}
{"time":"2025-09-13T20:26:04", "level":"INFO", "message":"Lending data transformation completed", "caller":"/mnt/c/Users/Admin/Downloads/Project/Github/ETL_Project/internal/dags/wbapi_dag/transform/wbapi_transform_implement.py:212"}
{"time":"2025-09-13T20:26:04", "level":"INFO", "message":"Transformed 13 data types", "caller":"/tmp/ipykernel_48150/4175330404.py:47"}
