{"time":"2025-12-29T18:51:33", "level":"ERROR", "message":"Error building backend: Can't instantiate abstract class PostgreSQLStorageBackend with abstract method insert", "caller":"/mnt/c/Users/Admin/Downloads/Project/Github/ETL_Project/tests/intergration/test_postgres.py:99"}
{"time":"2025-12-30T00:10:11", "level":"ERROR", "message":"Execute failed: could not translate host name "postgres-local" to address: Temporary failure in name resolution
", "caller":"/mnt/c/Users/Admin/Downloads/Project/Github/ETL_Project/platforms/storage/datawarehouse/postgresql/datawarehouse_storage.py:193"}
{"time":"2025-12-30T00:22:34", "level":"ERROR", "message":"Execute failed: could not translate host name "postgres-local" to address: Temporary failure in name resolution
", "caller":"/mnt/c/Users/Admin/Downloads/Project/Github/ETL_Project/platforms/storage/datawarehouse/postgresql/datawarehouse_storage.py:193"}
{"time":"2025-12-30T00:22:34", "level":"ERROR", "message":"Insert failed: 'str' object has no attribute 'keys'", "caller":"/mnt/c/Users/Admin/Downloads/Project/Github/ETL_Project/platforms/storage/datawarehouse/postgresql/datawarehouse_storage.py:167"}
{"time":"2025-12-30T23:46:45", "level":"ERROR", "message":"Execute failed: could not translate host name "postgres-local" to address: Temporary failure in name resolution
", "caller":"/mnt/c/Users/Admin/Downloads/Project/Github/ETL_Project/platforms/storage/datawarehouse/postgresql/datawarehouse_storage.py:193"}
{"time":"2025-12-30T23:46:45", "level":"ERROR", "message":"Insert failed: 'str' object has no attribute 'keys'", "caller":"/mnt/c/Users/Admin/Downloads/Project/Github/ETL_Project/platforms/storage/datawarehouse/postgresql/datawarehouse_storage.py:167"}
{"time":"2025-12-30T23:46:55", "level":"ERROR", "message":"Execute failed: could not translate host name "postgres-local" to address: Temporary failure in name resolution
", "caller":"/mnt/c/Users/Admin/Downloads/Project/Github/ETL_Project/platforms/storage/datawarehouse/postgresql/datawarehouse_storage.py:193"}
{"time":"2025-12-30T23:46:55", "level":"ERROR", "message":"Insert failed: 'str' object has no attribute 'keys'", "caller":"/mnt/c/Users/Admin/Downloads/Project/Github/ETL_Project/platforms/storage/datawarehouse/postgresql/datawarehouse_storage.py:167"}
{"time":"2025-12-30T23:47:05", "level":"ERROR", "message":"Execute failed: could not translate host name "postgres-local" to address: Temporary failure in name resolution
", "caller":"/mnt/c/Users/Admin/Downloads/Project/Github/ETL_Project/platforms/storage/datawarehouse/postgresql/datawarehouse_storage.py:193"}
{"time":"2025-12-30T23:47:05", "level":"ERROR", "message":"Insert failed: 'str' object has no attribute 'keys'", "caller":"/mnt/c/Users/Admin/Downloads/Project/Github/ETL_Project/platforms/storage/datawarehouse/postgresql/datawarehouse_storage.py:167"}
{"time":"2025-12-31T00:11:28", "level":"ERROR", "message":"Execute failed: could not translate host name "postgres-local" to address: Temporary failure in name resolution
", "caller":"/mnt/c/Users/Admin/Downloads/Project/Github/ETL_Project/platforms/storage/datawarehouse/postgresql/datawarehouse_storage.py:193"}
{"time":"2025-12-31T00:11:28", "level":"ERROR", "message":"Insert failed: 'str' object has no attribute 'keys'", "caller":"/mnt/c/Users/Admin/Downloads/Project/Github/ETL_Project/platforms/storage/datawarehouse/postgresql/datawarehouse_storage.py:167"}
{"time":"2025-12-31T00:13:15", "level":"ERROR", "message":"Execute failed: could not translate host name "postgres-local" to address: Temporary failure in name resolution
", "caller":"/mnt/c/Users/Admin/Downloads/Project/Github/ETL_Project/platforms/storage/datawarehouse/postgresql/datawarehouse_storage.py:193"}
{"time":"2025-12-31T00:13:15", "level":"ERROR", "message":"Insert failed: 'str' object has no attribute 'keys'", "caller":"/mnt/c/Users/Admin/Downloads/Project/Github/ETL_Project/platforms/storage/datawarehouse/postgresql/datawarehouse_storage.py:167"}
{"time":"2025-12-31T21:47:27", "level":"ERROR", "message":"Execute failed: could not translate host name "postgres-local" to address: Temporary failure in name resolution
", "caller":"/mnt/c/Users/Admin/Downloads/Project/Github/ETL_Project/platforms/storage/datawarehouse/postgresql/datawarehouse_storage.py:193"}
{"time":"2025-12-31T21:47:27", "level":"ERROR", "message":"Insert failed: 'str' object has no attribute 'keys'", "caller":"/mnt/c/Users/Admin/Downloads/Project/Github/ETL_Project/platforms/storage/datawarehouse/postgresql/datawarehouse_storage.py:167"}
{"time":"2025-12-31T21:47:37", "level":"ERROR", "message":"Execute failed: could not translate host name "postgres-local" to address: Temporary failure in name resolution
", "caller":"/mnt/c/Users/Admin/Downloads/Project/Github/ETL_Project/platforms/storage/datawarehouse/postgresql/datawarehouse_storage.py:193"}
{"time":"2025-12-31T21:47:37", "level":"ERROR", "message":"Insert failed: 'str' object has no attribute 'keys'", "caller":"/mnt/c/Users/Admin/Downloads/Project/Github/ETL_Project/platforms/storage/datawarehouse/postgresql/datawarehouse_storage.py:167"}
{"time":"2025-12-31T21:47:47", "level":"ERROR", "message":"Execute failed: could not translate host name "postgres-local" to address: Temporary failure in name resolution
", "caller":"/mnt/c/Users/Admin/Downloads/Project/Github/ETL_Project/platforms/storage/datawarehouse/postgresql/datawarehouse_storage.py:193"}
{"time":"2025-12-31T21:47:47", "level":"ERROR", "message":"Insert failed: 'str' object has no attribute 'keys'", "caller":"/mnt/c/Users/Admin/Downloads/Project/Github/ETL_Project/platforms/storage/datawarehouse/postgresql/datawarehouse_storage.py:167"}
{"time":"2026-01-01T14:07:23", "level":"ERROR", "message":"Execute failed: could not translate host name "postgres-local" to address: Temporary failure in name resolution
", "caller":"/mnt/c/Users/Admin/Downloads/Project/Github/ETL_Project/platforms/storage/datawarehouse/postgresql/datawarehouse_storage.py:193"}
{"time":"2026-01-01T14:07:23", "level":"ERROR", "message":"Insert failed: 'str' object has no attribute 'keys'", "caller":"/mnt/c/Users/Admin/Downloads/Project/Github/ETL_Project/platforms/storage/datawarehouse/postgresql/datawarehouse_storage.py:167"}
{"time":"2026-01-01T14:40:51", "level":"ERROR", "message":"Execute failed: could not translate host name "postgres-local" to address: Temporary failure in name resolution
", "caller":"/mnt/c/Users/Admin/Downloads/Project/Github/ETL_Project/platforms/storage/datawarehouse/postgresql/datawarehouse_storage.py:193"}
{"time":"2026-01-01T14:40:51", "level":"ERROR", "message":"Insert failed: 'str' object has no attribute 'keys'", "caller":"/mnt/c/Users/Admin/Downloads/Project/Github/ETL_Project/platforms/storage/datawarehouse/postgresql/datawarehouse_storage.py:167"}
{"time":"2026-01-01T14:45:47", "level":"ERROR", "message":"Execute failed: connection to server at "localhost" (127.0.0.1), port 5432 failed: FATAL:  password authentication failed for user "hungpham"
", "caller":"/mnt/c/Users/Admin/Downloads/Project/Github/ETL_Project/platforms/storage/datawarehouse/postgresql/datawarehouse_storage.py:193"}
{"time":"2026-01-01T14:45:47", "level":"ERROR", "message":"Insert failed: 'str' object has no attribute 'keys'", "caller":"/mnt/c/Users/Admin/Downloads/Project/Github/ETL_Project/platforms/storage/datawarehouse/postgresql/datawarehouse_storage.py:167"}
{"time":"2026-01-01T14:48:33", "level":"ERROR", "message":"Execute failed: could not translate host name "postgres-local" to address: Temporary failure in name resolution
", "caller":"/mnt/c/Users/Admin/Downloads/Project/Github/ETL_Project/platforms/storage/datawarehouse/postgresql/datawarehouse_storage.py:193"}
{"time":"2026-01-01T14:48:33", "level":"ERROR", "message":"Insert failed: 'str' object has no attribute 'keys'", "caller":"/mnt/c/Users/Admin/Downloads/Project/Github/ETL_Project/platforms/storage/datawarehouse/postgresql/datawarehouse_storage.py:167"}
{"time":"2026-01-01T14:59:12", "level":"ERROR", "message":"Execute failed: could not translate host name "postgres-local" to address: Temporary failure in name resolution
", "caller":"/mnt/c/Users/Admin/Downloads/Project/Github/ETL_Project/platforms/storage/datawarehouse/postgresql/datawarehouse_storage.py:193"}
{"time":"2026-01-01T14:59:13", "level":"ERROR", "message":"Insert failed: 'str' object has no attribute 'keys'", "caller":"/mnt/c/Users/Admin/Downloads/Project/Github/ETL_Project/platforms/storage/datawarehouse/postgresql/datawarehouse_storage.py:167"}
{"time":"2026-01-01T15:04:05", "level":"ERROR", "message":"Execute failed: could not translate host name "postgres-local" to address: Temporary failure in name resolution
", "caller":"/mnt/c/Users/Admin/Downloads/Project/Github/ETL_Project/platforms/storage/datawarehouse/postgresql/datawarehouse_storage.py:193"}
{"time":"2026-01-01T15:09:30", "level":"ERROR", "message":"Execute failed: connection to server at "127.0.0.1", port 5432 failed: FATAL:  password authentication failed for user "hungpham"
", "caller":"/mnt/c/Users/Admin/Downloads/Project/Github/ETL_Project/platforms/storage/datawarehouse/postgresql/datawarehouse_storage.py:193"}
{"time":"2026-01-01T15:09:30", "level":"ERROR", "message":"Insert failed: connection to server at "127.0.0.1", port 5432 failed: FATAL:  password authentication failed for user "hungpham"
", "caller":"/mnt/c/Users/Admin/Downloads/Project/Github/ETL_Project/platforms/storage/datawarehouse/postgresql/datawarehouse_storage.py:49"}
{"time":"2026-01-01T22:00:45", "level":"ERROR", "message":"Execute failed: could not translate host name "postgres-local" to address: Temporary failure in name resolution
", "caller":"/mnt/c/Users/Admin/Downloads/Project/Github/ETL_Project/platforms/storage/datawarehouse/postgresql/datawarehouse_storage.py:193"}
{"time":"2026-01-01T22:00:55", "level":"ERROR", "message":"Insert failed: could not translate host name "postgres-local" to address: Temporary failure in name resolution
", "caller":"/mnt/c/Users/Admin/Downloads/Project/Github/ETL_Project/platforms/storage/datawarehouse/postgresql/datawarehouse_storage.py:49"}
{"time":"2026-01-01T22:48:51", "level":"ERROR", "message":"Execute failed: connection to server at "localhost" (127.0.0.1), port 5432 failed: FATAL:  password authentication failed for user "hungpham"
", "caller":"/mnt/c/Users/Admin/Downloads/Project/Github/ETL_Project/platforms/storage/datawarehouse/postgresql/datawarehouse_storage.py:193"}
{"time":"2026-01-01T22:48:51", "level":"ERROR", "message":"Insert failed: connection to server at "localhost" (127.0.0.1), port 5432 failed: FATAL:  password authentication failed for user "hungpham"
", "caller":"/mnt/c/Users/Admin/Downloads/Project/Github/ETL_Project/platforms/storage/datawarehouse/postgresql/datawarehouse_storage.py:49"}
{"time":"2026-01-01T22:49:47", "level":"ERROR", "message":"Execute failed: could not translate host name "postgres-local" to address: Temporary failure in name resolution
", "caller":"/mnt/c/Users/Admin/Downloads/Project/Github/ETL_Project/platforms/storage/datawarehouse/postgresql/datawarehouse_storage.py:193"}
{"time":"2026-01-01T22:49:57", "level":"ERROR", "message":"Insert failed: could not translate host name "postgres-local" to address: Temporary failure in name resolution
", "caller":"/mnt/c/Users/Admin/Downloads/Project/Github/ETL_Project/platforms/storage/datawarehouse/postgresql/datawarehouse_storage.py:49"}
{"time":"2026-01-01T22:50:13", "level":"ERROR", "message":"Execute failed: connection to server at "localhost" (127.0.0.1), port 5432 failed: FATAL:  password authentication failed for user "hungpham"
", "caller":"/mnt/c/Users/Admin/Downloads/Project/Github/ETL_Project/platforms/storage/datawarehouse/postgresql/datawarehouse_storage.py:193"}
{"time":"2026-01-01T22:50:13", "level":"ERROR", "message":"Insert failed: connection to server at "localhost" (127.0.0.1), port 5432 failed: FATAL:  password authentication failed for user "hungpham"
", "caller":"/mnt/c/Users/Admin/Downloads/Project/Github/ETL_Project/platforms/storage/datawarehouse/postgresql/datawarehouse_storage.py:49"}
{"time":"2026-01-01T22:50:49", "level":"ERROR", "message":"Execute failed: connection to server at "localhost" (127.0.0.1), port 5432 failed: FATAL:  password authentication failed for user "hungpham"
", "caller":"/mnt/c/Users/Admin/Downloads/Project/Github/ETL_Project/platforms/storage/datawarehouse/postgresql/datawarehouse_storage.py:193"}
{"time":"2026-01-01T22:50:49", "level":"ERROR", "message":"Insert failed: connection to server at "localhost" (127.0.0.1), port 5432 failed: FATAL:  password authentication failed for user "hungpham"
", "caller":"/mnt/c/Users/Admin/Downloads/Project/Github/ETL_Project/platforms/storage/datawarehouse/postgresql/datawarehouse_storage.py:49"}
{"time":"2026-01-01T22:55:06", "level":"ERROR", "message":"Execute failed: could not translate host name "postgres-local" to address: Temporary failure in name resolution
", "caller":"/mnt/c/Users/Admin/Downloads/Project/Github/ETL_Project/platforms/storage/datawarehouse/postgresql/datawarehouse_storage.py:193"}
{"time":"2026-01-01T22:55:17", "level":"ERROR", "message":"Insert failed: could not translate host name "postgres-local" to address: Temporary failure in name resolution
", "caller":"/mnt/c/Users/Admin/Downloads/Project/Github/ETL_Project/platforms/storage/datawarehouse/postgresql/datawarehouse_storage.py:49"}
{"time":"2026-01-01T22:55:29", "level":"ERROR", "message":"Execute failed: connection to server at "localhost" (127.0.0.1), port 5432 failed: FATAL:  password authentication failed for user "hungpham"
", "caller":"/mnt/c/Users/Admin/Downloads/Project/Github/ETL_Project/platforms/storage/datawarehouse/postgresql/datawarehouse_storage.py:193"}
{"time":"2026-01-01T22:55:29", "level":"ERROR", "message":"Insert failed: connection to server at "localhost" (127.0.0.1), port 5432 failed: FATAL:  password authentication failed for user "hungpham"
", "caller":"/mnt/c/Users/Admin/Downloads/Project/Github/ETL_Project/platforms/storage/datawarehouse/postgresql/datawarehouse_storage.py:49"}
{"time":"2026-01-01T22:55:53", "level":"ERROR", "message":"Execute failed: connection to server at "localhost" (127.0.0.1), port 5432 failed: FATAL:  password authentication failed for user "hungpham"
", "caller":"/mnt/c/Users/Admin/Downloads/Project/Github/ETL_Project/platforms/storage/datawarehouse/postgresql/datawarehouse_storage.py:193"}
{"time":"2026-01-01T22:55:53", "level":"ERROR", "message":"Insert failed: connection to server at "localhost" (127.0.0.1), port 5432 failed: FATAL:  password authentication failed for user "hungpham"
", "caller":"/mnt/c/Users/Admin/Downloads/Project/Github/ETL_Project/platforms/storage/datawarehouse/postgresql/datawarehouse_storage.py:49"}
{"time":"2026-01-01T22:58:12", "level":"ERROR", "message":"Execute failed: permission denied for schema public
LINE 1: CREATE TABLE IF NOT EXISTS "dim_industry" (
                                   ^
", "caller":"/mnt/c/Users/Admin/Downloads/Project/Github/ETL_Project/platforms/storage/datawarehouse/postgresql/datawarehouse_storage.py:193"}
{"time":"2026-01-01T22:58:12", "level":"ERROR", "message":"Insert failed: relation "dim_industry" does not exist
LINE 1: INSERT INTO dim_industry (industry_metric, industry_code, in...
                    ^
", "caller":"/mnt/c/Users/Admin/Downloads/Project/Github/ETL_Project/platforms/storage/datawarehouse/postgresql/datawarehouse_storage.py:49"}
{"time":"2026-01-01T23:06:49", "level":"ERROR", "message":"Execute failed: permission denied for schema public
LINE 1: CREATE TABLE IF NOT EXISTS "dim_industry" (
                                   ^
", "caller":"/mnt/c/Users/Admin/Downloads/Project/Github/ETL_Project/platforms/storage/datawarehouse/postgresql/datawarehouse_storage.py:193"}
{"time":"2026-01-01T23:06:49", "level":"ERROR", "message":"Insert failed: relation "dim_industry" does not exist
LINE 1: INSERT INTO dim_industry (industry_metric, industry_code, in...
                    ^
", "caller":"/mnt/c/Users/Admin/Downloads/Project/Github/ETL_Project/platforms/storage/datawarehouse/postgresql/datawarehouse_storage.py:49"}
{"time":"2026-01-01T23:20:23", "level":"ERROR", "message":"Execute failed: permission denied for schema public
LINE 1: CREATE TABLE IF NOT EXISTS DIM_INDUSTRY (
                                   ^
", "caller":"/mnt/c/Users/Admin/Downloads/Project/Github/ETL_Project/platforms/storage/datawarehouse/postgresql/datawarehouse_storage.py:193"}
{"time":"2026-01-01T23:20:23", "level":"ERROR", "message":"Insert failed: relation "dim_industry" does not exist
LINE 1: INSERT INTO dim_industry (industry_metric, industry_code, in...
                    ^
", "caller":"/mnt/c/Users/Admin/Downloads/Project/Github/ETL_Project/platforms/storage/datawarehouse/postgresql/datawarehouse_storage.py:49"}
{"time":"2026-01-01T23:21:57", "level":"ERROR", "message":"Execute failed: permission denied for schema public
LINE 1: CREATE TABLE IF NOT EXISTS DIM_INDUSTRY (
                                   ^
", "caller":"/mnt/c/Users/Admin/Downloads/Project/Github/ETL_Project/platforms/storage/datawarehouse/postgresql/datawarehouse_storage.py:193"}
{"time":"2026-01-01T23:21:57", "level":"ERROR", "message":"Insert failed: relation "dim_industry" does not exist
LINE 1: INSERT INTO DIM_INDUSTRY (industry_metric, industry_code, in...
                    ^
", "caller":"/mnt/c/Users/Admin/Downloads/Project/Github/ETL_Project/platforms/storage/datawarehouse/postgresql/datawarehouse_storage.py:49"}
{"time":"2026-01-01T23:26:45", "level":"ERROR", "message":"Execute failed: permission denied for schema public
LINE 1: CREATE TABLE IF NOT EXISTS DIM_INDUSTRY (
                                   ^
", "caller":"/mnt/c/Users/Admin/Downloads/Project/Github/ETL_Project/platforms/storage/datawarehouse/postgresql/datawarehouse_storage.py:193"}
{"time":"2026-01-01T23:26:45", "level":"ERROR", "message":"Insert failed: relation "dim_industry" does not exist
LINE 1: INSERT INTO DIM_INDUSTRY (industry_metric, industry_code, in...
                    ^
", "caller":"/mnt/c/Users/Admin/Downloads/Project/Github/ETL_Project/platforms/storage/datawarehouse/postgresql/datawarehouse_storage.py:49"}
{"time":"2026-01-01T23:32:51", "level":"ERROR", "message":"Execute failed: permission denied for schema public
LINE 1: CREATE TABLE IF NOT EXISTS DIM_INDUSTRY (
                                   ^
", "caller":"/mnt/c/Users/Admin/Downloads/Project/Github/ETL_Project/platforms/storage/datawarehouse/postgresql/datawarehouse_storage.py:193"}
{"time":"2026-01-01T23:32:51", "level":"ERROR", "message":"Insert failed: relation "dim_industry" does not exist
LINE 1: INSERT INTO DIM_INDUSTRY (industry_metric, industry_code, in...
                    ^
", "caller":"/mnt/c/Users/Admin/Downloads/Project/Github/ETL_Project/platforms/storage/datawarehouse/postgresql/datawarehouse_storage.py:49"}
{"time":"2026-01-01T23:44:02", "level":"ERROR", "message":"Execute failed: permission denied for schema public
LINE 1: CREATE TABLE IF NOT EXISTS DIM_INDUSTRY (
                                   ^
", "caller":"/mnt/c/Users/Admin/Downloads/Project/Github/ETL_Project/platforms/storage/datawarehouse/postgresql/datawarehouse_storage.py:193"}
{"time":"2026-01-01T23:44:02", "level":"ERROR", "message":"Insert failed: relation "dim_industry" does not exist
LINE 1: INSERT INTO DIM_INDUSTRY (industry_metric, industry_code, in...
                    ^
", "caller":"/mnt/c/Users/Admin/Downloads/Project/Github/ETL_Project/platforms/storage/datawarehouse/postgresql/datawarehouse_storage.py:49"}
{"time":"2026-01-01T23:44:40", "level":"ERROR", "message":"Execute failed: permission denied for schema public
LINE 1: CREATE TABLE IF NOT EXISTS DIM_INDUSTRY (
                                   ^
", "caller":"/mnt/c/Users/Admin/Downloads/Project/Github/ETL_Project/platforms/storage/datawarehouse/postgresql/datawarehouse_storage.py:195"}
{"time":"2026-01-01T23:44:40", "level":"ERROR", "message":"Insert failed: relation "dim_industry" does not exist
LINE 1: INSERT INTO DIM_INDUSTRY (industry_metric, industry_code, in...
                    ^
", "caller":"/mnt/c/Users/Admin/Downloads/Project/Github/ETL_Project/platforms/storage/datawarehouse/postgresql/datawarehouse_storage.py:51"}
{"time":"2026-01-01T23:45:48", "level":"ERROR", "message":"Execute failed: permission denied for schema public
LINE 1: CREATE TABLE IF NOT EXISTS DIM_INDUSTRY (
                                   ^
", "caller":"/mnt/c/Users/Admin/Downloads/Project/Github/ETL_Project/platforms/storage/datawarehouse/postgresql/datawarehouse_storage.py:196"}
{"time":"2026-01-01T23:45:48", "level":"ERROR", "message":"Insert failed: relation "dim_industry" does not exist
LINE 1: INSERT INTO DIM_INDUSTRY (industry_metric, industry_code, in...
                    ^
", "caller":"/mnt/c/Users/Admin/Downloads/Project/Github/ETL_Project/platforms/storage/datawarehouse/postgresql/datawarehouse_storage.py:51"}
{"time":"2026-01-01T23:47:15", "level":"ERROR", "message":"Execute failed: permission denied for schema public
LINE 1: CREATE TABLE IF NOT EXISTS DIM_INDUSTRY (
                                   ^
", "caller":"/mnt/c/Users/Admin/Downloads/Project/Github/ETL_Project/platforms/storage/datawarehouse/postgresql/datawarehouse_storage.py:196"}
{"time":"2026-01-01T23:47:15", "level":"ERROR", "message":"Insert failed: relation "dim_industry" does not exist
LINE 1: INSERT INTO DIM_INDUSTRY (industry_metric, industry_code, in...
                    ^
", "caller":"/mnt/c/Users/Admin/Downloads/Project/Github/ETL_Project/platforms/storage/datawarehouse/postgresql/datawarehouse_storage.py:51"}
{"time":"2026-01-01T23:47:34", "level":"ERROR", "message":"Execute failed: permission denied for schema public
LINE 1: CREATE TABLE IF NOT EXISTS DIM_INDUSTRY (
                                   ^
", "caller":"/mnt/c/Users/Admin/Downloads/Project/Github/ETL_Project/platforms/storage/datawarehouse/postgresql/datawarehouse_storage.py:196"}
{"time":"2026-01-01T23:47:34", "level":"ERROR", "message":"Insert failed: relation "dim_industry" does not exist
LINE 1: INSERT INTO DIM_INDUSTRY (industry_metric, industry_code, in...
                    ^
", "caller":"/mnt/c/Users/Admin/Downloads/Project/Github/ETL_Project/platforms/storage/datawarehouse/postgresql/datawarehouse_storage.py:51"}
{"time":"2026-01-02T08:24:17", "level":"ERROR", "message":"Execute failed: permission denied for schema public
LINE 1: CREATE TABLE IF NOT EXISTS DIM_INDUSTRY (
                                   ^
", "caller":"/mnt/c/Users/Admin/Downloads/Project/Github/ETL_Project/platforms/storage/datawarehouse/postgresql/datawarehouse_storage.py:196"}
{"time":"2026-01-02T08:24:17", "level":"ERROR", "message":"Insert failed: relation "dim_industry" does not exist
LINE 1: INSERT INTO DIM_INDUSTRY (industry_metric, industry_code, in...
                    ^
", "caller":"/mnt/c/Users/Admin/Downloads/Project/Github/ETL_Project/platforms/storage/datawarehouse/postgresql/datawarehouse_storage.py:51"}
{"time":"2026-01-02T09:22:17", "level":"ERROR", "message":"Insert failed: duplicate key value violates unique constraint "dim_industry_pkey"
DETAIL:  Key (industry_metric)=(fund_info) already exists.
", "caller":"/mnt/c/Users/Admin/Downloads/Project/Github/ETL_Project/platforms/storage/datawarehouse/postgresql/datawarehouse_storage.py:51"}
{"time":"2026-01-02T09:25:13", "level":"ERROR", "message":"Insert failed: duplicate key value violates unique constraint "dim_industry_pkey"
DETAIL:  Key (industry_metric)=(fund_info) already exists.
", "caller":"/mnt/c/Users/Admin/Downloads/Project/Github/ETL_Project/platforms/storage/datawarehouse/postgresql/datawarehouse_storage.py:51"}
{"time":"2026-01-02T09:26:03", "level":"ERROR", "message":"Insert failed: duplicate key value violates unique constraint "dim_industry_pkey"
DETAIL:  Key (industry_metric)=(fund_info) already exists.
", "caller":"/mnt/c/Users/Admin/Downloads/Project/Github/ETL_Project/platforms/storage/datawarehouse/postgresql/datawarehouse_storage.py:51"}
{"time":"2026-01-02T09:50:53", "level":"ERROR", "message":"Insert failed: duplicate key value violates unique constraint "dim_industry_pkey"
DETAIL:  Key (industry_code)=() already exists.
", "caller":"/mnt/c/Users/Admin/Downloads/Project/Github/ETL_Project/platforms/storage/datawarehouse/postgresql/datawarehouse_storage.py:51"}
{"time":"2026-01-02T09:56:18", "level":"ERROR", "message":"Insert failed: duplicate key value violates unique constraint "dim_industry_pkey"
DETAIL:  Key (industry_code)=() already exists.
", "caller":"/mnt/c/Users/Admin/Downloads/Project/Github/ETL_Project/platforms/storage/datawarehouse/postgresql/datawarehouse_storage.py:51"}
{"time":"2026-01-02T10:27:21", "level":"ERROR", "message":"Insert failed: relation "dim_market_type" does not exist
LINE 1: INSERT INTO DIM_MARKET_TYPE (market_key, market_type, market...
                    ^
", "caller":"/mnt/c/Users/Admin/Downloads/Project/Github/ETL_Project/platforms/storage/datawarehouse/postgresql/datawarehouse_storage.py:51"}
{"time":"2026-01-03T12:26:41", "level":"ERROR", "message":"Insert failed: duplicate key value violates unique constraint "dim_market_type_pkey"
DETAIL:  Key (market_key)=(vnindex) already exists.
", "caller":"/mnt/c/Users/Admin/Downloads/Project/Github/ETL_Project/platforms/storage/datawarehouse/postgresql/datawarehouse_storage.py:51"}
{"time":"2026-01-03T12:35:18", "level":"ERROR", "message":"Insert failed: duplicate key value violates unique constraint "dim_market_type_pkey"
DETAIL:  Key (market_key)=(vnindex) already exists.
", "caller":"/mnt/c/Users/Admin/Downloads/Project/Github/ETL_Project/platforms/storage/datawarehouse/postgresql/datawarehouse_storage.py:51"}
{"time":"2026-01-03T12:40:27", "level":"ERROR", "message":"Insert failed: can't adapt type 'dict'", "caller":"/mnt/c/Users/Admin/Downloads/Project/Github/ETL_Project/platforms/storage/datawarehouse/postgresql/datawarehouse_storage.py:51"}
{"time":"2026-01-03T12:57:43", "level":"ERROR", "message":"Insert failed: column "company_key" of relation "dim_company" does not exist
LINE 1: INSERT INTO DW.DIM_COMPANY (company_key, symbol, company_nam...
                                    ^
", "caller":"/mnt/c/Users/Admin/Downloads/Project/Github/ETL_Project/platforms/storage/datawarehouse/postgresql/datawarehouse_storage.py:51"}
{"time":"2026-01-03T13:15:47", "level":"ERROR", "message":"Insert failed: column "symbol" of relation "dim_company" does not exist
LINE 1: INSERT INTO DW.DIM_COMPANY (symbol, company_name, full_name,...
                                    ^
", "caller":"/mnt/c/Users/Admin/Downloads/Project/Github/ETL_Project/platforms/storage/datawarehouse/postgresql/datawarehouse_storage.py:51"}
{"time":"2026-01-03T13:17:56", "level":"ERROR", "message":"Insert failed: column "company_key" of relation "dim_company" does not exist
LINE 1: INSERT INTO DW.DIM_COMPANY (company_key, symbol, company_nam...
                                    ^
", "caller":"/mnt/c/Users/Admin/Downloads/Project/Github/ETL_Project/platforms/storage/datawarehouse/postgresql/datawarehouse_storage.py:51"}
{"time":"2026-01-03T13:20:51", "level":"ERROR", "message":"Insert failed: invalid input syntax for type date: ""
LINE 1: ...tcombank.com.vn', 'webmaster@vietcombank.com.vn', '', '2009-...
                                                             ^
", "caller":"/mnt/c/Users/Admin/Downloads/Project/Github/ETL_Project/platforms/storage/datawarehouse/postgresql/datawarehouse_storage.py:51"}
{"time":"2026-01-05T22:11:36", "level":"ERROR", "message":"Execute failed: permission denied for schema public
LINE 2: CREATE TABLE IF NOT EXISTS public.FACT_TRADE (
                                   ^
", "caller":"/mnt/c/Users/Admin/Downloads/Project/Github/ETL_Project/platforms/storage/datawarehouse/postgresql/datawarehouse_storage.py:196"}
{"time":"2026-01-05T22:18:33", "level":"ERROR", "message":"Execute failed: permission denied for schema public
LINE 2: CREATE TABLE IF NOT EXISTS public.FACT_TRADE (
                                   ^
", "caller":"/mnt/c/Users/Admin/Downloads/Project/Github/ETL_Project/platforms/storage/datawarehouse/postgresql/datawarehouse_storage.py:196"}
{"time":"2026-01-10T09:06:53", "level":"ERROR", "message":"Execute failed: connection to server at "localhost" (127.0.0.1), port 5432 failed: FATAL:  password authentication failed for user "hungpham"
", "caller":"/mnt/c/Users/Admin/Downloads/Project/Github/ETL_Project/platforms/storage/datawarehouse/postgresql/datawarehouse_storage.py:196"}
{"time":"2026-01-10T09:06:53", "level":"ERROR", "message":"Insert failed: connection to server at "localhost" (127.0.0.1), port 5432 failed: FATAL:  password authentication failed for user "hungpham"
", "caller":"/mnt/c/Users/Admin/Downloads/Project/Github/ETL_Project/platforms/storage/datawarehouse/postgresql/datawarehouse_storage.py:51"}
{"time":"2026-01-10T09:06:53", "level":"ERROR", "message":"Execute failed: connection to server at "localhost" (127.0.0.1), port 5432 failed: FATAL:  password authentication failed for user "hungpham"
", "caller":"/mnt/c/Users/Admin/Downloads/Project/Github/ETL_Project/platforms/storage/datawarehouse/postgresql/datawarehouse_storage.py:196"}
{"time":"2026-01-10T09:06:53", "level":"ERROR", "message":"Insert failed: connection to server at "localhost" (127.0.0.1), port 5432 failed: FATAL:  password authentication failed for user "hungpham"
", "caller":"/mnt/c/Users/Admin/Downloads/Project/Github/ETL_Project/platforms/storage/datawarehouse/postgresql/datawarehouse_storage.py:51"}
{"time":"2026-01-10T09:14:57", "level":"ERROR", "message":"Execute failed: connection to server at "localhost" (127.0.0.1), port 5432 failed: FATAL:  password authentication failed for user "hungpham"
", "caller":"/mnt/c/Users/Admin/Downloads/Project/Github/ETL_Project/platforms/storage/datawarehouse/postgresql/datawarehouse_storage.py:196"}
{"time":"2026-01-10T09:14:57", "level":"ERROR", "message":"Insert failed: connection to server at "localhost" (127.0.0.1), port 5432 failed: FATAL:  password authentication failed for user "hungpham"
", "caller":"/mnt/c/Users/Admin/Downloads/Project/Github/ETL_Project/platforms/storage/datawarehouse/postgresql/datawarehouse_storage.py:51"}
{"time":"2026-01-10T09:14:57", "level":"ERROR", "message":"Execute failed: connection to server at "localhost" (127.0.0.1), port 5432 failed: FATAL:  password authentication failed for user "hungpham"
", "caller":"/mnt/c/Users/Admin/Downloads/Project/Github/ETL_Project/platforms/storage/datawarehouse/postgresql/datawarehouse_storage.py:196"}
{"time":"2026-01-10T09:14:58", "level":"ERROR", "message":"Insert failed: connection to server at "localhost" (127.0.0.1), port 5432 failed: FATAL:  password authentication failed for user "hungpham"
", "caller":"/mnt/c/Users/Admin/Downloads/Project/Github/ETL_Project/platforms/storage/datawarehouse/postgresql/datawarehouse_storage.py:51"}
{"time":"2026-01-10T09:14:58", "level":"ERROR", "message":"Query failed: connection to server at "localhost" (127.0.0.1), port 5432 failed: FATAL:  password authentication failed for user "hungpham"
", "caller":"/mnt/c/Users/Admin/Downloads/Project/Github/ETL_Project/platforms/storage/datawarehouse/postgresql/datawarehouse_storage.py:217"}
{"time":"2026-01-10T11:16:19", "level":"ERROR", "message":"Insert failed: column "market_key" of relation "dim_market_type" does not exist
LINE 1: INSERT INTO DW.DIM_MARKET_TYPE (market_key, market_type, mar...
                                        ^
", "caller":"/mnt/c/Users/Admin/Downloads/Project/Github/ETL_Project/platforms/storage/datawarehouse/postgresql/datawarehouse_storage.py:51"}
{"time":"2026-01-10T11:16:18", "level":"ERROR", "message":"Query failed: relation "dw.dim_company" does not exist
LINE 1: SELECT * FROM dw.dim_company WHERE company_key = 'VCB' AND i...
                      ^
", "caller":"/mnt/c/Users/Admin/Downloads/Project/Github/ETL_Project/platforms/storage/datawarehouse/postgresql/datawarehouse_storage.py:217"}
{"time":"2026-01-10T11:18:19", "level":"ERROR", "message":"Insert failed: column "market_key" of relation "dim_market_type" does not exist
LINE 1: INSERT INTO DW.DIM_MARKET_TYPE (market_key, market_type, mar...
                                        ^
", "caller":"/mnt/c/Users/Admin/Downloads/Project/Github/ETL_Project/platforms/storage/datawarehouse/postgresql/datawarehouse_storage.py:51"}
{"time":"2026-01-10T11:20:23", "level":"ERROR", "message":"Insert failed: column "market_key" of relation "dim_market_type" does not exist
LINE 1: INSERT INTO DW.DIM_MARKET_TYPE (market_key, market_type, mar...
                                        ^
", "caller":"/mnt/c/Users/Admin/Downloads/Project/Github/ETL_Project/platforms/storage/datawarehouse/postgresql/datawarehouse_storage.py:51"}
{"time":"2026-01-10T11:31:30", "level":"ERROR", "message":"Insert failed: column "market_key" of relation "dim_market_type" does not exist
LINE 1: INSERT INTO DW.DIM_MARKET_TYPE (market_key, market_type, mar...
                                        ^
", "caller":"/mnt/c/Users/Admin/Downloads/Project/Github/ETL_Project/platforms/storage/datawarehouse/postgresql/datawarehouse_storage.py:51"}
{"time":"2026-01-10T12:31:22", "level":"ERROR", "message":"Insert failed: column "market_key" of relation "dim_market_type" does not exist
LINE 1: INSERT INTO DW.DIM_MARKET_TYPE (market_key, market_type, mar...
                                        ^
", "caller":"/mnt/c/Users/Admin/Downloads/Project/Github/ETL_Project/platforms/storage/datawarehouse/postgresql/datawarehouse_storage.py:51"}
{"time":"2026-01-10T12:52:04", "level":"ERROR", "message":"Insert failed: column "market_key" of relation "dim_market_type" does not exist
LINE 1: INSERT INTO DW.DIM_MARKET_TYPE (market_key, market_type, mar...
                                        ^
", "caller":"/mnt/c/Users/Admin/Downloads/Project/Github/ETL_Project/platforms/storage/datawarehouse/postgresql/datawarehouse_storage.py:51"}
{"time":"2026-01-10T17:28:40", "level":"ERROR", "message":"Insert failed: column "market_key" of relation "dim_market_type" does not exist
LINE 1: INSERT INTO DW.DIM_MARKET_TYPE (market_key, market_type, mar...
                                        ^
", "caller":"/mnt/c/Users/Admin/Downloads/Project/Github/ETL_Project/platforms/storage/datawarehouse/postgresql/datawarehouse_storage.py:51"}
{"time":"2026-01-10T17:48:55", "level":"ERROR", "message":"Insert failed: column "market_key" of relation "dim_market_type" does not exist
LINE 1: INSERT INTO DW.DIM_MARKET_TYPE (market_key, market_type, mar...
                                        ^
", "caller":"/mnt/c/Users/Admin/Downloads/Project/Github/ETL_Project/platforms/storage/datawarehouse/postgresql/datawarehouse_storage.py:51"}
{"time":"2026-01-10T17:49:43", "level":"ERROR", "message":"Execute failed: multiple primary keys for table "dim_market_type" are not allowed
LINE 4:   "market_type" TEXT PRIMARY KEY,
                             ^
", "caller":"/mnt/c/Users/Admin/Downloads/Project/Github/ETL_Project/platforms/storage/datawarehouse/postgresql/datawarehouse_storage.py:196"}
{"time":"2026-01-10T17:49:43", "level":"ERROR", "message":"Insert failed: relation "dw.dim_market_type" does not exist
LINE 1: INSERT INTO DW.DIM_MARKET_TYPE (market_key, market_type, mar...
                    ^
", "caller":"/mnt/c/Users/Admin/Downloads/Project/Github/ETL_Project/platforms/storage/datawarehouse/postgresql/datawarehouse_storage.py:51"}
{"time":"2026-01-10T18:06:03", "level":"ERROR", "message":"Insert failed: duplicate key value violates unique constraint "dim_industry_pkey"
DETAIL:  Key (industry_key)=(financial_info_) already exists.
", "caller":"/mnt/c/Users/Admin/Downloads/Project/Github/ETL_Project/platforms/storage/datawarehouse/postgresql/datawarehouse_storage.py:51"}
{"time":"2026-01-10T18:25:09", "level":"ERROR", "message":"Query failed: relation "dw.dim_company" does not exist
LINE 1: SELECT * FROM dw.dim_company WHERE company_key = 'VCB' AND i...
                      ^
", "caller":"/mnt/c/Users/Admin/Downloads/Project/Github/ETL_Project/platforms/storage/datawarehouse/postgresql/datawarehouse_storage.py:217"}
{"time":"2026-01-10T18:28:20", "level":"ERROR", "message":"Execute failed: relation "dim_market_type" does not exist
", "caller":"/mnt/c/Users/Admin/Downloads/Project/Github/ETL_Project/platforms/storage/datawarehouse/postgresql/datawarehouse_storage.py:196"}
{"time":"2026-01-10T18:28:20", "level":"ERROR", "message":"Insert failed: relation "dw.dim_company" does not exist
LINE 1: INSERT INTO DW.DIM_COMPANY (company_key, symbol, company_nam...
                    ^
", "caller":"/mnt/c/Users/Admin/Downloads/Project/Github/ETL_Project/platforms/storage/datawarehouse/postgresql/datawarehouse_storage.py:51"}
{"time":"2026-01-10T18:59:44", "level":"ERROR", "message":"Execute failed: relation "dim_market_type" does not exist
", "caller":"/mnt/c/Users/Admin/Downloads/Project/Github/ETL_Project/platforms/storage/datawarehouse/postgresql/datawarehouse_storage.py:196"}
{"time":"2026-01-10T18:59:44", "level":"ERROR", "message":"Insert failed: can't adapt type 'dict'", "caller":"/mnt/c/Users/Admin/Downloads/Project/Github/ETL_Project/platforms/storage/datawarehouse/postgresql/datawarehouse_storage.py:51"}
{"time":"2026-01-10T19:23:56", "level":"ERROR", "message":"Execute failed: relation "dim_market_type" does not exist
", "caller":"/mnt/c/Users/Admin/Downloads/Project/Github/ETL_Project/platforms/storage/datawarehouse/postgresql/datawarehouse_storage.py:196"}
{"time":"2026-01-10T19:23:56", "level":"ERROR", "message":"Insert failed: relation "private.dim_company" does not exist
LINE 1: INSERT INTO PRIVATE.DIM_COMPANY (company_key, symbol, compan...
                    ^
", "caller":"/mnt/c/Users/Admin/Downloads/Project/Github/ETL_Project/platforms/storage/datawarehouse/postgresql/datawarehouse_storage.py:51"}
{"time":"2026-01-10T19:24:38", "level":"ERROR", "message":"Execute failed: relation "dim_market_type" does not exist
", "caller":"/mnt/c/Users/Admin/Downloads/Project/Github/ETL_Project/platforms/storage/datawarehouse/postgresql/datawarehouse_storage.py:196"}
{"time":"2026-01-10T19:24:38", "level":"ERROR", "message":"Insert failed: relation "dw.dim_company" does not exist
LINE 1: INSERT INTO DW.DIM_COMPANY (company_key, symbol, company_nam...
                    ^
", "caller":"/mnt/c/Users/Admin/Downloads/Project/Github/ETL_Project/platforms/storage/datawarehouse/postgresql/datawarehouse_storage.py:51"}
{"time":"2026-01-10T19:32:11", "level":"ERROR", "message":"Execute failed: there is no unique constraint matching given keys for referenced table "dim_industry"
", "caller":"/mnt/c/Users/Admin/Downloads/Project/Github/ETL_Project/platforms/storage/datawarehouse/postgresql/datawarehouse_storage.py:196"}
{"time":"2026-01-10T19:32:11", "level":"ERROR", "message":"Insert failed: relation "dw.dim_company" does not exist
LINE 1: INSERT INTO DW.DIM_COMPANY (company_key, symbol, company_nam...
                    ^
", "caller":"/mnt/c/Users/Admin/Downloads/Project/Github/ETL_Project/platforms/storage/datawarehouse/postgresql/datawarehouse_storage.py:51"}
{"time":"2026-01-10T19:56:18", "level":"ERROR", "message":"Execute failed: relation "dim_industry" does not exist
", "caller":"/mnt/c/Users/Admin/Downloads/Project/Github/ETL_Project/platforms/storage/datawarehouse/postgresql/datawarehouse_storage.py:196"}
{"time":"2026-01-10T19:56:18", "level":"ERROR", "message":"Insert failed: relation "dw.dim_company" does not exist
LINE 1: INSERT INTO DW.DIM_COMPANY (company_key, symbol, company_nam...
                    ^
", "caller":"/mnt/c/Users/Admin/Downloads/Project/Github/ETL_Project/platforms/storage/datawarehouse/postgresql/datawarehouse_storage.py:51"}
{"time":"2026-01-10T19:56:43", "level":"ERROR", "message":"Execute failed: relation "dim_industry" does not exist
", "caller":"/mnt/c/Users/Admin/Downloads/Project/Github/ETL_Project/platforms/storage/datawarehouse/postgresql/datawarehouse_storage.py:196"}
{"time":"2026-01-10T19:56:43", "level":"ERROR", "message":"Insert failed: relation "dw.dim_company" does not exist
LINE 1: INSERT INTO DW.DIM_COMPANY (company_key, symbol, company_nam...
                    ^
", "caller":"/mnt/c/Users/Admin/Downloads/Project/Github/ETL_Project/platforms/storage/datawarehouse/postgresql/datawarehouse_storage.py:51"}
{"time":"2026-01-11T09:26:51", "level":"ERROR", "message":"Execute failed: relation "dim_industry" does not exist
", "caller":"/mnt/c/Users/Admin/Downloads/Project/Github/ETL_Project/platforms/storage/datawarehouse/postgresql/datawarehouse_storage.py:196"}
{"time":"2026-01-11T09:26:51", "level":"ERROR", "message":"Insert failed: relation "dw.dim_company" does not exist
LINE 1: INSERT INTO DW.DIM_COMPANY (company_key, symbol, company_nam...
                    ^
", "caller":"/mnt/c/Users/Admin/Downloads/Project/Github/ETL_Project/platforms/storage/datawarehouse/postgresql/datawarehouse_storage.py:51"}
{"time":"2026-01-11T09:44:34", "level":"ERROR", "message":"Insert failed: column "industry_sk" of relation "dim_industry" does not exist
LINE 1: INSERT INTO DW.DIM_INDUSTRY (industry_sk, industry_key, indu...
                                     ^
", "caller":"/mnt/c/Users/Admin/Downloads/Project/Github/ETL_Project/platforms/storage/datawarehouse/postgresql/datawarehouse_storage.py:51"}
{"time":"2026-01-11T09:45:38", "level":"ERROR", "message":"Execute failed: relation "dim_industry" does not exist
", "caller":"/mnt/c/Users/Admin/Downloads/Project/Github/ETL_Project/platforms/storage/datawarehouse/postgresql/datawarehouse_storage.py:196"}
{"time":"2026-01-11T09:45:39", "level":"ERROR", "message":"Insert failed: relation "dw.dim_company" does not exist
LINE 1: INSERT INTO DW.DIM_COMPANY (company_key, symbol, company_nam...
                    ^
", "caller":"/mnt/c/Users/Admin/Downloads/Project/Github/ETL_Project/platforms/storage/datawarehouse/postgresql/datawarehouse_storage.py:51"}
{"time":"2026-01-11T09:54:32", "level":"ERROR", "message":"Execute failed: column "industry_sk" referenced in foreign key constraint does not exist
", "caller":"/mnt/c/Users/Admin/Downloads/Project/Github/ETL_Project/platforms/storage/datawarehouse/postgresql/datawarehouse_storage.py:196"}
{"time":"2026-01-11T09:54:32", "level":"ERROR", "message":"Insert failed: relation "dw.dim_company" does not exist
LINE 1: INSERT INTO DW.DIM_COMPANY (company_key, symbol, company_nam...
                    ^
", "caller":"/mnt/c/Users/Admin/Downloads/Project/Github/ETL_Project/platforms/storage/datawarehouse/postgresql/datawarehouse_storage.py:51"}
{"time":"2026-01-11T10:06:32", "level":"ERROR", "message":"Insert failed: invalid input syntax for type timestamp with time zone: ""
LINE 1: ...tcombank.com.vn', '2009-06-30', NULL, NULL, NULL, '', NULL, ...
                                                             ^
", "caller":"/mnt/c/Users/Admin/Downloads/Project/Github/ETL_Project/platforms/storage/datawarehouse/postgresql/datawarehouse_storage.py:51"}
{"time":"2026-01-11T10:41:47", "level":"ERROR", "message":"Insert failed: duplicate key value violates unique constraint "dim_report_type_pkey"
DETAIL:  Key (report_type_key)=(Y) already exists.
", "caller":"/mnt/c/Users/Admin/Downloads/Project/Github/ETL_Project/platforms/storage/datawarehouse/postgresql/datawarehouse_storage.py:51"}
{"time":"2026-01-11T15:39:02", "level":"ERROR", "message":"Insert failed: 'Earning_Per_Share(EPS'", "caller":"/mnt/c/Users/Admin/Downloads/Project/Github/ETL_Project/platforms/storage/datawarehouse/postgresql/datawarehouse_storage.py:51"}
{"time":"2026-01-11T16:10:02", "level":"ERROR", "message":"Insert failed: 'Earning_Per_Share(EPS'", "caller":"/mnt/c/Users/Admin/Downloads/Project/Github/ETL_Project/platforms/storage/datawarehouse/postgresql/datawarehouse_storage.py:51"}
{"time":"2026-01-11T22:16:22", "level":"ERROR", "message":"Insert failed: syntax error at or near "/"
LINE 1: ...k_Value, Earning_Per_Share_EPS, Price_on_Earning_P/E, Return...
                                                             ^
", "caller":"/mnt/c/Users/Admin/Downloads/Project/Github/ETL_Project/platforms/storage/datawarehouse/postgresql/datawarehouse_storage.py:51"}
{"time":"2026-01-11T22:17:25", "level":"ERROR", "message":"Insert failed: column "percentage_change" of relation "fact_industry_summary" does not exist
LINE 1: ...sk, industry_code, industry_name, industry_index, Percentage...
                                                             ^
", "caller":"/mnt/c/Users/Admin/Downloads/Project/Github/ETL_Project/platforms/storage/datawarehouse/postgresql/datawarehouse_storage.py:51"}
{"time":"2026-01-11T22:30:53", "level":"ERROR", "message":"Insert failed: invalid input syntax for type double precision: "0.000.00%"
LINE 1: ...S ('798026212311044096', '^hastc', 'HNX', '0.00', '0.000.00%...
                                                             ^
", "caller":"/mnt/c/Users/Admin/Downloads/Project/Github/ETL_Project/platforms/storage/datawarehouse/postgresql/datawarehouse_storage.py:51"}
{"time":"2026-01-11T22:40:19", "level":"ERROR", "message":"Insert failed: invalid input syntax for type double precision: "13,029,058,299"
LINE 1: ...8026212311044096', '^hastc', 'HNX', '0.00', NULL, '13,029,05...
                                                             ^
", "caller":"/mnt/c/Users/Admin/Downloads/Project/Github/ETL_Project/platforms/storage/datawarehouse/postgresql/datawarehouse_storage.py:51"}
{"time":"2026-01-11T22:52:00", "level":"ERROR", "message":"Insert failed: null value in column "industry_metric" of relation "fact_industry_summary" violates not-null constraint
DETAIL:  Failing row contains (798026212311044096, null, ^hastc, HNX, 0, null, 13029058299, 327280.1, null, null, null, 14.03, 3.64, 11.18, 13029058299, 641151166, 208714092, 432445633, 207, 33, 362258905, 23326611, 2026-01-11 15:51:56.406591+00, 2026-01-08 13:23:08.380185+00).
", "caller":"/mnt/c/Users/Admin/Downloads/Project/Github/ETL_Project/platforms/storage/datawarehouse/postgresql/datawarehouse_storage.py:51"}
{"time":"2026-01-12T10:10:25", "level":"ERROR", "message":"Insert failed: column "earning_per_share_eps" of relation "fact_financial_metrics" does not exist
LINE 1: ...price, high_price, low_price, volume, book_value, earning_pe...
                                                             ^
", "caller":"/mnt/c/Users/Admin/Downloads/Project/Github/ETL_Project/platforms/storage/datawarehouse/postgresql/datawarehouse_storage.py:51"}
{"time":"2026-01-12T10:26:59", "level":"ERROR", "message":"Insert failed: invalid input syntax for type numeric: "34.0K  /22.8K"
LINE 1: ...68', NULL, '69.90', '72.70', '69.60', '13737200', '34.0K  /2...
                                                             ^
", "caller":"/mnt/c/Users/Admin/Downloads/Project/Github/ETL_Project/platforms/storage/datawarehouse/postgresql/datawarehouse_storage.py:51"}
{"time":"2026-01-12T10:40:38", "level":"ERROR", "message":"Insert failed: invalid input syntax for type numeric: "6.2K  /4.1K"
LINE 1: ...', '72.70', '69.60', '13737200', '34.0K  /22.8K', '6.2K  /4....
                                                             ^
", "caller":"/mnt/c/Users/Admin/Downloads/Project/Github/ETL_Project/platforms/storage/datawarehouse/postgresql/datawarehouse_storage.py:51"}
{"time":"2026-01-12T10:50:00", "level":"ERROR", "message":"Insert failed: invalid input syntax for type numeric: "6.2K  /4.1K"
LINE 1: ...', '72.70', '69.60', '13737200', '34.0K  /22.8K', '6.2K  /4....
                                                             ^
", "caller":"/mnt/c/Users/Admin/Downloads/Project/Github/ETL_Project/platforms/storage/datawarehouse/postgresql/datawarehouse_storage.py:51"}
{"time":"2026-01-12T10:50:42", "level":"ERROR", "message":"Insert failed: invalid input syntax for type numeric: "6.2K  /4.1K"
LINE 1: ...', '72.70', '69.60', '13737200', '34.0K  /22.8K', '6.2K  /4....
                                                             ^
", "caller":"/mnt/c/Users/Admin/Downloads/Project/Github/ETL_Project/platforms/storage/datawarehouse/postgresql/datawarehouse_storage.py:51"}
{"time":"2026-01-12T10:51:31", "level":"ERROR", "message":"Insert failed: value too long for type character varying(12)
", "caller":"/mnt/c/Users/Admin/Downloads/Project/Github/ETL_Project/platforms/storage/datawarehouse/postgresql/datawarehouse_storage.py:51"}
{"time":"2026-01-12T10:52:32", "level":"ERROR", "message":"Insert failed: null value in column "company_name" of relation "fact_financial_metrics" violates not-null constraint
DETAIL:  Failing row contains (798398951379177472, 798392516171796480, 68, null, 69.90, 72.70, 69.60, 13737200, 34.0K  /22.8K, 6.2K  /4.1K, 9.2x /13.7x, 1.7x /2.5x, null, null, 0.9, 318,578 Bi, 8,356 Mi
					 /8,356Mi, 1871639, 67.3 - 52.5, 1,742,176 Bi, 190,186 Bi, 916.0%, 9.84%, 26,907 Bi, 95%, 92%, 3.9/5, 17%, 47%, 2026-01-12 02:50:36.975422).
", "caller":"/mnt/c/Users/Admin/Downloads/Project/Github/ETL_Project/platforms/storage/datawarehouse/postgresql/datawarehouse_storage.py:51"}
{"time":"2026-01-12T10:53:22", "level":"ERROR", "message":"Insert failed: duplicate key value violates unique constraint "fact_financial_metrics_pkey"
DETAIL:  Key (financial_ratio_key)=(798399169130663936) already exists.
", "caller":"/mnt/c/Users/Admin/Downloads/Project/Github/ETL_Project/platforms/storage/datawarehouse/postgresql/datawarehouse_storage.py:51"}
{"time":"2026-01-12T12:49:54", "level":"ERROR", "message":"Insert failed: column "plan_revenue" of relation "fact_business_plan" does not exist
LINE 1: ...SINESS_PLAN (plan_key, company_key, symbol, year, plan_reven...
                                                             ^
", "caller":"/mnt/c/Users/Admin/Downloads/Project/Github/ETL_Project/platforms/storage/datawarehouse/postgresql/datawarehouse_storage.py:51"}
{"time":"2026-01-12T12:54:35", "level":"ERROR", "message":"Insert failed: column "plan_revenue" of relation "fact_business_plan" does not exist
LINE 1: ...SINESS_PLAN (plan_key, company_key, symbol, year, plan_reven...
                                                             ^
", "caller":"/mnt/c/Users/Admin/Downloads/Project/Github/ETL_Project/platforms/storage/datawarehouse/postgresql/datawarehouse_storage.py:51"}
{"time":"2026-01-12T12:58:05", "level":"ERROR", "message":"Insert failed: duplicate key value violates unique constraint "fact_business_plan_pkey"
DETAIL:  Key (plan_key)=(798430535952109568) already exists.
", "caller":"/mnt/c/Users/Admin/Downloads/Project/Github/ETL_Project/platforms/storage/datawarehouse/postgresql/datawarehouse_storage.py:51"}
{"time":"2026-01-12T12:59:21", "level":"ERROR", "message":"Insert failed: duplicate key value violates unique constraint "fact_business_plan_pkey"
DETAIL:  Key (plan_key)=(798430895387185152) already exists.
", "caller":"/mnt/c/Users/Admin/Downloads/Project/Github/ETL_Project/platforms/storage/datawarehouse/postgresql/datawarehouse_storage.py:51"}
{"time":"2026-01-12T13:06:16", "level":"ERROR", "message":"Insert failed: duplicate key value violates unique constraint "fact_business_plan_pkey"
DETAIL:  Key (plan_key)=(798432584081084416) already exists.
", "caller":"/mnt/c/Users/Admin/Downloads/Project/Github/ETL_Project/platforms/storage/datawarehouse/postgresql/datawarehouse_storage.py:51"}
{"time":"2026-01-12T13:13:19", "level":"ERROR", "message":"Insert failed: duplicate key value violates unique constraint "fact_business_plan_pkey"
DETAIL:  Key (plan_key)=(798434413791678464) already exists.
", "caller":"/mnt/c/Users/Admin/Downloads/Project/Github/ETL_Project/platforms/storage/datawarehouse/postgresql/datawarehouse_storage.py:51"}
{"time":"2026-01-12T13:57:07", "level":"ERROR", "message":"Insert failed: value too long for type character varying(32)
", "caller":"/mnt/c/Users/Admin/Downloads/Project/Github/ETL_Project/platforms/storage/datawarehouse/postgresql/datawarehouse_storage.py:51"}
{"time":"2026-01-12T13:58:04", "level":"ERROR", "message":"Insert failed: value too long for type character varying(32)
", "caller":"/mnt/c/Users/Admin/Downloads/Project/Github/ETL_Project/platforms/storage/datawarehouse/postgresql/datawarehouse_storage.py:51"}
{"time":"2026-01-12T13:58:27", "level":"ERROR", "message":"Insert failed: value too long for type character varying(32)
", "caller":"/mnt/c/Users/Admin/Downloads/Project/Github/ETL_Project/platforms/storage/datawarehouse/postgresql/datawarehouse_storage.py:51"}
{"time":"2026-01-12T14:02:36", "level":"ERROR", "message":"Insert failed: value too long for type character varying(32)
", "caller":"/mnt/c/Users/Admin/Downloads/Project/Github/ETL_Project/platforms/storage/datawarehouse/postgresql/datawarehouse_storage.py:51"}
{"time":"2026-01-12T14:05:09", "level":"ERROR", "message":"Insert failed: duplicate key value violates unique constraint "fact_financial_metrics_pkey"
DETAIL:  Key (financial_ratio_key)=(fact_financial_metrics_798447434987474944) already exists.
", "caller":"/mnt/c/Users/Admin/Downloads/Project/Github/ETL_Project/platforms/storage/datawarehouse/postgresql/datawarehouse_storage.py:51"}
{"time":"2026-01-12T14:11:32", "level":"ERROR", "message":"Insert failed: duplicate key value violates unique constraint "fact_financial_metrics_pkey"
DETAIL:  Key (financial_ratio_key)=(fact_financial_metrics_798449027157856256) already exists.
", "caller":"/mnt/c/Users/Admin/Downloads/Project/Github/ETL_Project/platforms/storage/datawarehouse/postgresql/datawarehouse_storage.py:51"}
{"time":"2026-01-14T23:10:13", "level":"WARNING", "message":"Metric_vi TÀI SẢN is not supported", "caller":"/mnt/c/Users/Admin/Downloads/Project/Github/ETL_Project/platforms/ingestion/cophieu68/load/load_datawarehouse_cophieu68.py:543"}
{"time":"2026-01-14T23:10:13", "level":"WARNING", "message":"Metric_vi NGUỒN VỐN is not supported", "caller":"/mnt/c/Users/Admin/Downloads/Project/Github/ETL_Project/platforms/ingestion/cophieu68/load/load_datawarehouse_cophieu68.py:543"}
{"time":"2026-01-14T23:10:13", "level":"WARNING", "message":"Metric_vi V. Vốn tài trợ uỷ thác đầu tư mà ngân hàng chịu rủi ro is not supported", "caller":"/mnt/c/Users/Admin/Downloads/Project/Github/ETL_Project/platforms/ingestion/cophieu68/load/load_datawarehouse_cophieu68.py:543"}
{"time":"2026-01-14T23:10:13", "level":"WARNING", "message":"Metric_vi 2.Thuế TNDN hoãn lại phải trả is not supported", "caller":"/mnt/c/Users/Admin/Downloads/Project/Github/ETL_Project/platforms/ingestion/cophieu68/load/load_datawarehouse_cophieu68.py:543"}
{"time":"2026-01-14T23:10:13", "level":"WARNING", "message":"Metric_vi 6. Nguồn kinh phí Quỹ khác is not supported", "caller":"/mnt/c/Users/Admin/Downloads/Project/Github/ETL_Project/platforms/ingestion/cophieu68/load/load_datawarehouse_cophieu68.py:543"}
{"time":"2026-01-14T23:10:13", "level":"WARNING", "message":"Metric_vi TÀI SẢN is not supported", "caller":"/mnt/c/Users/Admin/Downloads/Project/Github/ETL_Project/platforms/ingestion/cophieu68/load/load_datawarehouse_cophieu68.py:543"}
{"time":"2026-01-14T23:10:13", "level":"WARNING", "message":"Metric_vi A. Tài sản lưu động và đầu tư ngắn hạn is not supported", "caller":"/mnt/c/Users/Admin/Downloads/Project/Github/ETL_Project/platforms/ingestion/cophieu68/load/load_datawarehouse_cophieu68.py:543"}
{"time":"2026-01-14T23:10:13", "level":"WARNING", "message":"Metric_vi I. Tiền và các khoản tương đương tiền is not supported", "caller":"/mnt/c/Users/Admin/Downloads/Project/Github/ETL_Project/platforms/ingestion/cophieu68/load/load_datawarehouse_cophieu68.py:543"}
{"time":"2026-01-14T23:10:13", "level":"WARNING", "message":"Metric_vi 1. Tiền is not supported", "caller":"/mnt/c/Users/Admin/Downloads/Project/Github/ETL_Project/platforms/ingestion/cophieu68/load/load_datawarehouse_cophieu68.py:543"}
{"time":"2026-01-14T23:10:13", "level":"WARNING", "message":"Metric_vi 2. Các khoản tương đương tiền is not supported", "caller":"/mnt/c/Users/Admin/Downloads/Project/Github/ETL_Project/platforms/ingestion/cophieu68/load/load_datawarehouse_cophieu68.py:543"}
{"time":"2026-01-14T23:10:13", "level":"WARNING", "message":"Metric_vi II. Các khoản đầu tư tài chính ngắn hạn is not supported", "caller":"/mnt/c/Users/Admin/Downloads/Project/Github/ETL_Project/platforms/ingestion/cophieu68/load/load_datawarehouse_cophieu68.py:543"}
{"time":"2026-01-14T23:10:13", "level":"WARNING", "message":"Metric_vi 3. Đầu tư nắm giữ đến ngày đáo hạn is not supported", "caller":"/mnt/c/Users/Admin/Downloads/Project/Github/ETL_Project/platforms/ingestion/cophieu68/load/load_datawarehouse_cophieu68.py:543"}
{"time":"2026-01-14T23:10:13", "level":"WARNING", "message":"Metric_vi III. Các khoản phải thu ngắn hạn is not supported", "caller":"/mnt/c/Users/Admin/Downloads/Project/Github/ETL_Project/platforms/ingestion/cophieu68/load/load_datawarehouse_cophieu68.py:543"}
{"time":"2026-01-14T23:10:13", "level":"WARNING", "message":"Metric_vi 1. Phải thu ngắn hạn của khách hàng is not supported", "caller":"/mnt/c/Users/Admin/Downloads/Project/Github/ETL_Project/platforms/ingestion/cophieu68/load/load_datawarehouse_cophieu68.py:543"}
{"time":"2026-01-14T23:10:13", "level":"WARNING", "message":"Metric_vi 2. Trả trước cho người bán is not supported", "caller":"/mnt/c/Users/Admin/Downloads/Project/Github/ETL_Project/platforms/ingestion/cophieu68/load/load_datawarehouse_cophieu68.py:543"}
{"time":"2026-01-14T23:10:13", "level":"WARNING", "message":"Metric_vi 3. Phải thu nội bộ ngắn hạn is not supported", "caller":"/mnt/c/Users/Admin/Downloads/Project/Github/ETL_Project/platforms/ingestion/cophieu68/load/load_datawarehouse_cophieu68.py:543"}
{"time":"2026-01-14T23:10:14", "level":"WARNING", "message":"Metric_vi 4. Phải thu theo tiến độ hợp đồng xây dựng is not supported", "caller":"/mnt/c/Users/Admin/Downloads/Project/Github/ETL_Project/platforms/ingestion/cophieu68/load/load_datawarehouse_cophieu68.py:543"}
{"time":"2026-01-14T23:10:14", "level":"WARNING", "message":"Metric_vi 5. Phải thu về cho vay ngắn hạn is not supported", "caller":"/mnt/c/Users/Admin/Downloads/Project/Github/ETL_Project/platforms/ingestion/cophieu68/load/load_datawarehouse_cophieu68.py:543"}
{"time":"2026-01-14T23:10:14", "level":"WARNING", "message":"Metric_vi 6. Phải thu ngắn hạn khác is not supported", "caller":"/mnt/c/Users/Admin/Downloads/Project/Github/ETL_Project/platforms/ingestion/cophieu68/load/load_datawarehouse_cophieu68.py:543"}
{"time":"2026-01-14T23:10:14", "level":"WARNING", "message":"Metric_vi 7. Dự phòng phải thu ngắn hạn khó đòi is not supported", "caller":"/mnt/c/Users/Admin/Downloads/Project/Github/ETL_Project/platforms/ingestion/cophieu68/load/load_datawarehouse_cophieu68.py:543"}
{"time":"2026-01-14T23:10:14", "level":"WARNING", "message":"Metric_vi IV. Tổng hàng tồn kho is not supported", "caller":"/mnt/c/Users/Admin/Downloads/Project/Github/ETL_Project/platforms/ingestion/cophieu68/load/load_datawarehouse_cophieu68.py:543"}
{"time":"2026-01-14T23:10:14", "level":"WARNING", "message":"Metric_vi 1. Hàng tồn kho is not supported", "caller":"/mnt/c/Users/Admin/Downloads/Project/Github/ETL_Project/platforms/ingestion/cophieu68/load/load_datawarehouse_cophieu68.py:543"}
{"time":"2026-01-14T23:10:14", "level":"WARNING", "message":"Metric_vi 2. Dự phòng giảm giá hàng tồn kho is not supported", "caller":"/mnt/c/Users/Admin/Downloads/Project/Github/ETL_Project/platforms/ingestion/cophieu68/load/load_datawarehouse_cophieu68.py:543"}
{"time":"2026-01-14T23:10:14", "level":"WARNING", "message":"Metric_vi V. Tài sản ngắn hạn khác is not supported", "caller":"/mnt/c/Users/Admin/Downloads/Project/Github/ETL_Project/platforms/ingestion/cophieu68/load/load_datawarehouse_cophieu68.py:543"}
{"time":"2026-01-14T23:10:14", "level":"WARNING", "message":"Metric_vi 1. Chi phí trả trước ngắn hạn is not supported", "caller":"/mnt/c/Users/Admin/Downloads/Project/Github/ETL_Project/platforms/ingestion/cophieu68/load/load_datawarehouse_cophieu68.py:543"}
{"time":"2026-01-14T23:10:14", "level":"WARNING", "message":"Metric_vi 2. Thuế giá trị gia tăng được khấu trừ is not supported", "caller":"/mnt/c/Users/Admin/Downloads/Project/Github/ETL_Project/platforms/ingestion/cophieu68/load/load_datawarehouse_cophieu68.py:543"}
{"time":"2026-01-14T23:10:14", "level":"WARNING", "message":"Metric_vi 3. Thuế và các khoản phải thu Nhà nước is not supported", "caller":"/mnt/c/Users/Admin/Downloads/Project/Github/ETL_Project/platforms/ingestion/cophieu68/load/load_datawarehouse_cophieu68.py:543"}
{"time":"2026-01-14T23:10:14", "level":"WARNING", "message":"Metric_vi 4. Giao dịch mua bán lại trái phiếu chính phủ is not supported", "caller":"/mnt/c/Users/Admin/Downloads/Project/Github/ETL_Project/platforms/ingestion/cophieu68/load/load_datawarehouse_cophieu68.py:543"}
{"time":"2026-01-14T23:10:14", "level":"WARNING", "message":"Metric_vi 5. Tài sản ngắn hạn khác is not supported", "caller":"/mnt/c/Users/Admin/Downloads/Project/Github/ETL_Project/platforms/ingestion/cophieu68/load/load_datawarehouse_cophieu68.py:543"}
{"time":"2026-01-14T23:10:14", "level":"WARNING", "message":"Metric_vi B. Tài sản cố định và đầu tư dài hạn is not supported", "caller":"/mnt/c/Users/Admin/Downloads/Project/Github/ETL_Project/platforms/ingestion/cophieu68/load/load_datawarehouse_cophieu68.py:543"}
{"time":"2026-01-14T23:10:14", "level":"WARNING", "message":"Metric_vi I. Các khoản phải thu dài hạn is not supported", "caller":"/mnt/c/Users/Admin/Downloads/Project/Github/ETL_Project/platforms/ingestion/cophieu68/load/load_datawarehouse_cophieu68.py:543"}
{"time":"2026-01-14T23:10:14", "level":"WARNING", "message":"Metric_vi 1. Phải thu dài hạn của khách hàng is not supported", "caller":"/mnt/c/Users/Admin/Downloads/Project/Github/ETL_Project/platforms/ingestion/cophieu68/load/load_datawarehouse_cophieu68.py:543"}
{"time":"2026-01-14T23:10:14", "level":"WARNING", "message":"Metric_vi 2. Vốn kinh doanh tại các đơn vị trực thuộc is not supported", "caller":"/mnt/c/Users/Admin/Downloads/Project/Github/ETL_Project/platforms/ingestion/cophieu68/load/load_datawarehouse_cophieu68.py:543"}
{"time":"2026-01-14T23:10:14", "level":"WARNING", "message":"Metric_vi 3. Phải thu dài hạn nội bộ is not supported", "caller":"/mnt/c/Users/Admin/Downloads/Project/Github/ETL_Project/platforms/ingestion/cophieu68/load/load_datawarehouse_cophieu68.py:543"}
{"time":"2026-01-14T23:10:14", "level":"WARNING", "message":"Metric_vi 4. Phải thu về cho vay dài hạn is not supported", "caller":"/mnt/c/Users/Admin/Downloads/Project/Github/ETL_Project/platforms/ingestion/cophieu68/load/load_datawarehouse_cophieu68.py:543"}
{"time":"2026-01-14T23:10:14", "level":"WARNING", "message":"Metric_vi 5. Phải thu dài hạn khác is not supported", "caller":"/mnt/c/Users/Admin/Downloads/Project/Github/ETL_Project/platforms/ingestion/cophieu68/load/load_datawarehouse_cophieu68.py:543"}
{"time":"2026-01-14T23:10:14", "level":"WARNING", "message":"Metric_vi 6. Dự phòng phải thu dài hạn khó đòi is not supported", "caller":"/mnt/c/Users/Admin/Downloads/Project/Github/ETL_Project/platforms/ingestion/cophieu68/load/load_datawarehouse_cophieu68.py:543"}
{"time":"2026-01-14T23:10:14", "level":"WARNING", "message":"Metric_vi II. Tài sản cố định is not supported", "caller":"/mnt/c/Users/Admin/Downloads/Project/Github/ETL_Project/platforms/ingestion/cophieu68/load/load_datawarehouse_cophieu68.py:543"}
{"time":"2026-01-14T23:10:14", "level":"WARNING", "message":"Metric_vi III. Bất động sản đầu tư is not supported", "caller":"/mnt/c/Users/Admin/Downloads/Project/Github/ETL_Project/platforms/ingestion/cophieu68/load/load_datawarehouse_cophieu68.py:543"}
{"time":"2026-01-14T23:10:14", "level":"WARNING", "message":"Metric_vi IV. Tài sản dở dang dài hạn is not supported", "caller":"/mnt/c/Users/Admin/Downloads/Project/Github/ETL_Project/platforms/ingestion/cophieu68/load/load_datawarehouse_cophieu68.py:543"}
{"time":"2026-01-14T23:10:14", "level":"WARNING", "message":"Metric_vi 1. Chi phí sản xuất kinh doanh dở dang dài hạn is not supported", "caller":"/mnt/c/Users/Admin/Downloads/Project/Github/ETL_Project/platforms/ingestion/cophieu68/load/load_datawarehouse_cophieu68.py:543"}
{"time":"2026-01-14T23:10:14", "level":"WARNING", "message":"Metric_vi 2. chi phí xây dựng cơ bản dở dang is not supported", "caller":"/mnt/c/Users/Admin/Downloads/Project/Github/ETL_Project/platforms/ingestion/cophieu68/load/load_datawarehouse_cophieu68.py:543"}
{"time":"2026-01-14T23:10:14", "level":"WARNING", "message":"Metric_vi V. Các khoản đầu tư tài chính dài hạn is not supported", "caller":"/mnt/c/Users/Admin/Downloads/Project/Github/ETL_Project/platforms/ingestion/cophieu68/load/load_datawarehouse_cophieu68.py:543"}
{"time":"2026-01-14T23:10:14", "level":"WARNING", "message":"Metric_vi 2. Đầu tư vào công ty liên kết liên doanh is not supported", "caller":"/mnt/c/Users/Admin/Downloads/Project/Github/ETL_Project/platforms/ingestion/cophieu68/load/load_datawarehouse_cophieu68.py:543"}
{"time":"2026-01-14T23:10:14", "level":"WARNING", "message":"Metric_vi 3. Đầu tư khác vào công cụ vốn is not supported", "caller":"/mnt/c/Users/Admin/Downloads/Project/Github/ETL_Project/platforms/ingestion/cophieu68/load/load_datawarehouse_cophieu68.py:543"}
{"time":"2026-01-14T23:10:14", "level":"WARNING", "message":"Metric_vi 4. Dự phòng giảm giá đầu tư tài chính dài hạn is not supported", "caller":"/mnt/c/Users/Admin/Downloads/Project/Github/ETL_Project/platforms/ingestion/cophieu68/load/load_datawarehouse_cophieu68.py:543"}
{"time":"2026-01-14T23:10:14", "level":"WARNING", "message":"Metric_vi 5. Đầu tư nắm giữ đến ngày đáo hạn is not supported", "caller":"/mnt/c/Users/Admin/Downloads/Project/Github/ETL_Project/platforms/ingestion/cophieu68/load/load_datawarehouse_cophieu68.py:543"}
{"time":"2026-01-14T23:10:14", "level":"WARNING", "message":"Metric_vi VI. Tổng tài sản dài hạn khác is not supported", "caller":"/mnt/c/Users/Admin/Downloads/Project/Github/ETL_Project/platforms/ingestion/cophieu68/load/load_datawarehouse_cophieu68.py:543"}
{"time":"2026-01-14T23:10:14", "level":"WARNING", "message":"Metric_vi 1. Chi phí trả trước dài hạn is not supported", "caller":"/mnt/c/Users/Admin/Downloads/Project/Github/ETL_Project/platforms/ingestion/cophieu68/load/load_datawarehouse_cophieu68.py:543"}
{"time":"2026-01-14T23:10:14", "level":"WARNING", "message":"Metric_vi 2. Tài sản Thuế thu nhập hoãn lại is not supported", "caller":"/mnt/c/Users/Admin/Downloads/Project/Github/ETL_Project/platforms/ingestion/cophieu68/load/load_datawarehouse_cophieu68.py:543"}
{"time":"2026-01-14T23:10:14", "level":"WARNING", "message":"Metric_vi 3. Tài sản dài hạn khác is not supported", "caller":"/mnt/c/Users/Admin/Downloads/Project/Github/ETL_Project/platforms/ingestion/cophieu68/load/load_datawarehouse_cophieu68.py:543"}
{"time":"2026-01-14T23:10:14", "level":"WARNING", "message":"Metric_vi VII. Lợi thế thương mại is not supported", "caller":"/mnt/c/Users/Admin/Downloads/Project/Github/ETL_Project/platforms/ingestion/cophieu68/load/load_datawarehouse_cophieu68.py:543"}
{"time":"2026-01-14T23:10:14", "level":"WARNING", "message":"Metric_vi NGUỒN VỐN is not supported", "caller":"/mnt/c/Users/Admin/Downloads/Project/Github/ETL_Project/platforms/ingestion/cophieu68/load/load_datawarehouse_cophieu68.py:543"}
{"time":"2026-01-14T23:10:14", "level":"WARNING", "message":"Metric_vi A. Nợ phải trả is not supported", "caller":"/mnt/c/Users/Admin/Downloads/Project/Github/ETL_Project/platforms/ingestion/cophieu68/load/load_datawarehouse_cophieu68.py:543"}
{"time":"2026-01-14T23:10:14", "level":"WARNING", "message":"Metric_vi I. Nợ ngắn hạn is not supported", "caller":"/mnt/c/Users/Admin/Downloads/Project/Github/ETL_Project/platforms/ingestion/cophieu68/load/load_datawarehouse_cophieu68.py:543"}
{"time":"2026-01-14T23:10:15", "level":"WARNING", "message":"Metric_vi 1. Vay và nợ thuê tài chính ngắn hạn is not supported", "caller":"/mnt/c/Users/Admin/Downloads/Project/Github/ETL_Project/platforms/ingestion/cophieu68/load/load_datawarehouse_cophieu68.py:543"}
{"time":"2026-01-14T23:10:15", "level":"WARNING", "message":"Metric_vi 2. Vay và nợ dài hạn đến hạn phải trả is not supported", "caller":"/mnt/c/Users/Admin/Downloads/Project/Github/ETL_Project/platforms/ingestion/cophieu68/load/load_datawarehouse_cophieu68.py:543"}
{"time":"2026-01-14T23:10:15", "level":"WARNING", "message":"Metric_vi 3. Phải trả người bán ngắn hạn is not supported", "caller":"/mnt/c/Users/Admin/Downloads/Project/Github/ETL_Project/platforms/ingestion/cophieu68/load/load_datawarehouse_cophieu68.py:543"}
{"time":"2026-01-14T23:10:15", "level":"WARNING", "message":"Metric_vi 4. Người mua trả tiền trước is not supported", "caller":"/mnt/c/Users/Admin/Downloads/Project/Github/ETL_Project/platforms/ingestion/cophieu68/load/load_datawarehouse_cophieu68.py:543"}
{"time":"2026-01-14T23:10:15", "level":"WARNING", "message":"Metric_vi 5. Thuế và các khoản phải nộp nhà nước is not supported", "caller":"/mnt/c/Users/Admin/Downloads/Project/Github/ETL_Project/platforms/ingestion/cophieu68/load/load_datawarehouse_cophieu68.py:543"}
{"time":"2026-01-14T23:10:15", "level":"WARNING", "message":"Metric_vi 6. Phải trả người lao động is not supported", "caller":"/mnt/c/Users/Admin/Downloads/Project/Github/ETL_Project/platforms/ingestion/cophieu68/load/load_datawarehouse_cophieu68.py:543"}
{"time":"2026-01-14T23:10:15", "level":"WARNING", "message":"Metric_vi 7. Chi phí phải trả ngắn hạn is not supported", "caller":"/mnt/c/Users/Admin/Downloads/Project/Github/ETL_Project/platforms/ingestion/cophieu68/load/load_datawarehouse_cophieu68.py:543"}
{"time":"2026-01-14T23:10:15", "level":"WARNING", "message":"Metric_vi 8. Phải trả nội bộ ngắn hạn is not supported", "caller":"/mnt/c/Users/Admin/Downloads/Project/Github/ETL_Project/platforms/ingestion/cophieu68/load/load_datawarehouse_cophieu68.py:543"}
{"time":"2026-01-14T23:10:15", "level":"WARNING", "message":"Metric_vi 9. Phải trả theo tiến độ kế hoạch hợp đồng xây dựng is not supported", "caller":"/mnt/c/Users/Admin/Downloads/Project/Github/ETL_Project/platforms/ingestion/cophieu68/load/load_datawarehouse_cophieu68.py:543"}
{"time":"2026-01-14T23:10:15", "level":"WARNING", "message":"Metric_vi 10. Doanh thu chưa thực hiện ngắn hạn is not supported", "caller":"/mnt/c/Users/Admin/Downloads/Project/Github/ETL_Project/platforms/ingestion/cophieu68/load/load_datawarehouse_cophieu68.py:543"}
{"time":"2026-01-14T23:10:15", "level":"WARNING", "message":"Metric_vi 11. Phải trả ngắn hạn khác is not supported", "caller":"/mnt/c/Users/Admin/Downloads/Project/Github/ETL_Project/platforms/ingestion/cophieu68/load/load_datawarehouse_cophieu68.py:543"}
{"time":"2026-01-14T23:10:15", "level":"WARNING", "message":"Metric_vi 12. Dự phòng phải trả ngắn hạn is not supported", "caller":"/mnt/c/Users/Admin/Downloads/Project/Github/ETL_Project/platforms/ingestion/cophieu68/load/load_datawarehouse_cophieu68.py:543"}
{"time":"2026-01-14T23:10:15", "level":"WARNING", "message":"Metric_vi 13. Quỹ khen thưởng phúc lợi is not supported", "caller":"/mnt/c/Users/Admin/Downloads/Project/Github/ETL_Project/platforms/ingestion/cophieu68/load/load_datawarehouse_cophieu68.py:543"}
{"time":"2026-01-14T23:10:15", "level":"WARNING", "message":"Metric_vi 14. Quỹ bình ổn giá is not supported", "caller":"/mnt/c/Users/Admin/Downloads/Project/Github/ETL_Project/platforms/ingestion/cophieu68/load/load_datawarehouse_cophieu68.py:543"}
{"time":"2026-01-14T23:10:15", "level":"WARNING", "message":"Metric_vi 15. Giao dịch mua bán lại trái phiếu chính phủ is not supported", "caller":"/mnt/c/Users/Admin/Downloads/Project/Github/ETL_Project/platforms/ingestion/cophieu68/load/load_datawarehouse_cophieu68.py:543"}
{"time":"2026-01-14T23:10:15", "level":"WARNING", "message":"Metric_vi II. Nợ dài hạn is not supported", "caller":"/mnt/c/Users/Admin/Downloads/Project/Github/ETL_Project/platforms/ingestion/cophieu68/load/load_datawarehouse_cophieu68.py:543"}
{"time":"2026-01-14T23:10:13", "level":"WARNING", "message":"Metric_vi 1. Phải trả người bán dài hạn is not supported", "caller":"/mnt/c/Users/Admin/Downloads/Project/Github/ETL_Project/platforms/ingestion/cophieu68/load/load_datawarehouse_cophieu68.py:543"}
{"time":"2026-01-14T23:10:13", "level":"WARNING", "message":"Metric_vi 2. Chi phí phải trả dài hạn is not supported", "caller":"/mnt/c/Users/Admin/Downloads/Project/Github/ETL_Project/platforms/ingestion/cophieu68/load/load_datawarehouse_cophieu68.py:543"}
{"time":"2026-01-14T23:10:14", "level":"WARNING", "message":"Metric_vi 3. Phải trả nội bộ về vốn kinh doanh is not supported", "caller":"/mnt/c/Users/Admin/Downloads/Project/Github/ETL_Project/platforms/ingestion/cophieu68/load/load_datawarehouse_cophieu68.py:543"}
{"time":"2026-01-14T23:10:14", "level":"WARNING", "message":"Metric_vi 4. Phải trả nội bộ dài hạn is not supported", "caller":"/mnt/c/Users/Admin/Downloads/Project/Github/ETL_Project/platforms/ingestion/cophieu68/load/load_datawarehouse_cophieu68.py:543"}
{"time":"2026-01-14T23:10:14", "level":"WARNING", "message":"Metric_vi 5. Phải trả dài hạn khác is not supported", "caller":"/mnt/c/Users/Admin/Downloads/Project/Github/ETL_Project/platforms/ingestion/cophieu68/load/load_datawarehouse_cophieu68.py:543"}
{"time":"2026-01-14T23:10:14", "level":"WARNING", "message":"Metric_vi 6. Vay và nợ thuê tài chính dài hạn is not supported", "caller":"/mnt/c/Users/Admin/Downloads/Project/Github/ETL_Project/platforms/ingestion/cophieu68/load/load_datawarehouse_cophieu68.py:543"}
{"time":"2026-01-14T23:10:14", "level":"WARNING", "message":"Metric_vi 7. Trái phiếu chuyển đổi is not supported", "caller":"/mnt/c/Users/Admin/Downloads/Project/Github/ETL_Project/platforms/ingestion/cophieu68/load/load_datawarehouse_cophieu68.py:543"}
{"time":"2026-01-14T23:10:14", "level":"WARNING", "message":"Metric_vi 8. Thuế thu nhập hoãn lại phải trả is not supported", "caller":"/mnt/c/Users/Admin/Downloads/Project/Github/ETL_Project/platforms/ingestion/cophieu68/load/load_datawarehouse_cophieu68.py:543"}
{"time":"2026-01-14T23:10:14", "level":"WARNING", "message":"Metric_vi 9. Dự phòng trợ cấp mất việc làm is not supported", "caller":"/mnt/c/Users/Admin/Downloads/Project/Github/ETL_Project/platforms/ingestion/cophieu68/load/load_datawarehouse_cophieu68.py:543"}
{"time":"2026-01-14T23:10:14", "level":"WARNING", "message":"Metric_vi 10. Dự phòng phải trả dài hạn is not supported", "caller":"/mnt/c/Users/Admin/Downloads/Project/Github/ETL_Project/platforms/ingestion/cophieu68/load/load_datawarehouse_cophieu68.py:543"}
{"time":"2026-01-14T23:10:14", "level":"WARNING", "message":"Metric_vi 11. Doanh thu chưa thực hiện dài hạn is not supported", "caller":"/mnt/c/Users/Admin/Downloads/Project/Github/ETL_Project/platforms/ingestion/cophieu68/load/load_datawarehouse_cophieu68.py:543"}
{"time":"2026-01-14T23:10:14", "level":"WARNING", "message":"Metric_vi 12. Quỹ phát triển khoa học và công nghệ is not supported", "caller":"/mnt/c/Users/Admin/Downloads/Project/Github/ETL_Project/platforms/ingestion/cophieu68/load/load_datawarehouse_cophieu68.py:543"}
{"time":"2026-01-14T23:10:14", "level":"WARNING", "message":"Metric_vi B. Nguồn vốn chủ sở hữu is not supported", "caller":"/mnt/c/Users/Admin/Downloads/Project/Github/ETL_Project/platforms/ingestion/cophieu68/load/load_datawarehouse_cophieu68.py:543"}
{"time":"2026-01-14T23:10:15", "level":"WARNING", "message":"Metric_vi I. Vốn chủ sở hữu is not supported", "caller":"/mnt/c/Users/Admin/Downloads/Project/Github/ETL_Project/platforms/ingestion/cophieu68/load/load_datawarehouse_cophieu68.py:543"}
{"time":"2026-01-14T23:10:15", "level":"WARNING", "message":"Metric_vi 1. Vốn đầu tư của chủ sở hữu is not supported", "caller":"/mnt/c/Users/Admin/Downloads/Project/Github/ETL_Project/platforms/ingestion/cophieu68/load/load_datawarehouse_cophieu68.py:543"}
{"time":"2026-01-14T23:10:15", "level":"WARNING", "message":"Metric_vi 2. Thặng dư vốn cổ phần is not supported", "caller":"/mnt/c/Users/Admin/Downloads/Project/Github/ETL_Project/platforms/ingestion/cophieu68/load/load_datawarehouse_cophieu68.py:543"}
{"time":"2026-01-14T23:10:15", "level":"WARNING", "message":"Metric_vi 3. Quyền chọn chuyển đổi trái phiếu is not supported", "caller":"/mnt/c/Users/Admin/Downloads/Project/Github/ETL_Project/platforms/ingestion/cophieu68/load/load_datawarehouse_cophieu68.py:543"}
{"time":"2026-01-14T23:10:15", "level":"WARNING", "message":"Metric_vi 4. Vốn khác của chủ sở hữu is not supported", "caller":"/mnt/c/Users/Admin/Downloads/Project/Github/ETL_Project/platforms/ingestion/cophieu68/load/load_datawarehouse_cophieu68.py:543"}
{"time":"2026-01-14T23:10:15", "level":"WARNING", "message":"Metric_vi 5. Cổ phiếu quỹ is not supported", "caller":"/mnt/c/Users/Admin/Downloads/Project/Github/ETL_Project/platforms/ingestion/cophieu68/load/load_datawarehouse_cophieu68.py:543"}
{"time":"2026-01-14T23:10:15", "level":"WARNING", "message":"Metric_vi 6. Chênh lệch đánh giá lại tài sản is not supported", "caller":"/mnt/c/Users/Admin/Downloads/Project/Github/ETL_Project/platforms/ingestion/cophieu68/load/load_datawarehouse_cophieu68.py:543"}
{"time":"2026-01-14T23:10:15", "level":"WARNING", "message":"Metric_vi 7. Chênh lệch tỷ giá hối đoái is not supported", "caller":"/mnt/c/Users/Admin/Downloads/Project/Github/ETL_Project/platforms/ingestion/cophieu68/load/load_datawarehouse_cophieu68.py:543"}
{"time":"2026-01-14T23:10:15", "level":"WARNING", "message":"Metric_vi 8. Quỹ đầu tư phát triển is not supported", "caller":"/mnt/c/Users/Admin/Downloads/Project/Github/ETL_Project/platforms/ingestion/cophieu68/load/load_datawarehouse_cophieu68.py:543"}
{"time":"2026-01-14T23:10:15", "level":"WARNING", "message":"Metric_vi 9. Quỹ dự phòng tài chính is not supported", "caller":"/mnt/c/Users/Admin/Downloads/Project/Github/ETL_Project/platforms/ingestion/cophieu68/load/load_datawarehouse_cophieu68.py:543"}
{"time":"2026-01-14T23:10:15", "level":"WARNING", "message":"Metric_vi 10. Quỹ khác thuộc vốn chủ sở hữu is not supported", "caller":"/mnt/c/Users/Admin/Downloads/Project/Github/ETL_Project/platforms/ingestion/cophieu68/load/load_datawarehouse_cophieu68.py:543"}
{"time":"2026-01-14T23:10:15", "level":"WARNING", "message":"Metric_vi 11. Lợi nhuận sau thuế chưa phân phối is not supported", "caller":"/mnt/c/Users/Admin/Downloads/Project/Github/ETL_Project/platforms/ingestion/cophieu68/load/load_datawarehouse_cophieu68.py:543"}
{"time":"2026-01-14T23:10:15", "level":"WARNING", "message":"Metric_vi 12. Nguồn vốn đầu tư xây dựng cơ bản is not supported", "caller":"/mnt/c/Users/Admin/Downloads/Project/Github/ETL_Project/platforms/ingestion/cophieu68/load/load_datawarehouse_cophieu68.py:543"}
{"time":"2026-01-14T23:10:15", "level":"WARNING", "message":"Metric_vi 13. Quỹ hỗ trợ sắp xếp doanh nghiệp is not supported", "caller":"/mnt/c/Users/Admin/Downloads/Project/Github/ETL_Project/platforms/ingestion/cophieu68/load/load_datawarehouse_cophieu68.py:543"}
{"time":"2026-01-14T23:10:15", "level":"WARNING", "message":"Metric_vi 14. Lợi ích của cổ đông không kiểm soát is not supported", "caller":"/mnt/c/Users/Admin/Downloads/Project/Github/ETL_Project/platforms/ingestion/cophieu68/load/load_datawarehouse_cophieu68.py:543"}
{"time":"2026-01-14T23:10:15", "level":"WARNING", "message":"Metric_vi II. Nguồn kinh phí và quỹ khác is not supported", "caller":"/mnt/c/Users/Admin/Downloads/Project/Github/ETL_Project/platforms/ingestion/cophieu68/load/load_datawarehouse_cophieu68.py:543"}
{"time":"2026-01-14T23:10:15", "level":"WARNING", "message":"Metric_vi 1. Nguồn kinh phí is not supported", "caller":"/mnt/c/Users/Admin/Downloads/Project/Github/ETL_Project/platforms/ingestion/cophieu68/load/load_datawarehouse_cophieu68.py:543"}
{"time":"2026-01-14T23:10:15", "level":"WARNING", "message":"Metric_vi 2. Nguồn kinh phí đã hình thành tài sản cố định is not supported", "caller":"/mnt/c/Users/Admin/Downloads/Project/Github/ETL_Project/platforms/ingestion/cophieu68/load/load_datawarehouse_cophieu68.py:543"}
{"time":"2026-01-14T23:10:15", "level":"WARNING", "message":"Metric_vi 3. Quỹ dự phòng trợ cấp mất việc làm is not supported", "caller":"/mnt/c/Users/Admin/Downloads/Project/Github/ETL_Project/platforms/ingestion/cophieu68/load/load_datawarehouse_cophieu68.py:543"}
{"time":"2026-01-14T23:10:15", "level":"WARNING", "message":"Metric_vi TỔNG CỘNG NGUỒN VỐN is not supported", "caller":"/mnt/c/Users/Admin/Downloads/Project/Github/ETL_Project/platforms/ingestion/cophieu68/load/load_datawarehouse_cophieu68.py:543"}
{"time":"2026-01-14T23:10:15", "level":"WARNING", "message":"Metric_vi TÀI SẢN is not supported", "caller":"/mnt/c/Users/Admin/Downloads/Project/Github/ETL_Project/platforms/ingestion/cophieu68/load/load_datawarehouse_cophieu68.py:543"}
{"time":"2026-01-14T23:10:15", "level":"WARNING", "message":"Metric_vi A. Tài sản lưu động và đầu tư ngắn hạn is not supported", "caller":"/mnt/c/Users/Admin/Downloads/Project/Github/ETL_Project/platforms/ingestion/cophieu68/load/load_datawarehouse_cophieu68.py:543"}
{"time":"2026-01-14T23:10:15", "level":"WARNING", "message":"Metric_vi I. Tiền và các khoản tương đương tiền is not supported", "caller":"/mnt/c/Users/Admin/Downloads/Project/Github/ETL_Project/platforms/ingestion/cophieu68/load/load_datawarehouse_cophieu68.py:543"}
{"time":"2026-01-14T23:10:15", "level":"WARNING", "message":"Metric_vi 1. Tiền is not supported", "caller":"/mnt/c/Users/Admin/Downloads/Project/Github/ETL_Project/platforms/ingestion/cophieu68/load/load_datawarehouse_cophieu68.py:543"}
{"time":"2026-01-14T23:10:16", "level":"WARNING", "message":"Metric_vi 2. Các khoản tương đương tiền is not supported", "caller":"/mnt/c/Users/Admin/Downloads/Project/Github/ETL_Project/platforms/ingestion/cophieu68/load/load_datawarehouse_cophieu68.py:543"}
{"time":"2026-01-14T23:10:16", "level":"WARNING", "message":"Metric_vi II. Các khoản đầu tư tài chính ngắn hạn is not supported", "caller":"/mnt/c/Users/Admin/Downloads/Project/Github/ETL_Project/platforms/ingestion/cophieu68/load/load_datawarehouse_cophieu68.py:543"}
{"time":"2026-01-14T23:10:16", "level":"WARNING", "message":"Metric_vi 3. Đầu tư nắm giữ đến ngày đáo hạn is not supported", "caller":"/mnt/c/Users/Admin/Downloads/Project/Github/ETL_Project/platforms/ingestion/cophieu68/load/load_datawarehouse_cophieu68.py:543"}
{"time":"2026-01-14T23:10:16", "level":"WARNING", "message":"Metric_vi III. Các khoản phải thu ngắn hạn is not supported", "caller":"/mnt/c/Users/Admin/Downloads/Project/Github/ETL_Project/platforms/ingestion/cophieu68/load/load_datawarehouse_cophieu68.py:543"}
{"time":"2026-01-14T23:10:16", "level":"WARNING", "message":"Metric_vi 1. Phải thu ngắn hạn của khách hàng is not supported", "caller":"/mnt/c/Users/Admin/Downloads/Project/Github/ETL_Project/platforms/ingestion/cophieu68/load/load_datawarehouse_cophieu68.py:543"}
{"time":"2026-01-14T23:10:16", "level":"WARNING", "message":"Metric_vi 2. Trả trước cho người bán is not supported", "caller":"/mnt/c/Users/Admin/Downloads/Project/Github/ETL_Project/platforms/ingestion/cophieu68/load/load_datawarehouse_cophieu68.py:543"}
{"time":"2026-01-14T23:10:16", "level":"WARNING", "message":"Metric_vi 3. Phải thu nội bộ ngắn hạn is not supported", "caller":"/mnt/c/Users/Admin/Downloads/Project/Github/ETL_Project/platforms/ingestion/cophieu68/load/load_datawarehouse_cophieu68.py:543"}
{"time":"2026-01-14T23:10:16", "level":"WARNING", "message":"Metric_vi 4. Phải thu theo tiến độ hợp đồng xây dựng is not supported", "caller":"/mnt/c/Users/Admin/Downloads/Project/Github/ETL_Project/platforms/ingestion/cophieu68/load/load_datawarehouse_cophieu68.py:543"}
{"time":"2026-01-14T23:10:16", "level":"WARNING", "message":"Metric_vi 5. Phải thu về cho vay ngắn hạn is not supported", "caller":"/mnt/c/Users/Admin/Downloads/Project/Github/ETL_Project/platforms/ingestion/cophieu68/load/load_datawarehouse_cophieu68.py:543"}
{"time":"2026-01-14T23:10:16", "level":"WARNING", "message":"Metric_vi 6. Phải thu ngắn hạn khác is not supported", "caller":"/mnt/c/Users/Admin/Downloads/Project/Github/ETL_Project/platforms/ingestion/cophieu68/load/load_datawarehouse_cophieu68.py:543"}
{"time":"2026-01-14T23:10:16", "level":"WARNING", "message":"Metric_vi 7. Dự phòng phải thu ngắn hạn khó đòi is not supported", "caller":"/mnt/c/Users/Admin/Downloads/Project/Github/ETL_Project/platforms/ingestion/cophieu68/load/load_datawarehouse_cophieu68.py:543"}
{"time":"2026-01-14T23:10:16", "level":"WARNING", "message":"Metric_vi IV. Tổng hàng tồn kho is not supported", "caller":"/mnt/c/Users/Admin/Downloads/Project/Github/ETL_Project/platforms/ingestion/cophieu68/load/load_datawarehouse_cophieu68.py:543"}
{"time":"2026-01-14T23:10:16", "level":"WARNING", "message":"Metric_vi 1. Hàng tồn kho is not supported", "caller":"/mnt/c/Users/Admin/Downloads/Project/Github/ETL_Project/platforms/ingestion/cophieu68/load/load_datawarehouse_cophieu68.py:543"}
{"time":"2026-01-14T23:10:16", "level":"WARNING", "message":"Metric_vi 2. Dự phòng giảm giá hàng tồn kho is not supported", "caller":"/mnt/c/Users/Admin/Downloads/Project/Github/ETL_Project/platforms/ingestion/cophieu68/load/load_datawarehouse_cophieu68.py:543"}
{"time":"2026-01-14T23:10:16", "level":"WARNING", "message":"Metric_vi V. Tài sản ngắn hạn khác is not supported", "caller":"/mnt/c/Users/Admin/Downloads/Project/Github/ETL_Project/platforms/ingestion/cophieu68/load/load_datawarehouse_cophieu68.py:543"}
{"time":"2026-01-14T23:10:16", "level":"WARNING", "message":"Metric_vi 1. Chi phí trả trước ngắn hạn is not supported", "caller":"/mnt/c/Users/Admin/Downloads/Project/Github/ETL_Project/platforms/ingestion/cophieu68/load/load_datawarehouse_cophieu68.py:543"}
{"time":"2026-01-14T23:10:16", "level":"WARNING", "message":"Metric_vi 2. Thuế giá trị gia tăng được khấu trừ is not supported", "caller":"/mnt/c/Users/Admin/Downloads/Project/Github/ETL_Project/platforms/ingestion/cophieu68/load/load_datawarehouse_cophieu68.py:543"}
{"time":"2026-01-14T23:10:16", "level":"WARNING", "message":"Metric_vi 3. Thuế và các khoản phải thu Nhà nước is not supported", "caller":"/mnt/c/Users/Admin/Downloads/Project/Github/ETL_Project/platforms/ingestion/cophieu68/load/load_datawarehouse_cophieu68.py:543"}
{"time":"2026-01-14T23:10:16", "level":"WARNING", "message":"Metric_vi 4. Giao dịch mua bán lại trái phiếu chính phủ is not supported", "caller":"/mnt/c/Users/Admin/Downloads/Project/Github/ETL_Project/platforms/ingestion/cophieu68/load/load_datawarehouse_cophieu68.py:543"}
{"time":"2026-01-14T23:10:16", "level":"WARNING", "message":"Metric_vi 5. Tài sản ngắn hạn khác is not supported", "caller":"/mnt/c/Users/Admin/Downloads/Project/Github/ETL_Project/platforms/ingestion/cophieu68/load/load_datawarehouse_cophieu68.py:543"}
{"time":"2026-01-14T23:10:16", "level":"WARNING", "message":"Metric_vi B. Tài sản cố định và đầu tư dài hạn is not supported", "caller":"/mnt/c/Users/Admin/Downloads/Project/Github/ETL_Project/platforms/ingestion/cophieu68/load/load_datawarehouse_cophieu68.py:543"}
{"time":"2026-01-14T23:10:16", "level":"WARNING", "message":"Metric_vi I. Các khoản phải thu dài hạn is not supported", "caller":"/mnt/c/Users/Admin/Downloads/Project/Github/ETL_Project/platforms/ingestion/cophieu68/load/load_datawarehouse_cophieu68.py:543"}
{"time":"2026-01-14T23:10:16", "level":"WARNING", "message":"Metric_vi 1. Phải thu dài hạn của khách hàng is not supported", "caller":"/mnt/c/Users/Admin/Downloads/Project/Github/ETL_Project/platforms/ingestion/cophieu68/load/load_datawarehouse_cophieu68.py:543"}
{"time":"2026-01-14T23:10:16", "level":"WARNING", "message":"Metric_vi 2. Vốn kinh doanh tại các đơn vị trực thuộc is not supported", "caller":"/mnt/c/Users/Admin/Downloads/Project/Github/ETL_Project/platforms/ingestion/cophieu68/load/load_datawarehouse_cophieu68.py:543"}
{"time":"2026-01-14T23:10:16", "level":"WARNING", "message":"Metric_vi 3. Phải thu dài hạn nội bộ is not supported", "caller":"/mnt/c/Users/Admin/Downloads/Project/Github/ETL_Project/platforms/ingestion/cophieu68/load/load_datawarehouse_cophieu68.py:543"}
{"time":"2026-01-14T23:10:16", "level":"WARNING", "message":"Metric_vi 4. Phải thu về cho vay dài hạn is not supported", "caller":"/mnt/c/Users/Admin/Downloads/Project/Github/ETL_Project/platforms/ingestion/cophieu68/load/load_datawarehouse_cophieu68.py:543"}
{"time":"2026-01-14T23:10:16", "level":"WARNING", "message":"Metric_vi 5. Phải thu dài hạn khác is not supported", "caller":"/mnt/c/Users/Admin/Downloads/Project/Github/ETL_Project/platforms/ingestion/cophieu68/load/load_datawarehouse_cophieu68.py:543"}
{"time":"2026-01-14T23:10:16", "level":"WARNING", "message":"Metric_vi 6. Dự phòng phải thu dài hạn khó đòi is not supported", "caller":"/mnt/c/Users/Admin/Downloads/Project/Github/ETL_Project/platforms/ingestion/cophieu68/load/load_datawarehouse_cophieu68.py:543"}
{"time":"2026-01-14T23:10:16", "level":"WARNING", "message":"Metric_vi II. Tài sản cố định is not supported", "caller":"/mnt/c/Users/Admin/Downloads/Project/Github/ETL_Project/platforms/ingestion/cophieu68/load/load_datawarehouse_cophieu68.py:543"}
{"time":"2026-01-14T23:10:16", "level":"WARNING", "message":"Metric_vi III. Bất động sản đầu tư is not supported", "caller":"/mnt/c/Users/Admin/Downloads/Project/Github/ETL_Project/platforms/ingestion/cophieu68/load/load_datawarehouse_cophieu68.py:543"}
{"time":"2026-01-14T23:10:16", "level":"WARNING", "message":"Metric_vi IV. Tài sản dở dang dài hạn is not supported", "caller":"/mnt/c/Users/Admin/Downloads/Project/Github/ETL_Project/platforms/ingestion/cophieu68/load/load_datawarehouse_cophieu68.py:543"}
{"time":"2026-01-14T23:10:16", "level":"WARNING", "message":"Metric_vi 1. Chi phí sản xuất kinh doanh dở dang dài hạn is not supported", "caller":"/mnt/c/Users/Admin/Downloads/Project/Github/ETL_Project/platforms/ingestion/cophieu68/load/load_datawarehouse_cophieu68.py:543"}
{"time":"2026-01-14T23:10:16", "level":"WARNING", "message":"Metric_vi 2. chi phí xây dựng cơ bản dở dang is not supported", "caller":"/mnt/c/Users/Admin/Downloads/Project/Github/ETL_Project/platforms/ingestion/cophieu68/load/load_datawarehouse_cophieu68.py:543"}
{"time":"2026-01-14T23:10:16", "level":"WARNING", "message":"Metric_vi V. Các khoản đầu tư tài chính dài hạn is not supported", "caller":"/mnt/c/Users/Admin/Downloads/Project/Github/ETL_Project/platforms/ingestion/cophieu68/load/load_datawarehouse_cophieu68.py:543"}
{"time":"2026-01-14T23:10:16", "level":"WARNING", "message":"Metric_vi 2. Đầu tư vào công ty liên kết liên doanh is not supported", "caller":"/mnt/c/Users/Admin/Downloads/Project/Github/ETL_Project/platforms/ingestion/cophieu68/load/load_datawarehouse_cophieu68.py:543"}
{"time":"2026-01-14T23:10:16", "level":"WARNING", "message":"Metric_vi 3. Đầu tư khác vào công cụ vốn is not supported", "caller":"/mnt/c/Users/Admin/Downloads/Project/Github/ETL_Project/platforms/ingestion/cophieu68/load/load_datawarehouse_cophieu68.py:543"}
{"time":"2026-01-14T23:10:16", "level":"WARNING", "message":"Metric_vi 4. Dự phòng giảm giá đầu tư tài chính dài hạn is not supported", "caller":"/mnt/c/Users/Admin/Downloads/Project/Github/ETL_Project/platforms/ingestion/cophieu68/load/load_datawarehouse_cophieu68.py:543"}
{"time":"2026-01-14T23:10:16", "level":"WARNING", "message":"Metric_vi 5. Đầu tư nắm giữ đến ngày đáo hạn is not supported", "caller":"/mnt/c/Users/Admin/Downloads/Project/Github/ETL_Project/platforms/ingestion/cophieu68/load/load_datawarehouse_cophieu68.py:543"}
{"time":"2026-01-14T23:10:16", "level":"WARNING", "message":"Metric_vi VI. Tổng tài sản dài hạn khác is not supported", "caller":"/mnt/c/Users/Admin/Downloads/Project/Github/ETL_Project/platforms/ingestion/cophieu68/load/load_datawarehouse_cophieu68.py:543"}
{"time":"2026-01-14T23:10:16", "level":"WARNING", "message":"Metric_vi 1. Chi phí trả trước dài hạn is not supported", "caller":"/mnt/c/Users/Admin/Downloads/Project/Github/ETL_Project/platforms/ingestion/cophieu68/load/load_datawarehouse_cophieu68.py:543"}
{"time":"2026-01-14T23:10:16", "level":"WARNING", "message":"Metric_vi 2. Tài sản Thuế thu nhập hoãn lại is not supported", "caller":"/mnt/c/Users/Admin/Downloads/Project/Github/ETL_Project/platforms/ingestion/cophieu68/load/load_datawarehouse_cophieu68.py:543"}
{"time":"2026-01-14T23:10:16", "level":"WARNING", "message":"Metric_vi 3. Tài sản dài hạn khác is not supported", "caller":"/mnt/c/Users/Admin/Downloads/Project/Github/ETL_Project/platforms/ingestion/cophieu68/load/load_datawarehouse_cophieu68.py:543"}
{"time":"2026-01-14T23:10:16", "level":"WARNING", "message":"Metric_vi VII. Lợi thế thương mại is not supported", "caller":"/mnt/c/Users/Admin/Downloads/Project/Github/ETL_Project/platforms/ingestion/cophieu68/load/load_datawarehouse_cophieu68.py:543"}
{"time":"2026-01-14T23:10:16", "level":"WARNING", "message":"Metric_vi NGUỒN VỐN is not supported", "caller":"/mnt/c/Users/Admin/Downloads/Project/Github/ETL_Project/platforms/ingestion/cophieu68/load/load_datawarehouse_cophieu68.py:543"}
{"time":"2026-01-14T23:10:16", "level":"WARNING", "message":"Metric_vi A. Nợ phải trả is not supported", "caller":"/mnt/c/Users/Admin/Downloads/Project/Github/ETL_Project/platforms/ingestion/cophieu68/load/load_datawarehouse_cophieu68.py:543"}
{"time":"2026-01-14T23:10:16", "level":"WARNING", "message":"Metric_vi I. Nợ ngắn hạn is not supported", "caller":"/mnt/c/Users/Admin/Downloads/Project/Github/ETL_Project/platforms/ingestion/cophieu68/load/load_datawarehouse_cophieu68.py:543"}
{"time":"2026-01-14T23:10:16", "level":"WARNING", "message":"Metric_vi 1. Vay và nợ thuê tài chính ngắn hạn is not supported", "caller":"/mnt/c/Users/Admin/Downloads/Project/Github/ETL_Project/platforms/ingestion/cophieu68/load/load_datawarehouse_cophieu68.py:543"}
{"time":"2026-01-14T23:10:16", "level":"WARNING", "message":"Metric_vi 2. Vay và nợ dài hạn đến hạn phải trả is not supported", "caller":"/mnt/c/Users/Admin/Downloads/Project/Github/ETL_Project/platforms/ingestion/cophieu68/load/load_datawarehouse_cophieu68.py:543"}
{"time":"2026-01-14T23:10:16", "level":"WARNING", "message":"Metric_vi 3. Phải trả người bán ngắn hạn is not supported", "caller":"/mnt/c/Users/Admin/Downloads/Project/Github/ETL_Project/platforms/ingestion/cophieu68/load/load_datawarehouse_cophieu68.py:543"}
{"time":"2026-01-14T23:10:17", "level":"WARNING", "message":"Metric_vi 4. Người mua trả tiền trước is not supported", "caller":"/mnt/c/Users/Admin/Downloads/Project/Github/ETL_Project/platforms/ingestion/cophieu68/load/load_datawarehouse_cophieu68.py:543"}
{"time":"2026-01-14T23:10:17", "level":"WARNING", "message":"Metric_vi 5. Thuế và các khoản phải nộp nhà nước is not supported", "caller":"/mnt/c/Users/Admin/Downloads/Project/Github/ETL_Project/platforms/ingestion/cophieu68/load/load_datawarehouse_cophieu68.py:543"}
{"time":"2026-01-14T23:10:17", "level":"WARNING", "message":"Metric_vi 6. Phải trả người lao động is not supported", "caller":"/mnt/c/Users/Admin/Downloads/Project/Github/ETL_Project/platforms/ingestion/cophieu68/load/load_datawarehouse_cophieu68.py:543"}
{"time":"2026-01-14T23:10:17", "level":"WARNING", "message":"Metric_vi 7. Chi phí phải trả ngắn hạn is not supported", "caller":"/mnt/c/Users/Admin/Downloads/Project/Github/ETL_Project/platforms/ingestion/cophieu68/load/load_datawarehouse_cophieu68.py:543"}
{"time":"2026-01-14T23:10:17", "level":"WARNING", "message":"Metric_vi 8. Phải trả nội bộ ngắn hạn is not supported", "caller":"/mnt/c/Users/Admin/Downloads/Project/Github/ETL_Project/platforms/ingestion/cophieu68/load/load_datawarehouse_cophieu68.py:543"}
{"time":"2026-01-14T23:10:17", "level":"WARNING", "message":"Metric_vi 9. Phải trả theo tiến độ kế hoạch hợp đồng xây dựng is not supported", "caller":"/mnt/c/Users/Admin/Downloads/Project/Github/ETL_Project/platforms/ingestion/cophieu68/load/load_datawarehouse_cophieu68.py:543"}
{"time":"2026-01-14T23:10:17", "level":"WARNING", "message":"Metric_vi 10. Doanh thu chưa thực hiện ngắn hạn is not supported", "caller":"/mnt/c/Users/Admin/Downloads/Project/Github/ETL_Project/platforms/ingestion/cophieu68/load/load_datawarehouse_cophieu68.py:543"}
{"time":"2026-01-14T23:10:17", "level":"WARNING", "message":"Metric_vi 11. Phải trả ngắn hạn khác is not supported", "caller":"/mnt/c/Users/Admin/Downloads/Project/Github/ETL_Project/platforms/ingestion/cophieu68/load/load_datawarehouse_cophieu68.py:543"}
{"time":"2026-01-14T23:10:17", "level":"WARNING", "message":"Metric_vi 12. Dự phòng phải trả ngắn hạn is not supported", "caller":"/mnt/c/Users/Admin/Downloads/Project/Github/ETL_Project/platforms/ingestion/cophieu68/load/load_datawarehouse_cophieu68.py:543"}
{"time":"2026-01-14T23:10:17", "level":"WARNING", "message":"Metric_vi 13. Quỹ khen thưởng phúc lợi is not supported", "caller":"/mnt/c/Users/Admin/Downloads/Project/Github/ETL_Project/platforms/ingestion/cophieu68/load/load_datawarehouse_cophieu68.py:543"}
{"time":"2026-01-14T23:10:17", "level":"WARNING", "message":"Metric_vi 14. Quỹ bình ổn giá is not supported", "caller":"/mnt/c/Users/Admin/Downloads/Project/Github/ETL_Project/platforms/ingestion/cophieu68/load/load_datawarehouse_cophieu68.py:543"}
{"time":"2026-01-14T23:10:17", "level":"WARNING", "message":"Metric_vi 15. Giao dịch mua bán lại trái phiếu chính phủ is not supported", "caller":"/mnt/c/Users/Admin/Downloads/Project/Github/ETL_Project/platforms/ingestion/cophieu68/load/load_datawarehouse_cophieu68.py:543"}
{"time":"2026-01-14T23:10:17", "level":"WARNING", "message":"Metric_vi II. Nợ dài hạn is not supported", "caller":"/mnt/c/Users/Admin/Downloads/Project/Github/ETL_Project/platforms/ingestion/cophieu68/load/load_datawarehouse_cophieu68.py:543"}
{"time":"2026-01-14T23:10:17", "level":"WARNING", "message":"Metric_vi 1. Phải trả người bán dài hạn is not supported", "caller":"/mnt/c/Users/Admin/Downloads/Project/Github/ETL_Project/platforms/ingestion/cophieu68/load/load_datawarehouse_cophieu68.py:543"}
{"time":"2026-01-14T23:10:17", "level":"WARNING", "message":"Metric_vi 2. Chi phí phải trả dài hạn is not supported", "caller":"/mnt/c/Users/Admin/Downloads/Project/Github/ETL_Project/platforms/ingestion/cophieu68/load/load_datawarehouse_cophieu68.py:543"}
{"time":"2026-01-14T23:10:17", "level":"WARNING", "message":"Metric_vi 3. Phải trả nội bộ về vốn kinh doanh is not supported", "caller":"/mnt/c/Users/Admin/Downloads/Project/Github/ETL_Project/platforms/ingestion/cophieu68/load/load_datawarehouse_cophieu68.py:543"}
{"time":"2026-01-14T23:10:17", "level":"WARNING", "message":"Metric_vi 4. Phải trả nội bộ dài hạn is not supported", "caller":"/mnt/c/Users/Admin/Downloads/Project/Github/ETL_Project/platforms/ingestion/cophieu68/load/load_datawarehouse_cophieu68.py:543"}
{"time":"2026-01-14T23:10:17", "level":"WARNING", "message":"Metric_vi 5. Phải trả dài hạn khác is not supported", "caller":"/mnt/c/Users/Admin/Downloads/Project/Github/ETL_Project/platforms/ingestion/cophieu68/load/load_datawarehouse_cophieu68.py:543"}
{"time":"2026-01-14T23:10:17", "level":"WARNING", "message":"Metric_vi 6. Vay và nợ thuê tài chính dài hạn is not supported", "caller":"/mnt/c/Users/Admin/Downloads/Project/Github/ETL_Project/platforms/ingestion/cophieu68/load/load_datawarehouse_cophieu68.py:543"}
{"time":"2026-01-14T23:10:17", "level":"WARNING", "message":"Metric_vi 7. Trái phiếu chuyển đổi is not supported", "caller":"/mnt/c/Users/Admin/Downloads/Project/Github/ETL_Project/platforms/ingestion/cophieu68/load/load_datawarehouse_cophieu68.py:543"}
{"time":"2026-01-14T23:10:17", "level":"WARNING", "message":"Metric_vi 8. Thuế thu nhập hoãn lại phải trả is not supported", "caller":"/mnt/c/Users/Admin/Downloads/Project/Github/ETL_Project/platforms/ingestion/cophieu68/load/load_datawarehouse_cophieu68.py:543"}
{"time":"2026-01-14T23:10:17", "level":"WARNING", "message":"Metric_vi 9. Dự phòng trợ cấp mất việc làm is not supported", "caller":"/mnt/c/Users/Admin/Downloads/Project/Github/ETL_Project/platforms/ingestion/cophieu68/load/load_datawarehouse_cophieu68.py:543"}
{"time":"2026-01-14T23:10:18", "level":"WARNING", "message":"Metric_vi 10. Dự phòng phải trả dài hạn is not supported", "caller":"/mnt/c/Users/Admin/Downloads/Project/Github/ETL_Project/platforms/ingestion/cophieu68/load/load_datawarehouse_cophieu68.py:543"}
{"time":"2026-01-14T23:10:18", "level":"WARNING", "message":"Metric_vi 11. Doanh thu chưa thực hiện dài hạn is not supported", "caller":"/mnt/c/Users/Admin/Downloads/Project/Github/ETL_Project/platforms/ingestion/cophieu68/load/load_datawarehouse_cophieu68.py:543"}
{"time":"2026-01-14T23:10:18", "level":"WARNING", "message":"Metric_vi 12. Quỹ phát triển khoa học và công nghệ is not supported", "caller":"/mnt/c/Users/Admin/Downloads/Project/Github/ETL_Project/platforms/ingestion/cophieu68/load/load_datawarehouse_cophieu68.py:543"}
{"time":"2026-01-14T23:10:18", "level":"WARNING", "message":"Metric_vi B. Nguồn vốn chủ sở hữu is not supported", "caller":"/mnt/c/Users/Admin/Downloads/Project/Github/ETL_Project/platforms/ingestion/cophieu68/load/load_datawarehouse_cophieu68.py:543"}
{"time":"2026-01-14T23:10:18", "level":"WARNING", "message":"Metric_vi I. Vốn chủ sở hữu is not supported", "caller":"/mnt/c/Users/Admin/Downloads/Project/Github/ETL_Project/platforms/ingestion/cophieu68/load/load_datawarehouse_cophieu68.py:543"}
{"time":"2026-01-14T23:10:18", "level":"WARNING", "message":"Metric_vi 1. Vốn đầu tư của chủ sở hữu is not supported", "caller":"/mnt/c/Users/Admin/Downloads/Project/Github/ETL_Project/platforms/ingestion/cophieu68/load/load_datawarehouse_cophieu68.py:543"}
{"time":"2026-01-14T23:10:18", "level":"WARNING", "message":"Metric_vi 2. Thặng dư vốn cổ phần is not supported", "caller":"/mnt/c/Users/Admin/Downloads/Project/Github/ETL_Project/platforms/ingestion/cophieu68/load/load_datawarehouse_cophieu68.py:543"}
{"time":"2026-01-14T23:10:18", "level":"WARNING", "message":"Metric_vi 3. Quyền chọn chuyển đổi trái phiếu is not supported", "caller":"/mnt/c/Users/Admin/Downloads/Project/Github/ETL_Project/platforms/ingestion/cophieu68/load/load_datawarehouse_cophieu68.py:543"}
{"time":"2026-01-14T23:10:18", "level":"WARNING", "message":"Metric_vi 4. Vốn khác của chủ sở hữu is not supported", "caller":"/mnt/c/Users/Admin/Downloads/Project/Github/ETL_Project/platforms/ingestion/cophieu68/load/load_datawarehouse_cophieu68.py:543"}
{"time":"2026-01-14T23:10:18", "level":"WARNING", "message":"Metric_vi 5. Cổ phiếu quỹ is not supported", "caller":"/mnt/c/Users/Admin/Downloads/Project/Github/ETL_Project/platforms/ingestion/cophieu68/load/load_datawarehouse_cophieu68.py:543"}
{"time":"2026-01-14T23:10:18", "level":"WARNING", "message":"Metric_vi 6. Chênh lệch đánh giá lại tài sản is not supported", "caller":"/mnt/c/Users/Admin/Downloads/Project/Github/ETL_Project/platforms/ingestion/cophieu68/load/load_datawarehouse_cophieu68.py:543"}
{"time":"2026-01-14T23:10:18", "level":"WARNING", "message":"Metric_vi 7. Chênh lệch tỷ giá hối đoái is not supported", "caller":"/mnt/c/Users/Admin/Downloads/Project/Github/ETL_Project/platforms/ingestion/cophieu68/load/load_datawarehouse_cophieu68.py:543"}
{"time":"2026-01-14T23:10:18", "level":"WARNING", "message":"Metric_vi 8. Quỹ đầu tư phát triển is not supported", "caller":"/mnt/c/Users/Admin/Downloads/Project/Github/ETL_Project/platforms/ingestion/cophieu68/load/load_datawarehouse_cophieu68.py:543"}
{"time":"2026-01-14T23:10:19", "level":"WARNING", "message":"Metric_vi 9. Quỹ dự phòng tài chính is not supported", "caller":"/mnt/c/Users/Admin/Downloads/Project/Github/ETL_Project/platforms/ingestion/cophieu68/load/load_datawarehouse_cophieu68.py:543"}
{"time":"2026-01-14T23:10:19", "level":"WARNING", "message":"Metric_vi 10. Quỹ khác thuộc vốn chủ sở hữu is not supported", "caller":"/mnt/c/Users/Admin/Downloads/Project/Github/ETL_Project/platforms/ingestion/cophieu68/load/load_datawarehouse_cophieu68.py:543"}
{"time":"2026-01-14T23:10:19", "level":"WARNING", "message":"Metric_vi 11. Lợi nhuận sau thuế chưa phân phối is not supported", "caller":"/mnt/c/Users/Admin/Downloads/Project/Github/ETL_Project/platforms/ingestion/cophieu68/load/load_datawarehouse_cophieu68.py:543"}
{"time":"2026-01-14T23:10:19", "level":"WARNING", "message":"Metric_vi 12. Nguồn vốn đầu tư xây dựng cơ bản is not supported", "caller":"/mnt/c/Users/Admin/Downloads/Project/Github/ETL_Project/platforms/ingestion/cophieu68/load/load_datawarehouse_cophieu68.py:543"}
{"time":"2026-01-14T23:10:19", "level":"WARNING", "message":"Metric_vi 13. Quỹ hỗ trợ sắp xếp doanh nghiệp is not supported", "caller":"/mnt/c/Users/Admin/Downloads/Project/Github/ETL_Project/platforms/ingestion/cophieu68/load/load_datawarehouse_cophieu68.py:543"}
{"time":"2026-01-14T23:10:19", "level":"WARNING", "message":"Metric_vi 14. Lợi ích của cổ đông không kiểm soát is not supported", "caller":"/mnt/c/Users/Admin/Downloads/Project/Github/ETL_Project/platforms/ingestion/cophieu68/load/load_datawarehouse_cophieu68.py:543"}
{"time":"2026-01-14T23:10:19", "level":"WARNING", "message":"Metric_vi II. Nguồn kinh phí và quỹ khác is not supported", "caller":"/mnt/c/Users/Admin/Downloads/Project/Github/ETL_Project/platforms/ingestion/cophieu68/load/load_datawarehouse_cophieu68.py:543"}
{"time":"2026-01-14T23:10:19", "level":"WARNING", "message":"Metric_vi 1. Nguồn kinh phí is not supported", "caller":"/mnt/c/Users/Admin/Downloads/Project/Github/ETL_Project/platforms/ingestion/cophieu68/load/load_datawarehouse_cophieu68.py:543"}
{"time":"2026-01-14T23:10:19", "level":"WARNING", "message":"Metric_vi 2. Nguồn kinh phí đã hình thành tài sản cố định is not supported", "caller":"/mnt/c/Users/Admin/Downloads/Project/Github/ETL_Project/platforms/ingestion/cophieu68/load/load_datawarehouse_cophieu68.py:543"}
{"time":"2026-01-14T23:10:19", "level":"WARNING", "message":"Metric_vi 3. Quỹ dự phòng trợ cấp mất việc làm is not supported", "caller":"/mnt/c/Users/Admin/Downloads/Project/Github/ETL_Project/platforms/ingestion/cophieu68/load/load_datawarehouse_cophieu68.py:543"}
{"time":"2026-01-14T23:10:19", "level":"WARNING", "message":"Metric_vi TỔNG CỘNG NGUỒN VỐN is not supported", "caller":"/mnt/c/Users/Admin/Downloads/Project/Github/ETL_Project/platforms/ingestion/cophieu68/load/load_datawarehouse_cophieu68.py:543"}
{"time":"2026-01-14T23:10:20", "level":"WARNING", "message":"Metric_vi TÀI SẢN is not supported", "caller":"/mnt/c/Users/Admin/Downloads/Project/Github/ETL_Project/platforms/ingestion/cophieu68/load/load_datawarehouse_cophieu68.py:543"}
{"time":"2026-01-14T23:10:20", "level":"WARNING", "message":"Metric_vi NGUỒN VỐN is not supported", "caller":"/mnt/c/Users/Admin/Downloads/Project/Github/ETL_Project/platforms/ingestion/cophieu68/load/load_datawarehouse_cophieu68.py:543"}
{"time":"2026-01-14T23:10:21", "level":"WARNING", "message":"Metric_vi V. Vốn tài trợ uỷ thác đầu tư mà ngân hàng chịu rủi ro is not supported", "caller":"/mnt/c/Users/Admin/Downloads/Project/Github/ETL_Project/platforms/ingestion/cophieu68/load/load_datawarehouse_cophieu68.py:543"}
{"time":"2026-01-14T23:10:21", "level":"WARNING", "message":"Metric_vi 2.Thuế TNDN hoãn lại phải trả is not supported", "caller":"/mnt/c/Users/Admin/Downloads/Project/Github/ETL_Project/platforms/ingestion/cophieu68/load/load_datawarehouse_cophieu68.py:543"}
{"time":"2026-01-14T23:10:21", "level":"WARNING", "message":"Metric_vi 6. Nguồn kinh phí Quỹ khác is not supported", "caller":"/mnt/c/Users/Admin/Downloads/Project/Github/ETL_Project/platforms/ingestion/cophieu68/load/load_datawarehouse_cophieu68.py:543"}
{"time":"2026-01-14T23:10:21", "level":"WARNING", "message":"Metric_vi TÀI SẢN is not supported", "caller":"/mnt/c/Users/Admin/Downloads/Project/Github/ETL_Project/platforms/ingestion/cophieu68/load/load_datawarehouse_cophieu68.py:543"}
{"time":"2026-01-14T23:10:21", "level":"WARNING", "message":"Metric_vi NGUỒN VỐN is not supported", "caller":"/mnt/c/Users/Admin/Downloads/Project/Github/ETL_Project/platforms/ingestion/cophieu68/load/load_datawarehouse_cophieu68.py:543"}
{"time":"2026-01-14T23:10:21", "level":"WARNING", "message":"Metric_vi V. Vốn tài trợ uỷ thác đầu tư mà ngân hàng chịu rủi ro is not supported", "caller":"/mnt/c/Users/Admin/Downloads/Project/Github/ETL_Project/platforms/ingestion/cophieu68/load/load_datawarehouse_cophieu68.py:543"}
{"time":"2026-01-14T23:10:21", "level":"WARNING", "message":"Metric_vi 2.Thuế TNDN hoãn lại phải trả is not supported", "caller":"/mnt/c/Users/Admin/Downloads/Project/Github/ETL_Project/platforms/ingestion/cophieu68/load/load_datawarehouse_cophieu68.py:543"}
{"time":"2026-01-14T23:10:22", "level":"WARNING", "message":"Metric_vi 6. Nguồn kinh phí Quỹ khác is not supported", "caller":"/mnt/c/Users/Admin/Downloads/Project/Github/ETL_Project/platforms/ingestion/cophieu68/load/load_datawarehouse_cophieu68.py:543"}
{"time":"2026-01-14T23:10:22", "level":"WARNING", "message":"Metric_vi TÀI SẢN is not supported", "caller":"/mnt/c/Users/Admin/Downloads/Project/Github/ETL_Project/platforms/ingestion/cophieu68/load/load_datawarehouse_cophieu68.py:543"}
{"time":"2026-01-14T23:10:22", "level":"WARNING", "message":"Metric_vi NGUỒN VỐN is not supported", "caller":"/mnt/c/Users/Admin/Downloads/Project/Github/ETL_Project/platforms/ingestion/cophieu68/load/load_datawarehouse_cophieu68.py:543"}
{"time":"2026-01-14T23:10:22", "level":"WARNING", "message":"Metric_vi V. Vốn tài trợ uỷ thác đầu tư mà ngân hàng chịu rủi ro is not supported", "caller":"/mnt/c/Users/Admin/Downloads/Project/Github/ETL_Project/platforms/ingestion/cophieu68/load/load_datawarehouse_cophieu68.py:543"}
{"time":"2026-01-14T23:10:22", "level":"WARNING", "message":"Metric_vi 2.Thuế TNDN hoãn lại phải trả is not supported", "caller":"/mnt/c/Users/Admin/Downloads/Project/Github/ETL_Project/platforms/ingestion/cophieu68/load/load_datawarehouse_cophieu68.py:543"}
{"time":"2026-01-14T23:10:22", "level":"WARNING", "message":"Metric_vi 6. Nguồn kinh phí Quỹ khác is not supported", "caller":"/mnt/c/Users/Admin/Downloads/Project/Github/ETL_Project/platforms/ingestion/cophieu68/load/load_datawarehouse_cophieu68.py:543"}
{"time":"2026-01-14T23:10:23", "level":"WARNING", "message":"Metric_vi TÀI SẢN is not supported", "caller":"/mnt/c/Users/Admin/Downloads/Project/Github/ETL_Project/platforms/ingestion/cophieu68/load/load_datawarehouse_cophieu68.py:543"}
{"time":"2026-01-14T23:10:23", "level":"WARNING", "message":"Metric_vi A. Tài sản lưu động và đầu tư ngắn hạn is not supported", "caller":"/mnt/c/Users/Admin/Downloads/Project/Github/ETL_Project/platforms/ingestion/cophieu68/load/load_datawarehouse_cophieu68.py:543"}
{"time":"2026-01-14T23:10:23", "level":"WARNING", "message":"Metric_vi I. Tiền và các khoản tương đương tiền is not supported", "caller":"/mnt/c/Users/Admin/Downloads/Project/Github/ETL_Project/platforms/ingestion/cophieu68/load/load_datawarehouse_cophieu68.py:543"}
{"time":"2026-01-14T23:10:23", "level":"WARNING", "message":"Metric_vi 1. Tiền is not supported", "caller":"/mnt/c/Users/Admin/Downloads/Project/Github/ETL_Project/platforms/ingestion/cophieu68/load/load_datawarehouse_cophieu68.py:543"}
{"time":"2026-01-14T23:10:23", "level":"WARNING", "message":"Metric_vi 2. Các khoản tương đương tiền is not supported", "caller":"/mnt/c/Users/Admin/Downloads/Project/Github/ETL_Project/platforms/ingestion/cophieu68/load/load_datawarehouse_cophieu68.py:543"}
{"time":"2026-01-14T23:10:23", "level":"WARNING", "message":"Metric_vi II. Các khoản đầu tư tài chính ngắn hạn is not supported", "caller":"/mnt/c/Users/Admin/Downloads/Project/Github/ETL_Project/platforms/ingestion/cophieu68/load/load_datawarehouse_cophieu68.py:543"}
{"time":"2026-01-14T23:10:23", "level":"WARNING", "message":"Metric_vi 3. Đầu tư nắm giữ đến ngày đáo hạn is not supported", "caller":"/mnt/c/Users/Admin/Downloads/Project/Github/ETL_Project/platforms/ingestion/cophieu68/load/load_datawarehouse_cophieu68.py:543"}
{"time":"2026-01-14T23:10:23", "level":"WARNING", "message":"Metric_vi III. Các khoản phải thu ngắn hạn is not supported", "caller":"/mnt/c/Users/Admin/Downloads/Project/Github/ETL_Project/platforms/ingestion/cophieu68/load/load_datawarehouse_cophieu68.py:543"}
{"time":"2026-01-14T23:10:23", "level":"WARNING", "message":"Metric_vi 1. Phải thu ngắn hạn của khách hàng is not supported", "caller":"/mnt/c/Users/Admin/Downloads/Project/Github/ETL_Project/platforms/ingestion/cophieu68/load/load_datawarehouse_cophieu68.py:543"}
{"time":"2026-01-14T23:10:24", "level":"WARNING", "message":"Metric_vi 2. Trả trước cho người bán is not supported", "caller":"/mnt/c/Users/Admin/Downloads/Project/Github/ETL_Project/platforms/ingestion/cophieu68/load/load_datawarehouse_cophieu68.py:543"}
{"time":"2026-01-14T23:10:24", "level":"WARNING", "message":"Metric_vi 3. Phải thu nội bộ ngắn hạn is not supported", "caller":"/mnt/c/Users/Admin/Downloads/Project/Github/ETL_Project/platforms/ingestion/cophieu68/load/load_datawarehouse_cophieu68.py:543"}
{"time":"2026-01-14T23:10:24", "level":"WARNING", "message":"Metric_vi 4. Phải thu theo tiến độ hợp đồng xây dựng is not supported", "caller":"/mnt/c/Users/Admin/Downloads/Project/Github/ETL_Project/platforms/ingestion/cophieu68/load/load_datawarehouse_cophieu68.py:543"}
{"time":"2026-01-14T23:10:24", "level":"WARNING", "message":"Metric_vi 5. Phải thu về cho vay ngắn hạn is not supported", "caller":"/mnt/c/Users/Admin/Downloads/Project/Github/ETL_Project/platforms/ingestion/cophieu68/load/load_datawarehouse_cophieu68.py:543"}
{"time":"2026-01-14T23:10:24", "level":"WARNING", "message":"Metric_vi 6. Phải thu ngắn hạn khác is not supported", "caller":"/mnt/c/Users/Admin/Downloads/Project/Github/ETL_Project/platforms/ingestion/cophieu68/load/load_datawarehouse_cophieu68.py:543"}
{"time":"2026-01-14T23:10:24", "level":"WARNING", "message":"Metric_vi 7. Dự phòng phải thu ngắn hạn khó đòi is not supported", "caller":"/mnt/c/Users/Admin/Downloads/Project/Github/ETL_Project/platforms/ingestion/cophieu68/load/load_datawarehouse_cophieu68.py:543"}
{"time":"2026-01-14T23:10:24", "level":"WARNING", "message":"Metric_vi IV. Tổng hàng tồn kho is not supported", "caller":"/mnt/c/Users/Admin/Downloads/Project/Github/ETL_Project/platforms/ingestion/cophieu68/load/load_datawarehouse_cophieu68.py:543"}
{"time":"2026-01-14T23:10:24", "level":"WARNING", "message":"Metric_vi 1. Hàng tồn kho is not supported", "caller":"/mnt/c/Users/Admin/Downloads/Project/Github/ETL_Project/platforms/ingestion/cophieu68/load/load_datawarehouse_cophieu68.py:543"}
{"time":"2026-01-14T23:10:25", "level":"WARNING", "message":"Metric_vi 2. Dự phòng giảm giá hàng tồn kho is not supported", "caller":"/mnt/c/Users/Admin/Downloads/Project/Github/ETL_Project/platforms/ingestion/cophieu68/load/load_datawarehouse_cophieu68.py:543"}
{"time":"2026-01-14T23:10:25", "level":"WARNING", "message":"Metric_vi V. Tài sản ngắn hạn khác is not supported", "caller":"/mnt/c/Users/Admin/Downloads/Project/Github/ETL_Project/platforms/ingestion/cophieu68/load/load_datawarehouse_cophieu68.py:543"}
{"time":"2026-01-14T23:10:25", "level":"WARNING", "message":"Metric_vi 1. Chi phí trả trước ngắn hạn is not supported", "caller":"/mnt/c/Users/Admin/Downloads/Project/Github/ETL_Project/platforms/ingestion/cophieu68/load/load_datawarehouse_cophieu68.py:543"}
{"time":"2026-01-14T23:10:25", "level":"WARNING", "message":"Metric_vi 2. Thuế giá trị gia tăng được khấu trừ is not supported", "caller":"/mnt/c/Users/Admin/Downloads/Project/Github/ETL_Project/platforms/ingestion/cophieu68/load/load_datawarehouse_cophieu68.py:543"}
{"time":"2026-01-14T23:10:25", "level":"WARNING", "message":"Metric_vi 3. Thuế và các khoản phải thu Nhà nước is not supported", "caller":"/mnt/c/Users/Admin/Downloads/Project/Github/ETL_Project/platforms/ingestion/cophieu68/load/load_datawarehouse_cophieu68.py:543"}
{"time":"2026-01-14T23:10:25", "level":"WARNING", "message":"Metric_vi 4. Giao dịch mua bán lại trái phiếu chính phủ is not supported", "caller":"/mnt/c/Users/Admin/Downloads/Project/Github/ETL_Project/platforms/ingestion/cophieu68/load/load_datawarehouse_cophieu68.py:543"}
{"time":"2026-01-14T23:10:25", "level":"WARNING", "message":"Metric_vi 5. Tài sản ngắn hạn khác is not supported", "caller":"/mnt/c/Users/Admin/Downloads/Project/Github/ETL_Project/platforms/ingestion/cophieu68/load/load_datawarehouse_cophieu68.py:543"}
{"time":"2026-01-14T23:10:25", "level":"WARNING", "message":"Metric_vi B. Tài sản cố định và đầu tư dài hạn is not supported", "caller":"/mnt/c/Users/Admin/Downloads/Project/Github/ETL_Project/platforms/ingestion/cophieu68/load/load_datawarehouse_cophieu68.py:543"}
{"time":"2026-01-14T23:10:25", "level":"WARNING", "message":"Metric_vi I. Các khoản phải thu dài hạn is not supported", "caller":"/mnt/c/Users/Admin/Downloads/Project/Github/ETL_Project/platforms/ingestion/cophieu68/load/load_datawarehouse_cophieu68.py:543"}
{"time":"2026-01-14T23:10:25", "level":"WARNING", "message":"Metric_vi 1. Phải thu dài hạn của khách hàng is not supported", "caller":"/mnt/c/Users/Admin/Downloads/Project/Github/ETL_Project/platforms/ingestion/cophieu68/load/load_datawarehouse_cophieu68.py:543"}
{"time":"2026-01-14T23:10:25", "level":"WARNING", "message":"Metric_vi 2. Vốn kinh doanh tại các đơn vị trực thuộc is not supported", "caller":"/mnt/c/Users/Admin/Downloads/Project/Github/ETL_Project/platforms/ingestion/cophieu68/load/load_datawarehouse_cophieu68.py:543"}
{"time":"2026-01-14T23:10:25", "level":"WARNING", "message":"Metric_vi 3. Phải thu dài hạn nội bộ is not supported", "caller":"/mnt/c/Users/Admin/Downloads/Project/Github/ETL_Project/platforms/ingestion/cophieu68/load/load_datawarehouse_cophieu68.py:543"}
{"time":"2026-01-14T23:10:25", "level":"WARNING", "message":"Metric_vi 4. Phải thu về cho vay dài hạn is not supported", "caller":"/mnt/c/Users/Admin/Downloads/Project/Github/ETL_Project/platforms/ingestion/cophieu68/load/load_datawarehouse_cophieu68.py:543"}
{"time":"2026-01-14T23:10:25", "level":"WARNING", "message":"Metric_vi 5. Phải thu dài hạn khác is not supported", "caller":"/mnt/c/Users/Admin/Downloads/Project/Github/ETL_Project/platforms/ingestion/cophieu68/load/load_datawarehouse_cophieu68.py:543"}
{"time":"2026-01-14T23:10:26", "level":"WARNING", "message":"Metric_vi 6. Dự phòng phải thu dài hạn khó đòi is not supported", "caller":"/mnt/c/Users/Admin/Downloads/Project/Github/ETL_Project/platforms/ingestion/cophieu68/load/load_datawarehouse_cophieu68.py:543"}
{"time":"2026-01-14T23:10:26", "level":"WARNING", "message":"Metric_vi II. Tài sản cố định is not supported", "caller":"/mnt/c/Users/Admin/Downloads/Project/Github/ETL_Project/platforms/ingestion/cophieu68/load/load_datawarehouse_cophieu68.py:543"}
{"time":"2026-01-14T23:10:26", "level":"WARNING", "message":"Metric_vi III. Bất động sản đầu tư is not supported", "caller":"/mnt/c/Users/Admin/Downloads/Project/Github/ETL_Project/platforms/ingestion/cophieu68/load/load_datawarehouse_cophieu68.py:543"}
{"time":"2026-01-14T23:10:26", "level":"WARNING", "message":"Metric_vi IV. Tài sản dở dang dài hạn is not supported", "caller":"/mnt/c/Users/Admin/Downloads/Project/Github/ETL_Project/platforms/ingestion/cophieu68/load/load_datawarehouse_cophieu68.py:543"}
{"time":"2026-01-14T23:10:26", "level":"WARNING", "message":"Metric_vi 1. Chi phí sản xuất kinh doanh dở dang dài hạn is not supported", "caller":"/mnt/c/Users/Admin/Downloads/Project/Github/ETL_Project/platforms/ingestion/cophieu68/load/load_datawarehouse_cophieu68.py:543"}
{"time":"2026-01-14T23:10:26", "level":"WARNING", "message":"Metric_vi 2. chi phí xây dựng cơ bản dở dang is not supported", "caller":"/mnt/c/Users/Admin/Downloads/Project/Github/ETL_Project/platforms/ingestion/cophieu68/load/load_datawarehouse_cophieu68.py:543"}
{"time":"2026-01-14T23:10:26", "level":"WARNING", "message":"Metric_vi V. Các khoản đầu tư tài chính dài hạn is not supported", "caller":"/mnt/c/Users/Admin/Downloads/Project/Github/ETL_Project/platforms/ingestion/cophieu68/load/load_datawarehouse_cophieu68.py:543"}
{"time":"2026-01-14T23:10:26", "level":"WARNING", "message":"Metric_vi 2. Đầu tư vào công ty liên kết liên doanh is not supported", "caller":"/mnt/c/Users/Admin/Downloads/Project/Github/ETL_Project/platforms/ingestion/cophieu68/load/load_datawarehouse_cophieu68.py:543"}
{"time":"2026-01-14T23:10:26", "level":"WARNING", "message":"Metric_vi 3. Đầu tư khác vào công cụ vốn is not supported", "caller":"/mnt/c/Users/Admin/Downloads/Project/Github/ETL_Project/platforms/ingestion/cophieu68/load/load_datawarehouse_cophieu68.py:543"}
{"time":"2026-01-14T23:10:26", "level":"WARNING", "message":"Metric_vi 4. Dự phòng giảm giá đầu tư tài chính dài hạn is not supported", "caller":"/mnt/c/Users/Admin/Downloads/Project/Github/ETL_Project/platforms/ingestion/cophieu68/load/load_datawarehouse_cophieu68.py:543"}
{"time":"2026-01-14T23:10:26", "level":"WARNING", "message":"Metric_vi 5. Đầu tư nắm giữ đến ngày đáo hạn is not supported", "caller":"/mnt/c/Users/Admin/Downloads/Project/Github/ETL_Project/platforms/ingestion/cophieu68/load/load_datawarehouse_cophieu68.py:543"}
{"time":"2026-01-14T23:10:26", "level":"WARNING", "message":"Metric_vi VI. Tổng tài sản dài hạn khác is not supported", "caller":"/mnt/c/Users/Admin/Downloads/Project/Github/ETL_Project/platforms/ingestion/cophieu68/load/load_datawarehouse_cophieu68.py:543"}
{"time":"2026-01-14T23:10:26", "level":"WARNING", "message":"Metric_vi 1. Chi phí trả trước dài hạn is not supported", "caller":"/mnt/c/Users/Admin/Downloads/Project/Github/ETL_Project/platforms/ingestion/cophieu68/load/load_datawarehouse_cophieu68.py:543"}
{"time":"2026-01-14T23:10:26", "level":"WARNING", "message":"Metric_vi 2. Tài sản Thuế thu nhập hoãn lại is not supported", "caller":"/mnt/c/Users/Admin/Downloads/Project/Github/ETL_Project/platforms/ingestion/cophieu68/load/load_datawarehouse_cophieu68.py:543"}
{"time":"2026-01-14T23:10:26", "level":"WARNING", "message":"Metric_vi 3. Tài sản dài hạn khác is not supported", "caller":"/mnt/c/Users/Admin/Downloads/Project/Github/ETL_Project/platforms/ingestion/cophieu68/load/load_datawarehouse_cophieu68.py:543"}
{"time":"2026-01-14T23:10:26", "level":"WARNING", "message":"Metric_vi VII. Lợi thế thương mại is not supported", "caller":"/mnt/c/Users/Admin/Downloads/Project/Github/ETL_Project/platforms/ingestion/cophieu68/load/load_datawarehouse_cophieu68.py:543"}
{"time":"2026-01-14T23:10:26", "level":"WARNING", "message":"Metric_vi NGUỒN VỐN is not supported", "caller":"/mnt/c/Users/Admin/Downloads/Project/Github/ETL_Project/platforms/ingestion/cophieu68/load/load_datawarehouse_cophieu68.py:543"}
{"time":"2026-01-14T23:10:26", "level":"WARNING", "message":"Metric_vi A. Nợ phải trả is not supported", "caller":"/mnt/c/Users/Admin/Downloads/Project/Github/ETL_Project/platforms/ingestion/cophieu68/load/load_datawarehouse_cophieu68.py:543"}
{"time":"2026-01-14T23:10:26", "level":"WARNING", "message":"Metric_vi I. Nợ ngắn hạn is not supported", "caller":"/mnt/c/Users/Admin/Downloads/Project/Github/ETL_Project/platforms/ingestion/cophieu68/load/load_datawarehouse_cophieu68.py:543"}
{"time":"2026-01-14T23:10:26", "level":"WARNING", "message":"Metric_vi 1. Vay và nợ thuê tài chính ngắn hạn is not supported", "caller":"/mnt/c/Users/Admin/Downloads/Project/Github/ETL_Project/platforms/ingestion/cophieu68/load/load_datawarehouse_cophieu68.py:543"}
{"time":"2026-01-14T23:10:26", "level":"WARNING", "message":"Metric_vi 2. Vay và nợ dài hạn đến hạn phải trả is not supported", "caller":"/mnt/c/Users/Admin/Downloads/Project/Github/ETL_Project/platforms/ingestion/cophieu68/load/load_datawarehouse_cophieu68.py:543"}
{"time":"2026-01-14T23:10:27", "level":"WARNING", "message":"Metric_vi 3. Phải trả người bán ngắn hạn is not supported", "caller":"/mnt/c/Users/Admin/Downloads/Project/Github/ETL_Project/platforms/ingestion/cophieu68/load/load_datawarehouse_cophieu68.py:543"}
{"time":"2026-01-14T23:10:27", "level":"WARNING", "message":"Metric_vi 4. Người mua trả tiền trước is not supported", "caller":"/mnt/c/Users/Admin/Downloads/Project/Github/ETL_Project/platforms/ingestion/cophieu68/load/load_datawarehouse_cophieu68.py:543"}
{"time":"2026-01-14T23:10:27", "level":"WARNING", "message":"Metric_vi 5. Thuế và các khoản phải nộp nhà nước is not supported", "caller":"/mnt/c/Users/Admin/Downloads/Project/Github/ETL_Project/platforms/ingestion/cophieu68/load/load_datawarehouse_cophieu68.py:543"}
{"time":"2026-01-14T23:10:27", "level":"WARNING", "message":"Metric_vi 6. Phải trả người lao động is not supported", "caller":"/mnt/c/Users/Admin/Downloads/Project/Github/ETL_Project/platforms/ingestion/cophieu68/load/load_datawarehouse_cophieu68.py:543"}
{"time":"2026-01-14T23:10:27", "level":"WARNING", "message":"Metric_vi 7. Chi phí phải trả ngắn hạn is not supported", "caller":"/mnt/c/Users/Admin/Downloads/Project/Github/ETL_Project/platforms/ingestion/cophieu68/load/load_datawarehouse_cophieu68.py:543"}
{"time":"2026-01-14T23:10:27", "level":"WARNING", "message":"Metric_vi 8. Phải trả nội bộ ngắn hạn is not supported", "caller":"/mnt/c/Users/Admin/Downloads/Project/Github/ETL_Project/platforms/ingestion/cophieu68/load/load_datawarehouse_cophieu68.py:543"}
{"time":"2026-01-14T23:10:27", "level":"WARNING", "message":"Metric_vi 9. Phải trả theo tiến độ kế hoạch hợp đồng xây dựng is not supported", "caller":"/mnt/c/Users/Admin/Downloads/Project/Github/ETL_Project/platforms/ingestion/cophieu68/load/load_datawarehouse_cophieu68.py:543"}
{"time":"2026-01-14T23:10:27", "level":"WARNING", "message":"Metric_vi 10. Doanh thu chưa thực hiện ngắn hạn is not supported", "caller":"/mnt/c/Users/Admin/Downloads/Project/Github/ETL_Project/platforms/ingestion/cophieu68/load/load_datawarehouse_cophieu68.py:543"}
{"time":"2026-01-14T23:10:27", "level":"WARNING", "message":"Metric_vi 11. Phải trả ngắn hạn khác is not supported", "caller":"/mnt/c/Users/Admin/Downloads/Project/Github/ETL_Project/platforms/ingestion/cophieu68/load/load_datawarehouse_cophieu68.py:543"}
{"time":"2026-01-14T23:10:27", "level":"WARNING", "message":"Metric_vi 12. Dự phòng phải trả ngắn hạn is not supported", "caller":"/mnt/c/Users/Admin/Downloads/Project/Github/ETL_Project/platforms/ingestion/cophieu68/load/load_datawarehouse_cophieu68.py:543"}
{"time":"2026-01-14T23:10:27", "level":"WARNING", "message":"Metric_vi 13. Quỹ khen thưởng phúc lợi is not supported", "caller":"/mnt/c/Users/Admin/Downloads/Project/Github/ETL_Project/platforms/ingestion/cophieu68/load/load_datawarehouse_cophieu68.py:543"}
{"time":"2026-01-14T23:10:27", "level":"WARNING", "message":"Metric_vi 14. Quỹ bình ổn giá is not supported", "caller":"/mnt/c/Users/Admin/Downloads/Project/Github/ETL_Project/platforms/ingestion/cophieu68/load/load_datawarehouse_cophieu68.py:543"}
{"time":"2026-01-14T23:10:27", "level":"WARNING", "message":"Metric_vi 15. Giao dịch mua bán lại trái phiếu chính phủ is not supported", "caller":"/mnt/c/Users/Admin/Downloads/Project/Github/ETL_Project/platforms/ingestion/cophieu68/load/load_datawarehouse_cophieu68.py:543"}
{"time":"2026-01-14T23:10:27", "level":"WARNING", "message":"Metric_vi II. Nợ dài hạn is not supported", "caller":"/mnt/c/Users/Admin/Downloads/Project/Github/ETL_Project/platforms/ingestion/cophieu68/load/load_datawarehouse_cophieu68.py:543"}
{"time":"2026-01-14T23:10:27", "level":"WARNING", "message":"Metric_vi 1. Phải trả người bán dài hạn is not supported", "caller":"/mnt/c/Users/Admin/Downloads/Project/Github/ETL_Project/platforms/ingestion/cophieu68/load/load_datawarehouse_cophieu68.py:543"}
{"time":"2026-01-14T23:10:27", "level":"WARNING", "message":"Metric_vi 2. Chi phí phải trả dài hạn is not supported", "caller":"/mnt/c/Users/Admin/Downloads/Project/Github/ETL_Project/platforms/ingestion/cophieu68/load/load_datawarehouse_cophieu68.py:543"}
{"time":"2026-01-14T23:10:27", "level":"WARNING", "message":"Metric_vi 3. Phải trả nội bộ về vốn kinh doanh is not supported", "caller":"/mnt/c/Users/Admin/Downloads/Project/Github/ETL_Project/platforms/ingestion/cophieu68/load/load_datawarehouse_cophieu68.py:543"}
{"time":"2026-01-14T23:10:27", "level":"WARNING", "message":"Metric_vi 4. Phải trả nội bộ dài hạn is not supported", "caller":"/mnt/c/Users/Admin/Downloads/Project/Github/ETL_Project/platforms/ingestion/cophieu68/load/load_datawarehouse_cophieu68.py:543"}
{"time":"2026-01-14T23:10:27", "level":"WARNING", "message":"Metric_vi 5. Phải trả dài hạn khác is not supported", "caller":"/mnt/c/Users/Admin/Downloads/Project/Github/ETL_Project/platforms/ingestion/cophieu68/load/load_datawarehouse_cophieu68.py:543"}
{"time":"2026-01-14T23:10:27", "level":"WARNING", "message":"Metric_vi 6. Vay và nợ thuê tài chính dài hạn is not supported", "caller":"/mnt/c/Users/Admin/Downloads/Project/Github/ETL_Project/platforms/ingestion/cophieu68/load/load_datawarehouse_cophieu68.py:543"}
{"time":"2026-01-14T23:10:27", "level":"WARNING", "message":"Metric_vi 7. Trái phiếu chuyển đổi is not supported", "caller":"/mnt/c/Users/Admin/Downloads/Project/Github/ETL_Project/platforms/ingestion/cophieu68/load/load_datawarehouse_cophieu68.py:543"}
{"time":"2026-01-14T23:10:27", "level":"WARNING", "message":"Metric_vi 8. Thuế thu nhập hoãn lại phải trả is not supported", "caller":"/mnt/c/Users/Admin/Downloads/Project/Github/ETL_Project/platforms/ingestion/cophieu68/load/load_datawarehouse_cophieu68.py:543"}
{"time":"2026-01-14T23:10:28", "level":"WARNING", "message":"Metric_vi 9. Dự phòng trợ cấp mất việc làm is not supported", "caller":"/mnt/c/Users/Admin/Downloads/Project/Github/ETL_Project/platforms/ingestion/cophieu68/load/load_datawarehouse_cophieu68.py:543"}
{"time":"2026-01-14T23:10:28", "level":"WARNING", "message":"Metric_vi 10. Dự phòng phải trả dài hạn is not supported", "caller":"/mnt/c/Users/Admin/Downloads/Project/Github/ETL_Project/platforms/ingestion/cophieu68/load/load_datawarehouse_cophieu68.py:543"}
{"time":"2026-01-14T23:10:28", "level":"WARNING", "message":"Metric_vi 11. Doanh thu chưa thực hiện dài hạn is not supported", "caller":"/mnt/c/Users/Admin/Downloads/Project/Github/ETL_Project/platforms/ingestion/cophieu68/load/load_datawarehouse_cophieu68.py:543"}
{"time":"2026-01-14T23:10:28", "level":"WARNING", "message":"Metric_vi 12. Quỹ phát triển khoa học và công nghệ is not supported", "caller":"/mnt/c/Users/Admin/Downloads/Project/Github/ETL_Project/platforms/ingestion/cophieu68/load/load_datawarehouse_cophieu68.py:543"}
{"time":"2026-01-14T23:10:28", "level":"WARNING", "message":"Metric_vi B. Nguồn vốn chủ sở hữu is not supported", "caller":"/mnt/c/Users/Admin/Downloads/Project/Github/ETL_Project/platforms/ingestion/cophieu68/load/load_datawarehouse_cophieu68.py:543"}
{"time":"2026-01-14T23:10:28", "level":"WARNING", "message":"Metric_vi I. Vốn chủ sở hữu is not supported", "caller":"/mnt/c/Users/Admin/Downloads/Project/Github/ETL_Project/platforms/ingestion/cophieu68/load/load_datawarehouse_cophieu68.py:543"}
{"time":"2026-01-14T23:10:28", "level":"WARNING", "message":"Metric_vi 1. Vốn đầu tư của chủ sở hữu is not supported", "caller":"/mnt/c/Users/Admin/Downloads/Project/Github/ETL_Project/platforms/ingestion/cophieu68/load/load_datawarehouse_cophieu68.py:543"}
{"time":"2026-01-14T23:10:28", "level":"WARNING", "message":"Metric_vi 2. Thặng dư vốn cổ phần is not supported", "caller":"/mnt/c/Users/Admin/Downloads/Project/Github/ETL_Project/platforms/ingestion/cophieu68/load/load_datawarehouse_cophieu68.py:543"}
{"time":"2026-01-14T23:10:28", "level":"WARNING", "message":"Metric_vi 3. Quyền chọn chuyển đổi trái phiếu is not supported", "caller":"/mnt/c/Users/Admin/Downloads/Project/Github/ETL_Project/platforms/ingestion/cophieu68/load/load_datawarehouse_cophieu68.py:543"}
{"time":"2026-01-14T23:10:28", "level":"WARNING", "message":"Metric_vi 4. Vốn khác của chủ sở hữu is not supported", "caller":"/mnt/c/Users/Admin/Downloads/Project/Github/ETL_Project/platforms/ingestion/cophieu68/load/load_datawarehouse_cophieu68.py:543"}
{"time":"2026-01-14T23:10:28", "level":"WARNING", "message":"Metric_vi 5. Cổ phiếu quỹ is not supported", "caller":"/mnt/c/Users/Admin/Downloads/Project/Github/ETL_Project/platforms/ingestion/cophieu68/load/load_datawarehouse_cophieu68.py:543"}
{"time":"2026-01-14T23:10:28", "level":"WARNING", "message":"Metric_vi 6. Chênh lệch đánh giá lại tài sản is not supported", "caller":"/mnt/c/Users/Admin/Downloads/Project/Github/ETL_Project/platforms/ingestion/cophieu68/load/load_datawarehouse_cophieu68.py:543"}
{"time":"2026-01-14T23:10:28", "level":"WARNING", "message":"Metric_vi 7. Chênh lệch tỷ giá hối đoái is not supported", "caller":"/mnt/c/Users/Admin/Downloads/Project/Github/ETL_Project/platforms/ingestion/cophieu68/load/load_datawarehouse_cophieu68.py:543"}
{"time":"2026-01-14T23:10:28", "level":"WARNING", "message":"Metric_vi 8. Quỹ đầu tư phát triển is not supported", "caller":"/mnt/c/Users/Admin/Downloads/Project/Github/ETL_Project/platforms/ingestion/cophieu68/load/load_datawarehouse_cophieu68.py:543"}
{"time":"2026-01-14T23:10:28", "level":"WARNING", "message":"Metric_vi 9. Quỹ dự phòng tài chính is not supported", "caller":"/mnt/c/Users/Admin/Downloads/Project/Github/ETL_Project/platforms/ingestion/cophieu68/load/load_datawarehouse_cophieu68.py:543"}
{"time":"2026-01-14T23:10:28", "level":"WARNING", "message":"Metric_vi 10. Quỹ khác thuộc vốn chủ sở hữu is not supported", "caller":"/mnt/c/Users/Admin/Downloads/Project/Github/ETL_Project/platforms/ingestion/cophieu68/load/load_datawarehouse_cophieu68.py:543"}
{"time":"2026-01-14T23:10:28", "level":"WARNING", "message":"Metric_vi 11. Lợi nhuận sau thuế chưa phân phối is not supported", "caller":"/mnt/c/Users/Admin/Downloads/Project/Github/ETL_Project/platforms/ingestion/cophieu68/load/load_datawarehouse_cophieu68.py:543"}
{"time":"2026-01-14T23:10:28", "level":"WARNING", "message":"Metric_vi 12. Nguồn vốn đầu tư xây dựng cơ bản is not supported", "caller":"/mnt/c/Users/Admin/Downloads/Project/Github/ETL_Project/platforms/ingestion/cophieu68/load/load_datawarehouse_cophieu68.py:543"}
{"time":"2026-01-14T23:10:28", "level":"WARNING", "message":"Metric_vi 13. Quỹ hỗ trợ sắp xếp doanh nghiệp is not supported", "caller":"/mnt/c/Users/Admin/Downloads/Project/Github/ETL_Project/platforms/ingestion/cophieu68/load/load_datawarehouse_cophieu68.py:543"}
{"time":"2026-01-14T23:10:28", "level":"WARNING", "message":"Metric_vi 14. Lợi ích của cổ đông không kiểm soát is not supported", "caller":"/mnt/c/Users/Admin/Downloads/Project/Github/ETL_Project/platforms/ingestion/cophieu68/load/load_datawarehouse_cophieu68.py:543"}
{"time":"2026-01-14T23:10:28", "level":"WARNING", "message":"Metric_vi II. Nguồn kinh phí và quỹ khác is not supported", "caller":"/mnt/c/Users/Admin/Downloads/Project/Github/ETL_Project/platforms/ingestion/cophieu68/load/load_datawarehouse_cophieu68.py:543"}
{"time":"2026-01-14T23:10:28", "level":"WARNING", "message":"Metric_vi 1. Nguồn kinh phí is not supported", "caller":"/mnt/c/Users/Admin/Downloads/Project/Github/ETL_Project/platforms/ingestion/cophieu68/load/load_datawarehouse_cophieu68.py:543"}
{"time":"2026-01-14T23:10:28", "level":"WARNING", "message":"Metric_vi 2. Nguồn kinh phí đã hình thành tài sản cố định is not supported", "caller":"/mnt/c/Users/Admin/Downloads/Project/Github/ETL_Project/platforms/ingestion/cophieu68/load/load_datawarehouse_cophieu68.py:543"}
{"time":"2026-01-14T23:10:28", "level":"WARNING", "message":"Metric_vi 3. Quỹ dự phòng trợ cấp mất việc làm is not supported", "caller":"/mnt/c/Users/Admin/Downloads/Project/Github/ETL_Project/platforms/ingestion/cophieu68/load/load_datawarehouse_cophieu68.py:543"}
{"time":"2026-01-14T23:10:28", "level":"WARNING", "message":"Metric_vi TỔNG CỘNG NGUỒN VỐN is not supported", "caller":"/mnt/c/Users/Admin/Downloads/Project/Github/ETL_Project/platforms/ingestion/cophieu68/load/load_datawarehouse_cophieu68.py:543"}
{"time":"2026-01-14T23:10:28", "level":"WARNING", "message":"Metric_vi TÀI SẢN is not supported", "caller":"/mnt/c/Users/Admin/Downloads/Project/Github/ETL_Project/platforms/ingestion/cophieu68/load/load_datawarehouse_cophieu68.py:543"}
{"time":"2026-01-14T23:10:28", "level":"WARNING", "message":"Metric_vi A. Tài sản lưu động và đầu tư ngắn hạn is not supported", "caller":"/mnt/c/Users/Admin/Downloads/Project/Github/ETL_Project/platforms/ingestion/cophieu68/load/load_datawarehouse_cophieu68.py:543"}
{"time":"2026-01-14T23:10:28", "level":"WARNING", "message":"Metric_vi I. Tiền và các khoản tương đương tiền is not supported", "caller":"/mnt/c/Users/Admin/Downloads/Project/Github/ETL_Project/platforms/ingestion/cophieu68/load/load_datawarehouse_cophieu68.py:543"}
{"time":"2026-01-14T23:10:28", "level":"WARNING", "message":"Metric_vi 1. Tiền is not supported", "caller":"/mnt/c/Users/Admin/Downloads/Project/Github/ETL_Project/platforms/ingestion/cophieu68/load/load_datawarehouse_cophieu68.py:543"}
{"time":"2026-01-14T23:10:28", "level":"WARNING", "message":"Metric_vi 2. Các khoản tương đương tiền is not supported", "caller":"/mnt/c/Users/Admin/Downloads/Project/Github/ETL_Project/platforms/ingestion/cophieu68/load/load_datawarehouse_cophieu68.py:543"}
{"time":"2026-01-14T23:10:28", "level":"WARNING", "message":"Metric_vi II. Các khoản đầu tư tài chính ngắn hạn is not supported", "caller":"/mnt/c/Users/Admin/Downloads/Project/Github/ETL_Project/platforms/ingestion/cophieu68/load/load_datawarehouse_cophieu68.py:543"}
{"time":"2026-01-14T23:10:28", "level":"WARNING", "message":"Metric_vi 3. Đầu tư nắm giữ đến ngày đáo hạn is not supported", "caller":"/mnt/c/Users/Admin/Downloads/Project/Github/ETL_Project/platforms/ingestion/cophieu68/load/load_datawarehouse_cophieu68.py:543"}
{"time":"2026-01-14T23:10:28", "level":"WARNING", "message":"Metric_vi III. Các khoản phải thu ngắn hạn is not supported", "caller":"/mnt/c/Users/Admin/Downloads/Project/Github/ETL_Project/platforms/ingestion/cophieu68/load/load_datawarehouse_cophieu68.py:543"}
{"time":"2026-01-14T23:10:28", "level":"WARNING", "message":"Metric_vi 1. Phải thu ngắn hạn của khách hàng is not supported", "caller":"/mnt/c/Users/Admin/Downloads/Project/Github/ETL_Project/platforms/ingestion/cophieu68/load/load_datawarehouse_cophieu68.py:543"}
{"time":"2026-01-14T23:10:29", "level":"WARNING", "message":"Metric_vi 2. Trả trước cho người bán is not supported", "caller":"/mnt/c/Users/Admin/Downloads/Project/Github/ETL_Project/platforms/ingestion/cophieu68/load/load_datawarehouse_cophieu68.py:543"}
{"time":"2026-01-14T23:10:29", "level":"WARNING", "message":"Metric_vi 3. Phải thu nội bộ ngắn hạn is not supported", "caller":"/mnt/c/Users/Admin/Downloads/Project/Github/ETL_Project/platforms/ingestion/cophieu68/load/load_datawarehouse_cophieu68.py:543"}
{"time":"2026-01-14T23:10:29", "level":"WARNING", "message":"Metric_vi 4. Phải thu theo tiến độ hợp đồng xây dựng is not supported", "caller":"/mnt/c/Users/Admin/Downloads/Project/Github/ETL_Project/platforms/ingestion/cophieu68/load/load_datawarehouse_cophieu68.py:543"}
{"time":"2026-01-14T23:10:29", "level":"WARNING", "message":"Metric_vi 5. Phải thu về cho vay ngắn hạn is not supported", "caller":"/mnt/c/Users/Admin/Downloads/Project/Github/ETL_Project/platforms/ingestion/cophieu68/load/load_datawarehouse_cophieu68.py:543"}
{"time":"2026-01-14T23:10:29", "level":"WARNING", "message":"Metric_vi 6. Phải thu ngắn hạn khác is not supported", "caller":"/mnt/c/Users/Admin/Downloads/Project/Github/ETL_Project/platforms/ingestion/cophieu68/load/load_datawarehouse_cophieu68.py:543"}
{"time":"2026-01-14T23:10:29", "level":"WARNING", "message":"Metric_vi 7. Dự phòng phải thu ngắn hạn khó đòi is not supported", "caller":"/mnt/c/Users/Admin/Downloads/Project/Github/ETL_Project/platforms/ingestion/cophieu68/load/load_datawarehouse_cophieu68.py:543"}
{"time":"2026-01-14T23:10:29", "level":"WARNING", "message":"Metric_vi IV. Tổng hàng tồn kho is not supported", "caller":"/mnt/c/Users/Admin/Downloads/Project/Github/ETL_Project/platforms/ingestion/cophieu68/load/load_datawarehouse_cophieu68.py:543"}
{"time":"2026-01-14T23:10:29", "level":"WARNING", "message":"Metric_vi 1. Hàng tồn kho is not supported", "caller":"/mnt/c/Users/Admin/Downloads/Project/Github/ETL_Project/platforms/ingestion/cophieu68/load/load_datawarehouse_cophieu68.py:543"}
{"time":"2026-01-14T23:10:29", "level":"WARNING", "message":"Metric_vi 2. Dự phòng giảm giá hàng tồn kho is not supported", "caller":"/mnt/c/Users/Admin/Downloads/Project/Github/ETL_Project/platforms/ingestion/cophieu68/load/load_datawarehouse_cophieu68.py:543"}
{"time":"2026-01-14T23:10:29", "level":"WARNING", "message":"Metric_vi V. Tài sản ngắn hạn khác is not supported", "caller":"/mnt/c/Users/Admin/Downloads/Project/Github/ETL_Project/platforms/ingestion/cophieu68/load/load_datawarehouse_cophieu68.py:543"}
{"time":"2026-01-14T23:10:29", "level":"WARNING", "message":"Metric_vi 1. Chi phí trả trước ngắn hạn is not supported", "caller":"/mnt/c/Users/Admin/Downloads/Project/Github/ETL_Project/platforms/ingestion/cophieu68/load/load_datawarehouse_cophieu68.py:543"}
{"time":"2026-01-14T23:10:29", "level":"WARNING", "message":"Metric_vi 2. Thuế giá trị gia tăng được khấu trừ is not supported", "caller":"/mnt/c/Users/Admin/Downloads/Project/Github/ETL_Project/platforms/ingestion/cophieu68/load/load_datawarehouse_cophieu68.py:543"}
{"time":"2026-01-14T23:10:29", "level":"WARNING", "message":"Metric_vi 3. Thuế và các khoản phải thu Nhà nước is not supported", "caller":"/mnt/c/Users/Admin/Downloads/Project/Github/ETL_Project/platforms/ingestion/cophieu68/load/load_datawarehouse_cophieu68.py:543"}
{"time":"2026-01-14T23:10:29", "level":"WARNING", "message":"Metric_vi 4. Giao dịch mua bán lại trái phiếu chính phủ is not supported", "caller":"/mnt/c/Users/Admin/Downloads/Project/Github/ETL_Project/platforms/ingestion/cophieu68/load/load_datawarehouse_cophieu68.py:543"}
{"time":"2026-01-14T23:10:29", "level":"WARNING", "message":"Metric_vi 5. Tài sản ngắn hạn khác is not supported", "caller":"/mnt/c/Users/Admin/Downloads/Project/Github/ETL_Project/platforms/ingestion/cophieu68/load/load_datawarehouse_cophieu68.py:543"}
{"time":"2026-01-14T23:10:29", "level":"WARNING", "message":"Metric_vi B. Tài sản cố định và đầu tư dài hạn is not supported", "caller":"/mnt/c/Users/Admin/Downloads/Project/Github/ETL_Project/platforms/ingestion/cophieu68/load/load_datawarehouse_cophieu68.py:543"}
{"time":"2026-01-14T23:10:29", "level":"WARNING", "message":"Metric_vi I. Các khoản phải thu dài hạn is not supported", "caller":"/mnt/c/Users/Admin/Downloads/Project/Github/ETL_Project/platforms/ingestion/cophieu68/load/load_datawarehouse_cophieu68.py:543"}
{"time":"2026-01-14T23:10:29", "level":"WARNING", "message":"Metric_vi 1. Phải thu dài hạn của khách hàng is not supported", "caller":"/mnt/c/Users/Admin/Downloads/Project/Github/ETL_Project/platforms/ingestion/cophieu68/load/load_datawarehouse_cophieu68.py:543"}
{"time":"2026-01-14T23:10:29", "level":"WARNING", "message":"Metric_vi 2. Vốn kinh doanh tại các đơn vị trực thuộc is not supported", "caller":"/mnt/c/Users/Admin/Downloads/Project/Github/ETL_Project/platforms/ingestion/cophieu68/load/load_datawarehouse_cophieu68.py:543"}
{"time":"2026-01-14T23:10:29", "level":"WARNING", "message":"Metric_vi 3. Phải thu dài hạn nội bộ is not supported", "caller":"/mnt/c/Users/Admin/Downloads/Project/Github/ETL_Project/platforms/ingestion/cophieu68/load/load_datawarehouse_cophieu68.py:543"}
{"time":"2026-01-14T23:10:29", "level":"WARNING", "message":"Metric_vi 4. Phải thu về cho vay dài hạn is not supported", "caller":"/mnt/c/Users/Admin/Downloads/Project/Github/ETL_Project/platforms/ingestion/cophieu68/load/load_datawarehouse_cophieu68.py:543"}
{"time":"2026-01-14T23:10:29", "level":"WARNING", "message":"Metric_vi 5. Phải thu dài hạn khác is not supported", "caller":"/mnt/c/Users/Admin/Downloads/Project/Github/ETL_Project/platforms/ingestion/cophieu68/load/load_datawarehouse_cophieu68.py:543"}
{"time":"2026-01-14T23:10:29", "level":"WARNING", "message":"Metric_vi 6. Dự phòng phải thu dài hạn khó đòi is not supported", "caller":"/mnt/c/Users/Admin/Downloads/Project/Github/ETL_Project/platforms/ingestion/cophieu68/load/load_datawarehouse_cophieu68.py:543"}
{"time":"2026-01-14T23:10:29", "level":"WARNING", "message":"Metric_vi II. Tài sản cố định is not supported", "caller":"/mnt/c/Users/Admin/Downloads/Project/Github/ETL_Project/platforms/ingestion/cophieu68/load/load_datawarehouse_cophieu68.py:543"}
{"time":"2026-01-14T23:10:29", "level":"WARNING", "message":"Metric_vi III. Bất động sản đầu tư is not supported", "caller":"/mnt/c/Users/Admin/Downloads/Project/Github/ETL_Project/platforms/ingestion/cophieu68/load/load_datawarehouse_cophieu68.py:543"}
{"time":"2026-01-14T23:10:29", "level":"WARNING", "message":"Metric_vi IV. Tài sản dở dang dài hạn is not supported", "caller":"/mnt/c/Users/Admin/Downloads/Project/Github/ETL_Project/platforms/ingestion/cophieu68/load/load_datawarehouse_cophieu68.py:543"}
{"time":"2026-01-14T23:10:29", "level":"WARNING", "message":"Metric_vi 1. Chi phí sản xuất kinh doanh dở dang dài hạn is not supported", "caller":"/mnt/c/Users/Admin/Downloads/Project/Github/ETL_Project/platforms/ingestion/cophieu68/load/load_datawarehouse_cophieu68.py:543"}
{"time":"2026-01-14T23:10:29", "level":"WARNING", "message":"Metric_vi 2. chi phí xây dựng cơ bản dở dang is not supported", "caller":"/mnt/c/Users/Admin/Downloads/Project/Github/ETL_Project/platforms/ingestion/cophieu68/load/load_datawarehouse_cophieu68.py:543"}
{"time":"2026-01-14T23:10:29", "level":"WARNING", "message":"Metric_vi V. Các khoản đầu tư tài chính dài hạn is not supported", "caller":"/mnt/c/Users/Admin/Downloads/Project/Github/ETL_Project/platforms/ingestion/cophieu68/load/load_datawarehouse_cophieu68.py:543"}
{"time":"2026-01-14T23:10:29", "level":"WARNING", "message":"Metric_vi 2. Đầu tư vào công ty liên kết liên doanh is not supported", "caller":"/mnt/c/Users/Admin/Downloads/Project/Github/ETL_Project/platforms/ingestion/cophieu68/load/load_datawarehouse_cophieu68.py:543"}
{"time":"2026-01-14T23:10:29", "level":"WARNING", "message":"Metric_vi 3. Đầu tư khác vào công cụ vốn is not supported", "caller":"/mnt/c/Users/Admin/Downloads/Project/Github/ETL_Project/platforms/ingestion/cophieu68/load/load_datawarehouse_cophieu68.py:543"}
{"time":"2026-01-14T23:10:29", "level":"WARNING", "message":"Metric_vi 4. Dự phòng giảm giá đầu tư tài chính dài hạn is not supported", "caller":"/mnt/c/Users/Admin/Downloads/Project/Github/ETL_Project/platforms/ingestion/cophieu68/load/load_datawarehouse_cophieu68.py:543"}
{"time":"2026-01-14T23:10:29", "level":"WARNING", "message":"Metric_vi 5. Đầu tư nắm giữ đến ngày đáo hạn is not supported", "caller":"/mnt/c/Users/Admin/Downloads/Project/Github/ETL_Project/platforms/ingestion/cophieu68/load/load_datawarehouse_cophieu68.py:543"}
{"time":"2026-01-14T23:10:29", "level":"WARNING", "message":"Metric_vi VI. Tổng tài sản dài hạn khác is not supported", "caller":"/mnt/c/Users/Admin/Downloads/Project/Github/ETL_Project/platforms/ingestion/cophieu68/load/load_datawarehouse_cophieu68.py:543"}
{"time":"2026-01-14T23:10:29", "level":"WARNING", "message":"Metric_vi 1. Chi phí trả trước dài hạn is not supported", "caller":"/mnt/c/Users/Admin/Downloads/Project/Github/ETL_Project/platforms/ingestion/cophieu68/load/load_datawarehouse_cophieu68.py:543"}
{"time":"2026-01-14T23:10:29", "level":"WARNING", "message":"Metric_vi 2. Tài sản Thuế thu nhập hoãn lại is not supported", "caller":"/mnt/c/Users/Admin/Downloads/Project/Github/ETL_Project/platforms/ingestion/cophieu68/load/load_datawarehouse_cophieu68.py:543"}
{"time":"2026-01-14T23:10:29", "level":"WARNING", "message":"Metric_vi 3. Tài sản dài hạn khác is not supported", "caller":"/mnt/c/Users/Admin/Downloads/Project/Github/ETL_Project/platforms/ingestion/cophieu68/load/load_datawarehouse_cophieu68.py:543"}
{"time":"2026-01-14T23:10:29", "level":"WARNING", "message":"Metric_vi VII. Lợi thế thương mại is not supported", "caller":"/mnt/c/Users/Admin/Downloads/Project/Github/ETL_Project/platforms/ingestion/cophieu68/load/load_datawarehouse_cophieu68.py:543"}
{"time":"2026-01-14T23:10:29", "level":"WARNING", "message":"Metric_vi NGUỒN VỐN is not supported", "caller":"/mnt/c/Users/Admin/Downloads/Project/Github/ETL_Project/platforms/ingestion/cophieu68/load/load_datawarehouse_cophieu68.py:543"}
{"time":"2026-01-14T23:10:29", "level":"WARNING", "message":"Metric_vi A. Nợ phải trả is not supported", "caller":"/mnt/c/Users/Admin/Downloads/Project/Github/ETL_Project/platforms/ingestion/cophieu68/load/load_datawarehouse_cophieu68.py:543"}
{"time":"2026-01-14T23:10:29", "level":"WARNING", "message":"Metric_vi I. Nợ ngắn hạn is not supported", "caller":"/mnt/c/Users/Admin/Downloads/Project/Github/ETL_Project/platforms/ingestion/cophieu68/load/load_datawarehouse_cophieu68.py:543"}
{"time":"2026-01-14T23:10:29", "level":"WARNING", "message":"Metric_vi 1. Vay và nợ thuê tài chính ngắn hạn is not supported", "caller":"/mnt/c/Users/Admin/Downloads/Project/Github/ETL_Project/platforms/ingestion/cophieu68/load/load_datawarehouse_cophieu68.py:543"}
{"time":"2026-01-14T23:10:30", "level":"WARNING", "message":"Metric_vi 2. Vay và nợ dài hạn đến hạn phải trả is not supported", "caller":"/mnt/c/Users/Admin/Downloads/Project/Github/ETL_Project/platforms/ingestion/cophieu68/load/load_datawarehouse_cophieu68.py:543"}
{"time":"2026-01-14T23:10:30", "level":"WARNING", "message":"Metric_vi 3. Phải trả người bán ngắn hạn is not supported", "caller":"/mnt/c/Users/Admin/Downloads/Project/Github/ETL_Project/platforms/ingestion/cophieu68/load/load_datawarehouse_cophieu68.py:543"}
{"time":"2026-01-14T23:10:30", "level":"WARNING", "message":"Metric_vi 4. Người mua trả tiền trước is not supported", "caller":"/mnt/c/Users/Admin/Downloads/Project/Github/ETL_Project/platforms/ingestion/cophieu68/load/load_datawarehouse_cophieu68.py:543"}
{"time":"2026-01-14T23:10:30", "level":"WARNING", "message":"Metric_vi 5. Thuế và các khoản phải nộp nhà nước is not supported", "caller":"/mnt/c/Users/Admin/Downloads/Project/Github/ETL_Project/platforms/ingestion/cophieu68/load/load_datawarehouse_cophieu68.py:543"}
{"time":"2026-01-14T23:10:30", "level":"WARNING", "message":"Metric_vi 6. Phải trả người lao động is not supported", "caller":"/mnt/c/Users/Admin/Downloads/Project/Github/ETL_Project/platforms/ingestion/cophieu68/load/load_datawarehouse_cophieu68.py:543"}
{"time":"2026-01-14T23:10:30", "level":"WARNING", "message":"Metric_vi 7. Chi phí phải trả ngắn hạn is not supported", "caller":"/mnt/c/Users/Admin/Downloads/Project/Github/ETL_Project/platforms/ingestion/cophieu68/load/load_datawarehouse_cophieu68.py:543"}
{"time":"2026-01-14T23:10:30", "level":"WARNING", "message":"Metric_vi 8. Phải trả nội bộ ngắn hạn is not supported", "caller":"/mnt/c/Users/Admin/Downloads/Project/Github/ETL_Project/platforms/ingestion/cophieu68/load/load_datawarehouse_cophieu68.py:543"}
{"time":"2026-01-14T23:10:30", "level":"WARNING", "message":"Metric_vi 9. Phải trả theo tiến độ kế hoạch hợp đồng xây dựng is not supported", "caller":"/mnt/c/Users/Admin/Downloads/Project/Github/ETL_Project/platforms/ingestion/cophieu68/load/load_datawarehouse_cophieu68.py:543"}
{"time":"2026-01-14T23:10:30", "level":"WARNING", "message":"Metric_vi 10. Doanh thu chưa thực hiện ngắn hạn is not supported", "caller":"/mnt/c/Users/Admin/Downloads/Project/Github/ETL_Project/platforms/ingestion/cophieu68/load/load_datawarehouse_cophieu68.py:543"}
{"time":"2026-01-14T23:10:30", "level":"WARNING", "message":"Metric_vi 11. Phải trả ngắn hạn khác is not supported", "caller":"/mnt/c/Users/Admin/Downloads/Project/Github/ETL_Project/platforms/ingestion/cophieu68/load/load_datawarehouse_cophieu68.py:543"}
{"time":"2026-01-14T23:10:30", "level":"WARNING", "message":"Metric_vi 12. Dự phòng phải trả ngắn hạn is not supported", "caller":"/mnt/c/Users/Admin/Downloads/Project/Github/ETL_Project/platforms/ingestion/cophieu68/load/load_datawarehouse_cophieu68.py:543"}
{"time":"2026-01-14T23:10:30", "level":"WARNING", "message":"Metric_vi 13. Quỹ khen thưởng phúc lợi is not supported", "caller":"/mnt/c/Users/Admin/Downloads/Project/Github/ETL_Project/platforms/ingestion/cophieu68/load/load_datawarehouse_cophieu68.py:543"}
{"time":"2026-01-14T23:10:30", "level":"WARNING", "message":"Metric_vi 14. Quỹ bình ổn giá is not supported", "caller":"/mnt/c/Users/Admin/Downloads/Project/Github/ETL_Project/platforms/ingestion/cophieu68/load/load_datawarehouse_cophieu68.py:543"}
{"time":"2026-01-14T23:10:30", "level":"WARNING", "message":"Metric_vi 15. Giao dịch mua bán lại trái phiếu chính phủ is not supported", "caller":"/mnt/c/Users/Admin/Downloads/Project/Github/ETL_Project/platforms/ingestion/cophieu68/load/load_datawarehouse_cophieu68.py:543"}
{"time":"2026-01-14T23:10:30", "level":"WARNING", "message":"Metric_vi II. Nợ dài hạn is not supported", "caller":"/mnt/c/Users/Admin/Downloads/Project/Github/ETL_Project/platforms/ingestion/cophieu68/load/load_datawarehouse_cophieu68.py:543"}
{"time":"2026-01-14T23:10:30", "level":"WARNING", "message":"Metric_vi 1. Phải trả người bán dài hạn is not supported", "caller":"/mnt/c/Users/Admin/Downloads/Project/Github/ETL_Project/platforms/ingestion/cophieu68/load/load_datawarehouse_cophieu68.py:543"}
{"time":"2026-01-14T23:10:30", "level":"WARNING", "message":"Metric_vi 2. Chi phí phải trả dài hạn is not supported", "caller":"/mnt/c/Users/Admin/Downloads/Project/Github/ETL_Project/platforms/ingestion/cophieu68/load/load_datawarehouse_cophieu68.py:543"}
{"time":"2026-01-14T23:10:30", "level":"WARNING", "message":"Metric_vi 3. Phải trả nội bộ về vốn kinh doanh is not supported", "caller":"/mnt/c/Users/Admin/Downloads/Project/Github/ETL_Project/platforms/ingestion/cophieu68/load/load_datawarehouse_cophieu68.py:543"}
{"time":"2026-01-14T23:10:30", "level":"WARNING", "message":"Metric_vi 4. Phải trả nội bộ dài hạn is not supported", "caller":"/mnt/c/Users/Admin/Downloads/Project/Github/ETL_Project/platforms/ingestion/cophieu68/load/load_datawarehouse_cophieu68.py:543"}
{"time":"2026-01-14T23:10:30", "level":"WARNING", "message":"Metric_vi 5. Phải trả dài hạn khác is not supported", "caller":"/mnt/c/Users/Admin/Downloads/Project/Github/ETL_Project/platforms/ingestion/cophieu68/load/load_datawarehouse_cophieu68.py:543"}
{"time":"2026-01-14T23:10:30", "level":"WARNING", "message":"Metric_vi 6. Vay và nợ thuê tài chính dài hạn is not supported", "caller":"/mnt/c/Users/Admin/Downloads/Project/Github/ETL_Project/platforms/ingestion/cophieu68/load/load_datawarehouse_cophieu68.py:543"}
{"time":"2026-01-14T23:10:30", "level":"WARNING", "message":"Metric_vi 7. Trái phiếu chuyển đổi is not supported", "caller":"/mnt/c/Users/Admin/Downloads/Project/Github/ETL_Project/platforms/ingestion/cophieu68/load/load_datawarehouse_cophieu68.py:543"}
{"time":"2026-01-14T23:10:30", "level":"WARNING", "message":"Metric_vi 8. Thuế thu nhập hoãn lại phải trả is not supported", "caller":"/mnt/c/Users/Admin/Downloads/Project/Github/ETL_Project/platforms/ingestion/cophieu68/load/load_datawarehouse_cophieu68.py:543"}
{"time":"2026-01-14T23:10:31", "level":"WARNING", "message":"Metric_vi 9. Dự phòng trợ cấp mất việc làm is not supported", "caller":"/mnt/c/Users/Admin/Downloads/Project/Github/ETL_Project/platforms/ingestion/cophieu68/load/load_datawarehouse_cophieu68.py:543"}
{"time":"2026-01-14T23:10:31", "level":"WARNING", "message":"Metric_vi 10. Dự phòng phải trả dài hạn is not supported", "caller":"/mnt/c/Users/Admin/Downloads/Project/Github/ETL_Project/platforms/ingestion/cophieu68/load/load_datawarehouse_cophieu68.py:543"}
{"time":"2026-01-14T23:10:31", "level":"WARNING", "message":"Metric_vi 11. Doanh thu chưa thực hiện dài hạn is not supported", "caller":"/mnt/c/Users/Admin/Downloads/Project/Github/ETL_Project/platforms/ingestion/cophieu68/load/load_datawarehouse_cophieu68.py:543"}
{"time":"2026-01-14T23:10:31", "level":"WARNING", "message":"Metric_vi 12. Quỹ phát triển khoa học và công nghệ is not supported", "caller":"/mnt/c/Users/Admin/Downloads/Project/Github/ETL_Project/platforms/ingestion/cophieu68/load/load_datawarehouse_cophieu68.py:543"}
{"time":"2026-01-14T23:10:31", "level":"WARNING", "message":"Metric_vi B. Nguồn vốn chủ sở hữu is not supported", "caller":"/mnt/c/Users/Admin/Downloads/Project/Github/ETL_Project/platforms/ingestion/cophieu68/load/load_datawarehouse_cophieu68.py:543"}
{"time":"2026-01-14T23:10:31", "level":"WARNING", "message":"Metric_vi I. Vốn chủ sở hữu is not supported", "caller":"/mnt/c/Users/Admin/Downloads/Project/Github/ETL_Project/platforms/ingestion/cophieu68/load/load_datawarehouse_cophieu68.py:543"}
{"time":"2026-01-14T23:10:31", "level":"WARNING", "message":"Metric_vi 1. Vốn đầu tư của chủ sở hữu is not supported", "caller":"/mnt/c/Users/Admin/Downloads/Project/Github/ETL_Project/platforms/ingestion/cophieu68/load/load_datawarehouse_cophieu68.py:543"}
{"time":"2026-01-14T23:10:31", "level":"WARNING", "message":"Metric_vi 2. Thặng dư vốn cổ phần is not supported", "caller":"/mnt/c/Users/Admin/Downloads/Project/Github/ETL_Project/platforms/ingestion/cophieu68/load/load_datawarehouse_cophieu68.py:543"}
{"time":"2026-01-14T23:10:32", "level":"WARNING", "message":"Metric_vi 3. Quyền chọn chuyển đổi trái phiếu is not supported", "caller":"/mnt/c/Users/Admin/Downloads/Project/Github/ETL_Project/platforms/ingestion/cophieu68/load/load_datawarehouse_cophieu68.py:543"}
{"time":"2026-01-14T23:10:32", "level":"WARNING", "message":"Metric_vi 4. Vốn khác của chủ sở hữu is not supported", "caller":"/mnt/c/Users/Admin/Downloads/Project/Github/ETL_Project/platforms/ingestion/cophieu68/load/load_datawarehouse_cophieu68.py:543"}
{"time":"2026-01-14T23:10:32", "level":"WARNING", "message":"Metric_vi 5. Cổ phiếu quỹ is not supported", "caller":"/mnt/c/Users/Admin/Downloads/Project/Github/ETL_Project/platforms/ingestion/cophieu68/load/load_datawarehouse_cophieu68.py:543"}
{"time":"2026-01-14T23:10:32", "level":"WARNING", "message":"Metric_vi 6. Chênh lệch đánh giá lại tài sản is not supported", "caller":"/mnt/c/Users/Admin/Downloads/Project/Github/ETL_Project/platforms/ingestion/cophieu68/load/load_datawarehouse_cophieu68.py:543"}
{"time":"2026-01-14T23:10:32", "level":"WARNING", "message":"Metric_vi 7. Chênh lệch tỷ giá hối đoái is not supported", "caller":"/mnt/c/Users/Admin/Downloads/Project/Github/ETL_Project/platforms/ingestion/cophieu68/load/load_datawarehouse_cophieu68.py:543"}
{"time":"2026-01-14T23:10:32", "level":"WARNING", "message":"Metric_vi 8. Quỹ đầu tư phát triển is not supported", "caller":"/mnt/c/Users/Admin/Downloads/Project/Github/ETL_Project/platforms/ingestion/cophieu68/load/load_datawarehouse_cophieu68.py:543"}
{"time":"2026-01-14T23:10:32", "level":"WARNING", "message":"Metric_vi 9. Quỹ dự phòng tài chính is not supported", "caller":"/mnt/c/Users/Admin/Downloads/Project/Github/ETL_Project/platforms/ingestion/cophieu68/load/load_datawarehouse_cophieu68.py:543"}
{"time":"2026-01-14T23:10:32", "level":"WARNING", "message":"Metric_vi 10. Quỹ khác thuộc vốn chủ sở hữu is not supported", "caller":"/mnt/c/Users/Admin/Downloads/Project/Github/ETL_Project/platforms/ingestion/cophieu68/load/load_datawarehouse_cophieu68.py:543"}
{"time":"2026-01-14T23:10:32", "level":"WARNING", "message":"Metric_vi 11. Lợi nhuận sau thuế chưa phân phối is not supported", "caller":"/mnt/c/Users/Admin/Downloads/Project/Github/ETL_Project/platforms/ingestion/cophieu68/load/load_datawarehouse_cophieu68.py:543"}
{"time":"2026-01-14T23:10:32", "level":"WARNING", "message":"Metric_vi 12. Nguồn vốn đầu tư xây dựng cơ bản is not supported", "caller":"/mnt/c/Users/Admin/Downloads/Project/Github/ETL_Project/platforms/ingestion/cophieu68/load/load_datawarehouse_cophieu68.py:543"}
{"time":"2026-01-14T23:10:32", "level":"WARNING", "message":"Metric_vi 13. Quỹ hỗ trợ sắp xếp doanh nghiệp is not supported", "caller":"/mnt/c/Users/Admin/Downloads/Project/Github/ETL_Project/platforms/ingestion/cophieu68/load/load_datawarehouse_cophieu68.py:543"}
{"time":"2026-01-14T23:10:32", "level":"WARNING", "message":"Metric_vi 14. Lợi ích của cổ đông không kiểm soát is not supported", "caller":"/mnt/c/Users/Admin/Downloads/Project/Github/ETL_Project/platforms/ingestion/cophieu68/load/load_datawarehouse_cophieu68.py:543"}
{"time":"2026-01-14T23:10:32", "level":"WARNING", "message":"Metric_vi II. Nguồn kinh phí và quỹ khác is not supported", "caller":"/mnt/c/Users/Admin/Downloads/Project/Github/ETL_Project/platforms/ingestion/cophieu68/load/load_datawarehouse_cophieu68.py:543"}
{"time":"2026-01-14T23:10:32", "level":"WARNING", "message":"Metric_vi 1. Nguồn kinh phí is not supported", "caller":"/mnt/c/Users/Admin/Downloads/Project/Github/ETL_Project/platforms/ingestion/cophieu68/load/load_datawarehouse_cophieu68.py:543"}
{"time":"2026-01-14T23:10:32", "level":"WARNING", "message":"Metric_vi 2. Nguồn kinh phí đã hình thành tài sản cố định is not supported", "caller":"/mnt/c/Users/Admin/Downloads/Project/Github/ETL_Project/platforms/ingestion/cophieu68/load/load_datawarehouse_cophieu68.py:543"}
{"time":"2026-01-14T23:10:32", "level":"WARNING", "message":"Metric_vi 3. Quỹ dự phòng trợ cấp mất việc làm is not supported", "caller":"/mnt/c/Users/Admin/Downloads/Project/Github/ETL_Project/platforms/ingestion/cophieu68/load/load_datawarehouse_cophieu68.py:543"}
{"time":"2026-01-14T23:10:32", "level":"WARNING", "message":"Metric_vi TỔNG CỘNG NGUỒN VỐN is not supported", "caller":"/mnt/c/Users/Admin/Downloads/Project/Github/ETL_Project/platforms/ingestion/cophieu68/load/load_datawarehouse_cophieu68.py:543"}
{"time":"2026-01-14T23:10:32", "level":"WARNING", "message":"Metric_vi TÀI SẢN is not supported", "caller":"/mnt/c/Users/Admin/Downloads/Project/Github/ETL_Project/platforms/ingestion/cophieu68/load/load_datawarehouse_cophieu68.py:543"}
{"time":"2026-01-14T23:10:33", "level":"WARNING", "message":"Metric_vi A. Tài sản lưu động và đầu tư ngắn hạn is not supported", "caller":"/mnt/c/Users/Admin/Downloads/Project/Github/ETL_Project/platforms/ingestion/cophieu68/load/load_datawarehouse_cophieu68.py:543"}
{"time":"2026-01-14T23:10:33", "level":"WARNING", "message":"Metric_vi I. Tiền và các khoản tương đương tiền is not supported", "caller":"/mnt/c/Users/Admin/Downloads/Project/Github/ETL_Project/platforms/ingestion/cophieu68/load/load_datawarehouse_cophieu68.py:543"}
{"time":"2026-01-14T23:10:33", "level":"WARNING", "message":"Metric_vi 1. Tiền is not supported", "caller":"/mnt/c/Users/Admin/Downloads/Project/Github/ETL_Project/platforms/ingestion/cophieu68/load/load_datawarehouse_cophieu68.py:543"}
{"time":"2026-01-14T23:10:33", "level":"WARNING", "message":"Metric_vi 2. Các khoản tương đương tiền is not supported", "caller":"/mnt/c/Users/Admin/Downloads/Project/Github/ETL_Project/platforms/ingestion/cophieu68/load/load_datawarehouse_cophieu68.py:543"}
{"time":"2026-01-14T23:10:33", "level":"WARNING", "message":"Metric_vi II. Các khoản đầu tư tài chính ngắn hạn is not supported", "caller":"/mnt/c/Users/Admin/Downloads/Project/Github/ETL_Project/platforms/ingestion/cophieu68/load/load_datawarehouse_cophieu68.py:543"}
{"time":"2026-01-14T23:10:33", "level":"WARNING", "message":"Metric_vi 3. Đầu tư nắm giữ đến ngày đáo hạn is not supported", "caller":"/mnt/c/Users/Admin/Downloads/Project/Github/ETL_Project/platforms/ingestion/cophieu68/load/load_datawarehouse_cophieu68.py:543"}
{"time":"2026-01-14T23:10:33", "level":"WARNING", "message":"Metric_vi III. Các khoản phải thu ngắn hạn is not supported", "caller":"/mnt/c/Users/Admin/Downloads/Project/Github/ETL_Project/platforms/ingestion/cophieu68/load/load_datawarehouse_cophieu68.py:543"}
{"time":"2026-01-14T23:10:33", "level":"WARNING", "message":"Metric_vi 1. Phải thu ngắn hạn của khách hàng is not supported", "caller":"/mnt/c/Users/Admin/Downloads/Project/Github/ETL_Project/platforms/ingestion/cophieu68/load/load_datawarehouse_cophieu68.py:543"}
{"time":"2026-01-14T23:10:33", "level":"WARNING", "message":"Metric_vi 2. Trả trước cho người bán is not supported", "caller":"/mnt/c/Users/Admin/Downloads/Project/Github/ETL_Project/platforms/ingestion/cophieu68/load/load_datawarehouse_cophieu68.py:543"}
{"time":"2026-01-14T23:10:33", "level":"WARNING", "message":"Metric_vi 3. Phải thu nội bộ ngắn hạn is not supported", "caller":"/mnt/c/Users/Admin/Downloads/Project/Github/ETL_Project/platforms/ingestion/cophieu68/load/load_datawarehouse_cophieu68.py:543"}
{"time":"2026-01-14T23:10:33", "level":"WARNING", "message":"Metric_vi 4. Phải thu theo tiến độ hợp đồng xây dựng is not supported", "caller":"/mnt/c/Users/Admin/Downloads/Project/Github/ETL_Project/platforms/ingestion/cophieu68/load/load_datawarehouse_cophieu68.py:543"}
{"time":"2026-01-14T23:10:33", "level":"WARNING", "message":"Metric_vi 5. Phải thu về cho vay ngắn hạn is not supported", "caller":"/mnt/c/Users/Admin/Downloads/Project/Github/ETL_Project/platforms/ingestion/cophieu68/load/load_datawarehouse_cophieu68.py:543"}
{"time":"2026-01-14T23:10:33", "level":"WARNING", "message":"Metric_vi 6. Phải thu ngắn hạn khác is not supported", "caller":"/mnt/c/Users/Admin/Downloads/Project/Github/ETL_Project/platforms/ingestion/cophieu68/load/load_datawarehouse_cophieu68.py:543"}
{"time":"2026-01-14T23:10:33", "level":"WARNING", "message":"Metric_vi 7. Dự phòng phải thu ngắn hạn khó đòi is not supported", "caller":"/mnt/c/Users/Admin/Downloads/Project/Github/ETL_Project/platforms/ingestion/cophieu68/load/load_datawarehouse_cophieu68.py:543"}
{"time":"2026-01-14T23:10:33", "level":"WARNING", "message":"Metric_vi IV. Tổng hàng tồn kho is not supported", "caller":"/mnt/c/Users/Admin/Downloads/Project/Github/ETL_Project/platforms/ingestion/cophieu68/load/load_datawarehouse_cophieu68.py:543"}
{"time":"2026-01-14T23:10:33", "level":"WARNING", "message":"Metric_vi 1. Hàng tồn kho is not supported", "caller":"/mnt/c/Users/Admin/Downloads/Project/Github/ETL_Project/platforms/ingestion/cophieu68/load/load_datawarehouse_cophieu68.py:543"}
{"time":"2026-01-14T23:10:33", "level":"WARNING", "message":"Metric_vi 2. Dự phòng giảm giá hàng tồn kho is not supported", "caller":"/mnt/c/Users/Admin/Downloads/Project/Github/ETL_Project/platforms/ingestion/cophieu68/load/load_datawarehouse_cophieu68.py:543"}
{"time":"2026-01-14T23:10:33", "level":"WARNING", "message":"Metric_vi V. Tài sản ngắn hạn khác is not supported", "caller":"/mnt/c/Users/Admin/Downloads/Project/Github/ETL_Project/platforms/ingestion/cophieu68/load/load_datawarehouse_cophieu68.py:543"}
{"time":"2026-01-14T23:10:33", "level":"WARNING", "message":"Metric_vi 1. Chi phí trả trước ngắn hạn is not supported", "caller":"/mnt/c/Users/Admin/Downloads/Project/Github/ETL_Project/platforms/ingestion/cophieu68/load/load_datawarehouse_cophieu68.py:543"}
{"time":"2026-01-14T23:10:33", "level":"WARNING", "message":"Metric_vi 2. Thuế giá trị gia tăng được khấu trừ is not supported", "caller":"/mnt/c/Users/Admin/Downloads/Project/Github/ETL_Project/platforms/ingestion/cophieu68/load/load_datawarehouse_cophieu68.py:543"}
{"time":"2026-01-14T23:10:33", "level":"WARNING", "message":"Metric_vi 3. Thuế và các khoản phải thu Nhà nước is not supported", "caller":"/mnt/c/Users/Admin/Downloads/Project/Github/ETL_Project/platforms/ingestion/cophieu68/load/load_datawarehouse_cophieu68.py:543"}
{"time":"2026-01-14T23:10:33", "level":"WARNING", "message":"Metric_vi 4. Giao dịch mua bán lại trái phiếu chính phủ is not supported", "caller":"/mnt/c/Users/Admin/Downloads/Project/Github/ETL_Project/platforms/ingestion/cophieu68/load/load_datawarehouse_cophieu68.py:543"}
{"time":"2026-01-14T23:10:33", "level":"WARNING", "message":"Metric_vi 5. Tài sản ngắn hạn khác is not supported", "caller":"/mnt/c/Users/Admin/Downloads/Project/Github/ETL_Project/platforms/ingestion/cophieu68/load/load_datawarehouse_cophieu68.py:543"}
{"time":"2026-01-14T23:10:33", "level":"WARNING", "message":"Metric_vi B. Tài sản cố định và đầu tư dài hạn is not supported", "caller":"/mnt/c/Users/Admin/Downloads/Project/Github/ETL_Project/platforms/ingestion/cophieu68/load/load_datawarehouse_cophieu68.py:543"}
{"time":"2026-01-14T23:10:34", "level":"WARNING", "message":"Metric_vi I. Các khoản phải thu dài hạn is not supported", "caller":"/mnt/c/Users/Admin/Downloads/Project/Github/ETL_Project/platforms/ingestion/cophieu68/load/load_datawarehouse_cophieu68.py:543"}
{"time":"2026-01-14T23:10:34", "level":"WARNING", "message":"Metric_vi 1. Phải thu dài hạn của khách hàng is not supported", "caller":"/mnt/c/Users/Admin/Downloads/Project/Github/ETL_Project/platforms/ingestion/cophieu68/load/load_datawarehouse_cophieu68.py:543"}
{"time":"2026-01-14T23:10:34", "level":"WARNING", "message":"Metric_vi 2. Vốn kinh doanh tại các đơn vị trực thuộc is not supported", "caller":"/mnt/c/Users/Admin/Downloads/Project/Github/ETL_Project/platforms/ingestion/cophieu68/load/load_datawarehouse_cophieu68.py:543"}
{"time":"2026-01-14T23:10:34", "level":"WARNING", "message":"Metric_vi 3. Phải thu dài hạn nội bộ is not supported", "caller":"/mnt/c/Users/Admin/Downloads/Project/Github/ETL_Project/platforms/ingestion/cophieu68/load/load_datawarehouse_cophieu68.py:543"}
{"time":"2026-01-14T23:10:34", "level":"WARNING", "message":"Metric_vi 4. Phải thu về cho vay dài hạn is not supported", "caller":"/mnt/c/Users/Admin/Downloads/Project/Github/ETL_Project/platforms/ingestion/cophieu68/load/load_datawarehouse_cophieu68.py:543"}
{"time":"2026-01-14T23:10:34", "level":"WARNING", "message":"Metric_vi 5. Phải thu dài hạn khác is not supported", "caller":"/mnt/c/Users/Admin/Downloads/Project/Github/ETL_Project/platforms/ingestion/cophieu68/load/load_datawarehouse_cophieu68.py:543"}
{"time":"2026-01-14T23:10:34", "level":"WARNING", "message":"Metric_vi 6. Dự phòng phải thu dài hạn khó đòi is not supported", "caller":"/mnt/c/Users/Admin/Downloads/Project/Github/ETL_Project/platforms/ingestion/cophieu68/load/load_datawarehouse_cophieu68.py:543"}
{"time":"2026-01-14T23:10:34", "level":"WARNING", "message":"Metric_vi II. Tài sản cố định is not supported", "caller":"/mnt/c/Users/Admin/Downloads/Project/Github/ETL_Project/platforms/ingestion/cophieu68/load/load_datawarehouse_cophieu68.py:543"}
{"time":"2026-01-14T23:10:34", "level":"WARNING", "message":"Metric_vi III. Bất động sản đầu tư is not supported", "caller":"/mnt/c/Users/Admin/Downloads/Project/Github/ETL_Project/platforms/ingestion/cophieu68/load/load_datawarehouse_cophieu68.py:543"}
{"time":"2026-01-14T23:10:35", "level":"WARNING", "message":"Metric_vi IV. Tài sản dở dang dài hạn is not supported", "caller":"/mnt/c/Users/Admin/Downloads/Project/Github/ETL_Project/platforms/ingestion/cophieu68/load/load_datawarehouse_cophieu68.py:543"}
{"time":"2026-01-14T23:10:35", "level":"WARNING", "message":"Metric_vi 1. Chi phí sản xuất kinh doanh dở dang dài hạn is not supported", "caller":"/mnt/c/Users/Admin/Downloads/Project/Github/ETL_Project/platforms/ingestion/cophieu68/load/load_datawarehouse_cophieu68.py:543"}
{"time":"2026-01-14T23:10:35", "level":"WARNING", "message":"Metric_vi 2. chi phí xây dựng cơ bản dở dang is not supported", "caller":"/mnt/c/Users/Admin/Downloads/Project/Github/ETL_Project/platforms/ingestion/cophieu68/load/load_datawarehouse_cophieu68.py:543"}
{"time":"2026-01-14T23:10:35", "level":"WARNING", "message":"Metric_vi V. Các khoản đầu tư tài chính dài hạn is not supported", "caller":"/mnt/c/Users/Admin/Downloads/Project/Github/ETL_Project/platforms/ingestion/cophieu68/load/load_datawarehouse_cophieu68.py:543"}
{"time":"2026-01-14T23:10:35", "level":"WARNING", "message":"Metric_vi 2. Đầu tư vào công ty liên kết liên doanh is not supported", "caller":"/mnt/c/Users/Admin/Downloads/Project/Github/ETL_Project/platforms/ingestion/cophieu68/load/load_datawarehouse_cophieu68.py:543"}
{"time":"2026-01-14T23:10:35", "level":"WARNING", "message":"Metric_vi 3. Đầu tư khác vào công cụ vốn is not supported", "caller":"/mnt/c/Users/Admin/Downloads/Project/Github/ETL_Project/platforms/ingestion/cophieu68/load/load_datawarehouse_cophieu68.py:543"}
{"time":"2026-01-14T23:10:35", "level":"WARNING", "message":"Metric_vi 4. Dự phòng giảm giá đầu tư tài chính dài hạn is not supported", "caller":"/mnt/c/Users/Admin/Downloads/Project/Github/ETL_Project/platforms/ingestion/cophieu68/load/load_datawarehouse_cophieu68.py:543"}
{"time":"2026-01-14T23:10:35", "level":"WARNING", "message":"Metric_vi 5. Đầu tư nắm giữ đến ngày đáo hạn is not supported", "caller":"/mnt/c/Users/Admin/Downloads/Project/Github/ETL_Project/platforms/ingestion/cophieu68/load/load_datawarehouse_cophieu68.py:543"}
{"time":"2026-01-14T23:10:36", "level":"WARNING", "message":"Metric_vi VI. Tổng tài sản dài hạn khác is not supported", "caller":"/mnt/c/Users/Admin/Downloads/Project/Github/ETL_Project/platforms/ingestion/cophieu68/load/load_datawarehouse_cophieu68.py:543"}
{"time":"2026-01-14T23:10:36", "level":"WARNING", "message":"Metric_vi 1. Chi phí trả trước dài hạn is not supported", "caller":"/mnt/c/Users/Admin/Downloads/Project/Github/ETL_Project/platforms/ingestion/cophieu68/load/load_datawarehouse_cophieu68.py:543"}
{"time":"2026-01-14T23:10:36", "level":"WARNING", "message":"Metric_vi 2. Tài sản Thuế thu nhập hoãn lại is not supported", "caller":"/mnt/c/Users/Admin/Downloads/Project/Github/ETL_Project/platforms/ingestion/cophieu68/load/load_datawarehouse_cophieu68.py:543"}
{"time":"2026-01-14T23:10:36", "level":"WARNING", "message":"Metric_vi 3. Tài sản dài hạn khác is not supported", "caller":"/mnt/c/Users/Admin/Downloads/Project/Github/ETL_Project/platforms/ingestion/cophieu68/load/load_datawarehouse_cophieu68.py:543"}
{"time":"2026-01-14T23:10:36", "level":"WARNING", "message":"Metric_vi VII. Lợi thế thương mại is not supported", "caller":"/mnt/c/Users/Admin/Downloads/Project/Github/ETL_Project/platforms/ingestion/cophieu68/load/load_datawarehouse_cophieu68.py:543"}
{"time":"2026-01-14T23:10:36", "level":"WARNING", "message":"Metric_vi NGUỒN VỐN is not supported", "caller":"/mnt/c/Users/Admin/Downloads/Project/Github/ETL_Project/platforms/ingestion/cophieu68/load/load_datawarehouse_cophieu68.py:543"}
{"time":"2026-01-14T23:10:37", "level":"WARNING", "message":"Metric_vi A. Nợ phải trả is not supported", "caller":"/mnt/c/Users/Admin/Downloads/Project/Github/ETL_Project/platforms/ingestion/cophieu68/load/load_datawarehouse_cophieu68.py:543"}
{"time":"2026-01-14T23:10:37", "level":"WARNING", "message":"Metric_vi I. Nợ ngắn hạn is not supported", "caller":"/mnt/c/Users/Admin/Downloads/Project/Github/ETL_Project/platforms/ingestion/cophieu68/load/load_datawarehouse_cophieu68.py:543"}
{"time":"2026-01-14T23:10:37", "level":"WARNING", "message":"Metric_vi 1. Vay và nợ thuê tài chính ngắn hạn is not supported", "caller":"/mnt/c/Users/Admin/Downloads/Project/Github/ETL_Project/platforms/ingestion/cophieu68/load/load_datawarehouse_cophieu68.py:543"}
{"time":"2026-01-14T23:10:37", "level":"WARNING", "message":"Metric_vi 2. Vay và nợ dài hạn đến hạn phải trả is not supported", "caller":"/mnt/c/Users/Admin/Downloads/Project/Github/ETL_Project/platforms/ingestion/cophieu68/load/load_datawarehouse_cophieu68.py:543"}
{"time":"2026-01-14T23:10:37", "level":"WARNING", "message":"Metric_vi 3. Phải trả người bán ngắn hạn is not supported", "caller":"/mnt/c/Users/Admin/Downloads/Project/Github/ETL_Project/platforms/ingestion/cophieu68/load/load_datawarehouse_cophieu68.py:543"}
{"time":"2026-01-14T23:10:37", "level":"WARNING", "message":"Metric_vi 4. Người mua trả tiền trước is not supported", "caller":"/mnt/c/Users/Admin/Downloads/Project/Github/ETL_Project/platforms/ingestion/cophieu68/load/load_datawarehouse_cophieu68.py:543"}
{"time":"2026-01-14T23:10:37", "level":"WARNING", "message":"Metric_vi 5. Thuế và các khoản phải nộp nhà nước is not supported", "caller":"/mnt/c/Users/Admin/Downloads/Project/Github/ETL_Project/platforms/ingestion/cophieu68/load/load_datawarehouse_cophieu68.py:543"}
{"time":"2026-01-14T23:10:37", "level":"WARNING", "message":"Metric_vi 6. Phải trả người lao động is not supported", "caller":"/mnt/c/Users/Admin/Downloads/Project/Github/ETL_Project/platforms/ingestion/cophieu68/load/load_datawarehouse_cophieu68.py:543"}
{"time":"2026-01-14T23:10:38", "level":"WARNING", "message":"Metric_vi 7. Chi phí phải trả ngắn hạn is not supported", "caller":"/mnt/c/Users/Admin/Downloads/Project/Github/ETL_Project/platforms/ingestion/cophieu68/load/load_datawarehouse_cophieu68.py:543"}
{"time":"2026-01-14T23:10:38", "level":"WARNING", "message":"Metric_vi 8. Phải trả nội bộ ngắn hạn is not supported", "caller":"/mnt/c/Users/Admin/Downloads/Project/Github/ETL_Project/platforms/ingestion/cophieu68/load/load_datawarehouse_cophieu68.py:543"}
{"time":"2026-01-14T23:10:38", "level":"WARNING", "message":"Metric_vi 9. Phải trả theo tiến độ kế hoạch hợp đồng xây dựng is not supported", "caller":"/mnt/c/Users/Admin/Downloads/Project/Github/ETL_Project/platforms/ingestion/cophieu68/load/load_datawarehouse_cophieu68.py:543"}
{"time":"2026-01-14T23:10:38", "level":"WARNING", "message":"Metric_vi 10. Doanh thu chưa thực hiện ngắn hạn is not supported", "caller":"/mnt/c/Users/Admin/Downloads/Project/Github/ETL_Project/platforms/ingestion/cophieu68/load/load_datawarehouse_cophieu68.py:543"}
{"time":"2026-01-14T23:10:38", "level":"WARNING", "message":"Metric_vi 11. Phải trả ngắn hạn khác is not supported", "caller":"/mnt/c/Users/Admin/Downloads/Project/Github/ETL_Project/platforms/ingestion/cophieu68/load/load_datawarehouse_cophieu68.py:543"}
{"time":"2026-01-14T23:10:39", "level":"WARNING", "message":"Metric_vi 12. Dự phòng phải trả ngắn hạn is not supported", "caller":"/mnt/c/Users/Admin/Downloads/Project/Github/ETL_Project/platforms/ingestion/cophieu68/load/load_datawarehouse_cophieu68.py:543"}
{"time":"2026-01-14T23:10:39", "level":"WARNING", "message":"Metric_vi 13. Quỹ khen thưởng phúc lợi is not supported", "caller":"/mnt/c/Users/Admin/Downloads/Project/Github/ETL_Project/platforms/ingestion/cophieu68/load/load_datawarehouse_cophieu68.py:543"}
{"time":"2026-01-14T23:10:39", "level":"WARNING", "message":"Metric_vi 14. Quỹ bình ổn giá is not supported", "caller":"/mnt/c/Users/Admin/Downloads/Project/Github/ETL_Project/platforms/ingestion/cophieu68/load/load_datawarehouse_cophieu68.py:543"}
{"time":"2026-01-14T23:10:39", "level":"WARNING", "message":"Metric_vi 15. Giao dịch mua bán lại trái phiếu chính phủ is not supported", "caller":"/mnt/c/Users/Admin/Downloads/Project/Github/ETL_Project/platforms/ingestion/cophieu68/load/load_datawarehouse_cophieu68.py:543"}
{"time":"2026-01-14T23:10:39", "level":"WARNING", "message":"Metric_vi II. Nợ dài hạn is not supported", "caller":"/mnt/c/Users/Admin/Downloads/Project/Github/ETL_Project/platforms/ingestion/cophieu68/load/load_datawarehouse_cophieu68.py:543"}
{"time":"2026-01-14T23:10:39", "level":"WARNING", "message":"Metric_vi 1. Phải trả người bán dài hạn is not supported", "caller":"/mnt/c/Users/Admin/Downloads/Project/Github/ETL_Project/platforms/ingestion/cophieu68/load/load_datawarehouse_cophieu68.py:543"}
{"time":"2026-01-14T23:10:39", "level":"WARNING", "message":"Metric_vi 2. Chi phí phải trả dài hạn is not supported", "caller":"/mnt/c/Users/Admin/Downloads/Project/Github/ETL_Project/platforms/ingestion/cophieu68/load/load_datawarehouse_cophieu68.py:543"}
{"time":"2026-01-14T23:10:39", "level":"WARNING", "message":"Metric_vi 3. Phải trả nội bộ về vốn kinh doanh is not supported", "caller":"/mnt/c/Users/Admin/Downloads/Project/Github/ETL_Project/platforms/ingestion/cophieu68/load/load_datawarehouse_cophieu68.py:543"}
{"time":"2026-01-14T23:10:39", "level":"WARNING", "message":"Metric_vi 4. Phải trả nội bộ dài hạn is not supported", "caller":"/mnt/c/Users/Admin/Downloads/Project/Github/ETL_Project/platforms/ingestion/cophieu68/load/load_datawarehouse_cophieu68.py:543"}
{"time":"2026-01-14T23:10:39", "level":"WARNING", "message":"Metric_vi 5. Phải trả dài hạn khác is not supported", "caller":"/mnt/c/Users/Admin/Downloads/Project/Github/ETL_Project/platforms/ingestion/cophieu68/load/load_datawarehouse_cophieu68.py:543"}
{"time":"2026-01-14T23:10:39", "level":"WARNING", "message":"Metric_vi 6. Vay và nợ thuê tài chính dài hạn is not supported", "caller":"/mnt/c/Users/Admin/Downloads/Project/Github/ETL_Project/platforms/ingestion/cophieu68/load/load_datawarehouse_cophieu68.py:543"}
{"time":"2026-01-14T23:10:39", "level":"WARNING", "message":"Metric_vi 7. Trái phiếu chuyển đổi is not supported", "caller":"/mnt/c/Users/Admin/Downloads/Project/Github/ETL_Project/platforms/ingestion/cophieu68/load/load_datawarehouse_cophieu68.py:543"}
{"time":"2026-01-14T23:10:39", "level":"WARNING", "message":"Metric_vi 8. Thuế thu nhập hoãn lại phải trả is not supported", "caller":"/mnt/c/Users/Admin/Downloads/Project/Github/ETL_Project/platforms/ingestion/cophieu68/load/load_datawarehouse_cophieu68.py:543"}
{"time":"2026-01-14T23:10:40", "level":"WARNING", "message":"Metric_vi 9. Dự phòng trợ cấp mất việc làm is not supported", "caller":"/mnt/c/Users/Admin/Downloads/Project/Github/ETL_Project/platforms/ingestion/cophieu68/load/load_datawarehouse_cophieu68.py:543"}
{"time":"2026-01-14T23:10:40", "level":"WARNING", "message":"Metric_vi 10. Dự phòng phải trả dài hạn is not supported", "caller":"/mnt/c/Users/Admin/Downloads/Project/Github/ETL_Project/platforms/ingestion/cophieu68/load/load_datawarehouse_cophieu68.py:543"}
{"time":"2026-01-14T23:10:40", "level":"WARNING", "message":"Metric_vi 11. Doanh thu chưa thực hiện dài hạn is not supported", "caller":"/mnt/c/Users/Admin/Downloads/Project/Github/ETL_Project/platforms/ingestion/cophieu68/load/load_datawarehouse_cophieu68.py:543"}
{"time":"2026-01-14T23:10:40", "level":"WARNING", "message":"Metric_vi 12. Quỹ phát triển khoa học và công nghệ is not supported", "caller":"/mnt/c/Users/Admin/Downloads/Project/Github/ETL_Project/platforms/ingestion/cophieu68/load/load_datawarehouse_cophieu68.py:543"}
{"time":"2026-01-14T23:10:40", "level":"WARNING", "message":"Metric_vi B. Nguồn vốn chủ sở hữu is not supported", "caller":"/mnt/c/Users/Admin/Downloads/Project/Github/ETL_Project/platforms/ingestion/cophieu68/load/load_datawarehouse_cophieu68.py:543"}
{"time":"2026-01-14T23:10:40", "level":"WARNING", "message":"Metric_vi I. Vốn chủ sở hữu is not supported", "caller":"/mnt/c/Users/Admin/Downloads/Project/Github/ETL_Project/platforms/ingestion/cophieu68/load/load_datawarehouse_cophieu68.py:543"}
{"time":"2026-01-14T23:10:40", "level":"WARNING", "message":"Metric_vi 1. Vốn đầu tư của chủ sở hữu is not supported", "caller":"/mnt/c/Users/Admin/Downloads/Project/Github/ETL_Project/platforms/ingestion/cophieu68/load/load_datawarehouse_cophieu68.py:543"}
{"time":"2026-01-14T23:10:40", "level":"WARNING", "message":"Metric_vi 2. Thặng dư vốn cổ phần is not supported", "caller":"/mnt/c/Users/Admin/Downloads/Project/Github/ETL_Project/platforms/ingestion/cophieu68/load/load_datawarehouse_cophieu68.py:543"}
{"time":"2026-01-14T23:10:41", "level":"WARNING", "message":"Metric_vi 3. Quyền chọn chuyển đổi trái phiếu is not supported", "caller":"/mnt/c/Users/Admin/Downloads/Project/Github/ETL_Project/platforms/ingestion/cophieu68/load/load_datawarehouse_cophieu68.py:543"}
{"time":"2026-01-14T23:10:41", "level":"WARNING", "message":"Metric_vi 4. Vốn khác của chủ sở hữu is not supported", "caller":"/mnt/c/Users/Admin/Downloads/Project/Github/ETL_Project/platforms/ingestion/cophieu68/load/load_datawarehouse_cophieu68.py:543"}
{"time":"2026-01-14T23:10:41", "level":"WARNING", "message":"Metric_vi 5. Cổ phiếu quỹ is not supported", "caller":"/mnt/c/Users/Admin/Downloads/Project/Github/ETL_Project/platforms/ingestion/cophieu68/load/load_datawarehouse_cophieu68.py:543"}
{"time":"2026-01-14T23:10:41", "level":"WARNING", "message":"Metric_vi 6. Chênh lệch đánh giá lại tài sản is not supported", "caller":"/mnt/c/Users/Admin/Downloads/Project/Github/ETL_Project/platforms/ingestion/cophieu68/load/load_datawarehouse_cophieu68.py:543"}
{"time":"2026-01-14T23:10:41", "level":"WARNING", "message":"Metric_vi 7. Chênh lệch tỷ giá hối đoái is not supported", "caller":"/mnt/c/Users/Admin/Downloads/Project/Github/ETL_Project/platforms/ingestion/cophieu68/load/load_datawarehouse_cophieu68.py:543"}
{"time":"2026-01-14T23:10:42", "level":"WARNING", "message":"Metric_vi 8. Quỹ đầu tư phát triển is not supported", "caller":"/mnt/c/Users/Admin/Downloads/Project/Github/ETL_Project/platforms/ingestion/cophieu68/load/load_datawarehouse_cophieu68.py:543"}
{"time":"2026-01-14T23:10:42", "level":"WARNING", "message":"Metric_vi 9. Quỹ dự phòng tài chính is not supported", "caller":"/mnt/c/Users/Admin/Downloads/Project/Github/ETL_Project/platforms/ingestion/cophieu68/load/load_datawarehouse_cophieu68.py:543"}
{"time":"2026-01-14T23:10:42", "level":"WARNING", "message":"Metric_vi 10. Quỹ khác thuộc vốn chủ sở hữu is not supported", "caller":"/mnt/c/Users/Admin/Downloads/Project/Github/ETL_Project/platforms/ingestion/cophieu68/load/load_datawarehouse_cophieu68.py:543"}
{"time":"2026-01-14T23:10:42", "level":"WARNING", "message":"Metric_vi 11. Lợi nhuận sau thuế chưa phân phối is not supported", "caller":"/mnt/c/Users/Admin/Downloads/Project/Github/ETL_Project/platforms/ingestion/cophieu68/load/load_datawarehouse_cophieu68.py:543"}
{"time":"2026-01-14T23:10:42", "level":"WARNING", "message":"Metric_vi 12. Nguồn vốn đầu tư xây dựng cơ bản is not supported", "caller":"/mnt/c/Users/Admin/Downloads/Project/Github/ETL_Project/platforms/ingestion/cophieu68/load/load_datawarehouse_cophieu68.py:543"}
{"time":"2026-01-14T23:10:42", "level":"WARNING", "message":"Metric_vi 13. Quỹ hỗ trợ sắp xếp doanh nghiệp is not supported", "caller":"/mnt/c/Users/Admin/Downloads/Project/Github/ETL_Project/platforms/ingestion/cophieu68/load/load_datawarehouse_cophieu68.py:543"}
{"time":"2026-01-14T23:10:42", "level":"WARNING", "message":"Metric_vi 14. Lợi ích của cổ đông không kiểm soát is not supported", "caller":"/mnt/c/Users/Admin/Downloads/Project/Github/ETL_Project/platforms/ingestion/cophieu68/load/load_datawarehouse_cophieu68.py:543"}
{"time":"2026-01-14T23:10:42", "level":"WARNING", "message":"Metric_vi II. Nguồn kinh phí và quỹ khác is not supported", "caller":"/mnt/c/Users/Admin/Downloads/Project/Github/ETL_Project/platforms/ingestion/cophieu68/load/load_datawarehouse_cophieu68.py:543"}
{"time":"2026-01-14T23:10:42", "level":"WARNING", "message":"Metric_vi 1. Nguồn kinh phí is not supported", "caller":"/mnt/c/Users/Admin/Downloads/Project/Github/ETL_Project/platforms/ingestion/cophieu68/load/load_datawarehouse_cophieu68.py:543"}
{"time":"2026-01-14T23:10:42", "level":"WARNING", "message":"Metric_vi 2. Nguồn kinh phí đã hình thành tài sản cố định is not supported", "caller":"/mnt/c/Users/Admin/Downloads/Project/Github/ETL_Project/platforms/ingestion/cophieu68/load/load_datawarehouse_cophieu68.py:543"}
{"time":"2026-01-14T23:10:42", "level":"WARNING", "message":"Metric_vi 3. Quỹ dự phòng trợ cấp mất việc làm is not supported", "caller":"/mnt/c/Users/Admin/Downloads/Project/Github/ETL_Project/platforms/ingestion/cophieu68/load/load_datawarehouse_cophieu68.py:543"}
{"time":"2026-01-14T23:10:42", "level":"WARNING", "message":"Metric_vi TỔNG CỘNG NGUỒN VỐN is not supported", "caller":"/mnt/c/Users/Admin/Downloads/Project/Github/ETL_Project/platforms/ingestion/cophieu68/load/load_datawarehouse_cophieu68.py:543"}
{"time":"2026-01-14T23:10:42", "level":"WARNING", "message":"Metric_vi TÀI SẢN is not supported", "caller":"/mnt/c/Users/Admin/Downloads/Project/Github/ETL_Project/platforms/ingestion/cophieu68/load/load_datawarehouse_cophieu68.py:543"}
{"time":"2026-01-14T23:10:42", "level":"WARNING", "message":"Metric_vi NGUỒN VỐN is not supported", "caller":"/mnt/c/Users/Admin/Downloads/Project/Github/ETL_Project/platforms/ingestion/cophieu68/load/load_datawarehouse_cophieu68.py:543"}
{"time":"2026-01-14T23:10:42", "level":"WARNING", "message":"Metric_vi V. Vốn tài trợ uỷ thác đầu tư mà ngân hàng chịu rủi ro is not supported", "caller":"/mnt/c/Users/Admin/Downloads/Project/Github/ETL_Project/platforms/ingestion/cophieu68/load/load_datawarehouse_cophieu68.py:543"}
{"time":"2026-01-14T23:10:42", "level":"WARNING", "message":"Metric_vi 2.Thuế TNDN hoãn lại phải trả is not supported", "caller":"/mnt/c/Users/Admin/Downloads/Project/Github/ETL_Project/platforms/ingestion/cophieu68/load/load_datawarehouse_cophieu68.py:543"}
{"time":"2026-01-14T23:10:42", "level":"WARNING", "message":"Metric_vi 6. Nguồn kinh phí Quỹ khác is not supported", "caller":"/mnt/c/Users/Admin/Downloads/Project/Github/ETL_Project/platforms/ingestion/cophieu68/load/load_datawarehouse_cophieu68.py:543"}
{"time":"2026-01-14T23:10:42", "level":"WARNING", "message":"Metric_vi TÀI SẢN is not supported", "caller":"/mnt/c/Users/Admin/Downloads/Project/Github/ETL_Project/platforms/ingestion/cophieu68/load/load_datawarehouse_cophieu68.py:543"}
{"time":"2026-01-14T23:10:43", "level":"WARNING", "message":"Metric_vi NGUỒN VỐN is not supported", "caller":"/mnt/c/Users/Admin/Downloads/Project/Github/ETL_Project/platforms/ingestion/cophieu68/load/load_datawarehouse_cophieu68.py:543"}
{"time":"2026-01-14T23:10:43", "level":"WARNING", "message":"Metric_vi V. Vốn tài trợ uỷ thác đầu tư mà ngân hàng chịu rủi ro is not supported", "caller":"/mnt/c/Users/Admin/Downloads/Project/Github/ETL_Project/platforms/ingestion/cophieu68/load/load_datawarehouse_cophieu68.py:543"}
{"time":"2026-01-14T23:10:43", "level":"WARNING", "message":"Metric_vi 2.Thuế TNDN hoãn lại phải trả is not supported", "caller":"/mnt/c/Users/Admin/Downloads/Project/Github/ETL_Project/platforms/ingestion/cophieu68/load/load_datawarehouse_cophieu68.py:543"}
{"time":"2026-01-14T23:10:43", "level":"WARNING", "message":"Metric_vi 6. Nguồn kinh phí Quỹ khác is not supported", "caller":"/mnt/c/Users/Admin/Downloads/Project/Github/ETL_Project/platforms/ingestion/cophieu68/load/load_datawarehouse_cophieu68.py:543"}
{"time":"2026-01-14T23:10:43", "level":"WARNING", "message":"Metric_vi TÀI SẢN is not supported", "caller":"/mnt/c/Users/Admin/Downloads/Project/Github/ETL_Project/platforms/ingestion/cophieu68/load/load_datawarehouse_cophieu68.py:543"}
{"time":"2026-01-14T23:10:43", "level":"WARNING", "message":"Metric_vi A. Tài sản lưu động và đầu tư ngắn hạn is not supported", "caller":"/mnt/c/Users/Admin/Downloads/Project/Github/ETL_Project/platforms/ingestion/cophieu68/load/load_datawarehouse_cophieu68.py:543"}
{"time":"2026-01-14T23:10:43", "level":"WARNING", "message":"Metric_vi I. Tiền và các khoản tương đương tiền is not supported", "caller":"/mnt/c/Users/Admin/Downloads/Project/Github/ETL_Project/platforms/ingestion/cophieu68/load/load_datawarehouse_cophieu68.py:543"}
{"time":"2026-01-14T23:10:43", "level":"WARNING", "message":"Metric_vi 1. Tiền is not supported", "caller":"/mnt/c/Users/Admin/Downloads/Project/Github/ETL_Project/platforms/ingestion/cophieu68/load/load_datawarehouse_cophieu68.py:543"}
{"time":"2026-01-14T23:10:43", "level":"WARNING", "message":"Metric_vi 2. Các khoản tương đương tiền is not supported", "caller":"/mnt/c/Users/Admin/Downloads/Project/Github/ETL_Project/platforms/ingestion/cophieu68/load/load_datawarehouse_cophieu68.py:543"}
{"time":"2026-01-14T23:10:43", "level":"WARNING", "message":"Metric_vi II. Các khoản đầu tư tài chính ngắn hạn is not supported", "caller":"/mnt/c/Users/Admin/Downloads/Project/Github/ETL_Project/platforms/ingestion/cophieu68/load/load_datawarehouse_cophieu68.py:543"}
{"time":"2026-01-14T23:10:43", "level":"WARNING", "message":"Metric_vi 3. Đầu tư nắm giữ đến ngày đáo hạn is not supported", "caller":"/mnt/c/Users/Admin/Downloads/Project/Github/ETL_Project/platforms/ingestion/cophieu68/load/load_datawarehouse_cophieu68.py:543"}
{"time":"2026-01-14T23:10:43", "level":"WARNING", "message":"Metric_vi III. Các khoản phải thu ngắn hạn is not supported", "caller":"/mnt/c/Users/Admin/Downloads/Project/Github/ETL_Project/platforms/ingestion/cophieu68/load/load_datawarehouse_cophieu68.py:543"}
{"time":"2026-01-14T23:10:43", "level":"WARNING", "message":"Metric_vi 1. Phải thu ngắn hạn của khách hàng is not supported", "caller":"/mnt/c/Users/Admin/Downloads/Project/Github/ETL_Project/platforms/ingestion/cophieu68/load/load_datawarehouse_cophieu68.py:543"}
{"time":"2026-01-14T23:10:43", "level":"WARNING", "message":"Metric_vi 2. Trả trước cho người bán is not supported", "caller":"/mnt/c/Users/Admin/Downloads/Project/Github/ETL_Project/platforms/ingestion/cophieu68/load/load_datawarehouse_cophieu68.py:543"}
{"time":"2026-01-14T23:10:43", "level":"WARNING", "message":"Metric_vi 3. Phải thu nội bộ ngắn hạn is not supported", "caller":"/mnt/c/Users/Admin/Downloads/Project/Github/ETL_Project/platforms/ingestion/cophieu68/load/load_datawarehouse_cophieu68.py:543"}
{"time":"2026-01-14T23:10:43", "level":"WARNING", "message":"Metric_vi 4. Phải thu theo tiến độ hợp đồng xây dựng is not supported", "caller":"/mnt/c/Users/Admin/Downloads/Project/Github/ETL_Project/platforms/ingestion/cophieu68/load/load_datawarehouse_cophieu68.py:543"}
{"time":"2026-01-14T23:10:43", "level":"WARNING", "message":"Metric_vi 5. Phải thu về cho vay ngắn hạn is not supported", "caller":"/mnt/c/Users/Admin/Downloads/Project/Github/ETL_Project/platforms/ingestion/cophieu68/load/load_datawarehouse_cophieu68.py:543"}
{"time":"2026-01-14T23:10:43", "level":"WARNING", "message":"Metric_vi 6. Phải thu ngắn hạn khác is not supported", "caller":"/mnt/c/Users/Admin/Downloads/Project/Github/ETL_Project/platforms/ingestion/cophieu68/load/load_datawarehouse_cophieu68.py:543"}
{"time":"2026-01-14T23:10:43", "level":"WARNING", "message":"Metric_vi 7. Dự phòng phải thu ngắn hạn khó đòi is not supported", "caller":"/mnt/c/Users/Admin/Downloads/Project/Github/ETL_Project/platforms/ingestion/cophieu68/load/load_datawarehouse_cophieu68.py:543"}
{"time":"2026-01-14T23:10:43", "level":"WARNING", "message":"Metric_vi IV. Tổng hàng tồn kho is not supported", "caller":"/mnt/c/Users/Admin/Downloads/Project/Github/ETL_Project/platforms/ingestion/cophieu68/load/load_datawarehouse_cophieu68.py:543"}
{"time":"2026-01-14T23:10:43", "level":"WARNING", "message":"Metric_vi 1. Hàng tồn kho is not supported", "caller":"/mnt/c/Users/Admin/Downloads/Project/Github/ETL_Project/platforms/ingestion/cophieu68/load/load_datawarehouse_cophieu68.py:543"}
{"time":"2026-01-14T23:10:43", "level":"WARNING", "message":"Metric_vi 2. Dự phòng giảm giá hàng tồn kho is not supported", "caller":"/mnt/c/Users/Admin/Downloads/Project/Github/ETL_Project/platforms/ingestion/cophieu68/load/load_datawarehouse_cophieu68.py:543"}
{"time":"2026-01-14T23:10:43", "level":"WARNING", "message":"Metric_vi V. Tài sản ngắn hạn khác is not supported", "caller":"/mnt/c/Users/Admin/Downloads/Project/Github/ETL_Project/platforms/ingestion/cophieu68/load/load_datawarehouse_cophieu68.py:543"}
{"time":"2026-01-14T23:10:43", "level":"WARNING", "message":"Metric_vi 1. Chi phí trả trước ngắn hạn is not supported", "caller":"/mnt/c/Users/Admin/Downloads/Project/Github/ETL_Project/platforms/ingestion/cophieu68/load/load_datawarehouse_cophieu68.py:543"}
{"time":"2026-01-14T23:10:43", "level":"WARNING", "message":"Metric_vi 2. Thuế giá trị gia tăng được khấu trừ is not supported", "caller":"/mnt/c/Users/Admin/Downloads/Project/Github/ETL_Project/platforms/ingestion/cophieu68/load/load_datawarehouse_cophieu68.py:543"}
{"time":"2026-01-14T23:10:43", "level":"WARNING", "message":"Metric_vi 3. Thuế và các khoản phải thu Nhà nước is not supported", "caller":"/mnt/c/Users/Admin/Downloads/Project/Github/ETL_Project/platforms/ingestion/cophieu68/load/load_datawarehouse_cophieu68.py:543"}
{"time":"2026-01-14T23:10:43", "level":"WARNING", "message":"Metric_vi 4. Giao dịch mua bán lại trái phiếu chính phủ is not supported", "caller":"/mnt/c/Users/Admin/Downloads/Project/Github/ETL_Project/platforms/ingestion/cophieu68/load/load_datawarehouse_cophieu68.py:543"}
{"time":"2026-01-14T23:10:43", "level":"WARNING", "message":"Metric_vi 5. Tài sản ngắn hạn khác is not supported", "caller":"/mnt/c/Users/Admin/Downloads/Project/Github/ETL_Project/platforms/ingestion/cophieu68/load/load_datawarehouse_cophieu68.py:543"}
{"time":"2026-01-14T23:10:43", "level":"WARNING", "message":"Metric_vi B. Tài sản cố định và đầu tư dài hạn is not supported", "caller":"/mnt/c/Users/Admin/Downloads/Project/Github/ETL_Project/platforms/ingestion/cophieu68/load/load_datawarehouse_cophieu68.py:543"}
{"time":"2026-01-14T23:10:43", "level":"WARNING", "message":"Metric_vi I. Các khoản phải thu dài hạn is not supported", "caller":"/mnt/c/Users/Admin/Downloads/Project/Github/ETL_Project/platforms/ingestion/cophieu68/load/load_datawarehouse_cophieu68.py:543"}
{"time":"2026-01-14T23:10:43", "level":"WARNING", "message":"Metric_vi 1. Phải thu dài hạn của khách hàng is not supported", "caller":"/mnt/c/Users/Admin/Downloads/Project/Github/ETL_Project/platforms/ingestion/cophieu68/load/load_datawarehouse_cophieu68.py:543"}
{"time":"2026-01-14T23:10:43", "level":"WARNING", "message":"Metric_vi 2. Vốn kinh doanh tại các đơn vị trực thuộc is not supported", "caller":"/mnt/c/Users/Admin/Downloads/Project/Github/ETL_Project/platforms/ingestion/cophieu68/load/load_datawarehouse_cophieu68.py:543"}
{"time":"2026-01-14T23:10:43", "level":"WARNING", "message":"Metric_vi 3. Phải thu dài hạn nội bộ is not supported", "caller":"/mnt/c/Users/Admin/Downloads/Project/Github/ETL_Project/platforms/ingestion/cophieu68/load/load_datawarehouse_cophieu68.py:543"}
{"time":"2026-01-14T23:10:43", "level":"WARNING", "message":"Metric_vi 4. Phải thu về cho vay dài hạn is not supported", "caller":"/mnt/c/Users/Admin/Downloads/Project/Github/ETL_Project/platforms/ingestion/cophieu68/load/load_datawarehouse_cophieu68.py:543"}
{"time":"2026-01-14T23:10:41", "level":"WARNING", "message":"Metric_vi 5. Phải thu dài hạn khác is not supported", "caller":"/mnt/c/Users/Admin/Downloads/Project/Github/ETL_Project/platforms/ingestion/cophieu68/load/load_datawarehouse_cophieu68.py:543"}
{"time":"2026-01-14T23:10:41", "level":"WARNING", "message":"Metric_vi 6. Dự phòng phải thu dài hạn khó đòi is not supported", "caller":"/mnt/c/Users/Admin/Downloads/Project/Github/ETL_Project/platforms/ingestion/cophieu68/load/load_datawarehouse_cophieu68.py:543"}
{"time":"2026-01-14T23:10:41", "level":"WARNING", "message":"Metric_vi II. Tài sản cố định is not supported", "caller":"/mnt/c/Users/Admin/Downloads/Project/Github/ETL_Project/platforms/ingestion/cophieu68/load/load_datawarehouse_cophieu68.py:543"}
{"time":"2026-01-14T23:10:41", "level":"WARNING", "message":"Metric_vi III. Bất động sản đầu tư is not supported", "caller":"/mnt/c/Users/Admin/Downloads/Project/Github/ETL_Project/platforms/ingestion/cophieu68/load/load_datawarehouse_cophieu68.py:543"}
{"time":"2026-01-14T23:10:41", "level":"WARNING", "message":"Metric_vi IV. Tài sản dở dang dài hạn is not supported", "caller":"/mnt/c/Users/Admin/Downloads/Project/Github/ETL_Project/platforms/ingestion/cophieu68/load/load_datawarehouse_cophieu68.py:543"}
{"time":"2026-01-14T23:10:41", "level":"WARNING", "message":"Metric_vi 1. Chi phí sản xuất kinh doanh dở dang dài hạn is not supported", "caller":"/mnt/c/Users/Admin/Downloads/Project/Github/ETL_Project/platforms/ingestion/cophieu68/load/load_datawarehouse_cophieu68.py:543"}
{"time":"2026-01-14T23:10:42", "level":"WARNING", "message":"Metric_vi 2. chi phí xây dựng cơ bản dở dang is not supported", "caller":"/mnt/c/Users/Admin/Downloads/Project/Github/ETL_Project/platforms/ingestion/cophieu68/load/load_datawarehouse_cophieu68.py:543"}
{"time":"2026-01-14T23:10:42", "level":"WARNING", "message":"Metric_vi V. Các khoản đầu tư tài chính dài hạn is not supported", "caller":"/mnt/c/Users/Admin/Downloads/Project/Github/ETL_Project/platforms/ingestion/cophieu68/load/load_datawarehouse_cophieu68.py:543"}
{"time":"2026-01-14T23:10:42", "level":"WARNING", "message":"Metric_vi 2. Đầu tư vào công ty liên kết liên doanh is not supported", "caller":"/mnt/c/Users/Admin/Downloads/Project/Github/ETL_Project/platforms/ingestion/cophieu68/load/load_datawarehouse_cophieu68.py:543"}
{"time":"2026-01-14T23:10:42", "level":"WARNING", "message":"Metric_vi 3. Đầu tư khác vào công cụ vốn is not supported", "caller":"/mnt/c/Users/Admin/Downloads/Project/Github/ETL_Project/platforms/ingestion/cophieu68/load/load_datawarehouse_cophieu68.py:543"}
{"time":"2026-01-14T23:10:42", "level":"WARNING", "message":"Metric_vi 4. Dự phòng giảm giá đầu tư tài chính dài hạn is not supported", "caller":"/mnt/c/Users/Admin/Downloads/Project/Github/ETL_Project/platforms/ingestion/cophieu68/load/load_datawarehouse_cophieu68.py:543"}
{"time":"2026-01-14T23:10:42", "level":"WARNING", "message":"Metric_vi 5. Đầu tư nắm giữ đến ngày đáo hạn is not supported", "caller":"/mnt/c/Users/Admin/Downloads/Project/Github/ETL_Project/platforms/ingestion/cophieu68/load/load_datawarehouse_cophieu68.py:543"}
{"time":"2026-01-14T23:10:42", "level":"WARNING", "message":"Metric_vi VI. Tổng tài sản dài hạn khác is not supported", "caller":"/mnt/c/Users/Admin/Downloads/Project/Github/ETL_Project/platforms/ingestion/cophieu68/load/load_datawarehouse_cophieu68.py:543"}
{"time":"2026-01-14T23:10:42", "level":"WARNING", "message":"Metric_vi 1. Chi phí trả trước dài hạn is not supported", "caller":"/mnt/c/Users/Admin/Downloads/Project/Github/ETL_Project/platforms/ingestion/cophieu68/load/load_datawarehouse_cophieu68.py:543"}
{"time":"2026-01-14T23:10:42", "level":"WARNING", "message":"Metric_vi 2. Tài sản Thuế thu nhập hoãn lại is not supported", "caller":"/mnt/c/Users/Admin/Downloads/Project/Github/ETL_Project/platforms/ingestion/cophieu68/load/load_datawarehouse_cophieu68.py:543"}
{"time":"2026-01-14T23:10:42", "level":"WARNING", "message":"Metric_vi 3. Tài sản dài hạn khác is not supported", "caller":"/mnt/c/Users/Admin/Downloads/Project/Github/ETL_Project/platforms/ingestion/cophieu68/load/load_datawarehouse_cophieu68.py:543"}
{"time":"2026-01-14T23:10:42", "level":"WARNING", "message":"Metric_vi VII. Lợi thế thương mại is not supported", "caller":"/mnt/c/Users/Admin/Downloads/Project/Github/ETL_Project/platforms/ingestion/cophieu68/load/load_datawarehouse_cophieu68.py:543"}
{"time":"2026-01-14T23:10:42", "level":"WARNING", "message":"Metric_vi NGUỒN VỐN is not supported", "caller":"/mnt/c/Users/Admin/Downloads/Project/Github/ETL_Project/platforms/ingestion/cophieu68/load/load_datawarehouse_cophieu68.py:543"}
{"time":"2026-01-14T23:10:42", "level":"WARNING", "message":"Metric_vi A. Nợ phải trả is not supported", "caller":"/mnt/c/Users/Admin/Downloads/Project/Github/ETL_Project/platforms/ingestion/cophieu68/load/load_datawarehouse_cophieu68.py:543"}
{"time":"2026-01-14T23:10:42", "level":"WARNING", "message":"Metric_vi I. Nợ ngắn hạn is not supported", "caller":"/mnt/c/Users/Admin/Downloads/Project/Github/ETL_Project/platforms/ingestion/cophieu68/load/load_datawarehouse_cophieu68.py:543"}
{"time":"2026-01-14T23:10:42", "level":"WARNING", "message":"Metric_vi 1. Vay và nợ thuê tài chính ngắn hạn is not supported", "caller":"/mnt/c/Users/Admin/Downloads/Project/Github/ETL_Project/platforms/ingestion/cophieu68/load/load_datawarehouse_cophieu68.py:543"}
{"time":"2026-01-14T23:10:42", "level":"WARNING", "message":"Metric_vi 2. Vay và nợ dài hạn đến hạn phải trả is not supported", "caller":"/mnt/c/Users/Admin/Downloads/Project/Github/ETL_Project/platforms/ingestion/cophieu68/load/load_datawarehouse_cophieu68.py:543"}
{"time":"2026-01-14T23:10:42", "level":"WARNING", "message":"Metric_vi 3. Phải trả người bán ngắn hạn is not supported", "caller":"/mnt/c/Users/Admin/Downloads/Project/Github/ETL_Project/platforms/ingestion/cophieu68/load/load_datawarehouse_cophieu68.py:543"}
{"time":"2026-01-14T23:10:42", "level":"WARNING", "message":"Metric_vi 4. Người mua trả tiền trước is not supported", "caller":"/mnt/c/Users/Admin/Downloads/Project/Github/ETL_Project/platforms/ingestion/cophieu68/load/load_datawarehouse_cophieu68.py:543"}
{"time":"2026-01-14T23:10:42", "level":"WARNING", "message":"Metric_vi 5. Thuế và các khoản phải nộp nhà nước is not supported", "caller":"/mnt/c/Users/Admin/Downloads/Project/Github/ETL_Project/platforms/ingestion/cophieu68/load/load_datawarehouse_cophieu68.py:543"}
{"time":"2026-01-14T23:10:42", "level":"WARNING", "message":"Metric_vi 6. Phải trả người lao động is not supported", "caller":"/mnt/c/Users/Admin/Downloads/Project/Github/ETL_Project/platforms/ingestion/cophieu68/load/load_datawarehouse_cophieu68.py:543"}
{"time":"2026-01-14T23:10:42", "level":"WARNING", "message":"Metric_vi 7. Chi phí phải trả ngắn hạn is not supported", "caller":"/mnt/c/Users/Admin/Downloads/Project/Github/ETL_Project/platforms/ingestion/cophieu68/load/load_datawarehouse_cophieu68.py:543"}
{"time":"2026-01-14T23:10:42", "level":"WARNING", "message":"Metric_vi 8. Phải trả nội bộ ngắn hạn is not supported", "caller":"/mnt/c/Users/Admin/Downloads/Project/Github/ETL_Project/platforms/ingestion/cophieu68/load/load_datawarehouse_cophieu68.py:543"}
{"time":"2026-01-14T23:10:43", "level":"WARNING", "message":"Metric_vi 9. Phải trả theo tiến độ kế hoạch hợp đồng xây dựng is not supported", "caller":"/mnt/c/Users/Admin/Downloads/Project/Github/ETL_Project/platforms/ingestion/cophieu68/load/load_datawarehouse_cophieu68.py:543"}
{"time":"2026-01-14T23:10:43", "level":"WARNING", "message":"Metric_vi 10. Doanh thu chưa thực hiện ngắn hạn is not supported", "caller":"/mnt/c/Users/Admin/Downloads/Project/Github/ETL_Project/platforms/ingestion/cophieu68/load/load_datawarehouse_cophieu68.py:543"}
{"time":"2026-01-14T23:10:43", "level":"WARNING", "message":"Metric_vi 11. Phải trả ngắn hạn khác is not supported", "caller":"/mnt/c/Users/Admin/Downloads/Project/Github/ETL_Project/platforms/ingestion/cophieu68/load/load_datawarehouse_cophieu68.py:543"}
{"time":"2026-01-14T23:10:43", "level":"WARNING", "message":"Metric_vi 12. Dự phòng phải trả ngắn hạn is not supported", "caller":"/mnt/c/Users/Admin/Downloads/Project/Github/ETL_Project/platforms/ingestion/cophieu68/load/load_datawarehouse_cophieu68.py:543"}
{"time":"2026-01-14T23:10:43", "level":"WARNING", "message":"Metric_vi 13. Quỹ khen thưởng phúc lợi is not supported", "caller":"/mnt/c/Users/Admin/Downloads/Project/Github/ETL_Project/platforms/ingestion/cophieu68/load/load_datawarehouse_cophieu68.py:543"}
{"time":"2026-01-14T23:10:43", "level":"WARNING", "message":"Metric_vi 14. Quỹ bình ổn giá is not supported", "caller":"/mnt/c/Users/Admin/Downloads/Project/Github/ETL_Project/platforms/ingestion/cophieu68/load/load_datawarehouse_cophieu68.py:543"}
{"time":"2026-01-14T23:10:43", "level":"WARNING", "message":"Metric_vi 15. Giao dịch mua bán lại trái phiếu chính phủ is not supported", "caller":"/mnt/c/Users/Admin/Downloads/Project/Github/ETL_Project/platforms/ingestion/cophieu68/load/load_datawarehouse_cophieu68.py:543"}
{"time":"2026-01-14T23:10:43", "level":"WARNING", "message":"Metric_vi II. Nợ dài hạn is not supported", "caller":"/mnt/c/Users/Admin/Downloads/Project/Github/ETL_Project/platforms/ingestion/cophieu68/load/load_datawarehouse_cophieu68.py:543"}
{"time":"2026-01-14T23:10:43", "level":"WARNING", "message":"Metric_vi 1. Phải trả người bán dài hạn is not supported", "caller":"/mnt/c/Users/Admin/Downloads/Project/Github/ETL_Project/platforms/ingestion/cophieu68/load/load_datawarehouse_cophieu68.py:543"}
{"time":"2026-01-14T23:10:43", "level":"WARNING", "message":"Metric_vi 2. Chi phí phải trả dài hạn is not supported", "caller":"/mnt/c/Users/Admin/Downloads/Project/Github/ETL_Project/platforms/ingestion/cophieu68/load/load_datawarehouse_cophieu68.py:543"}
{"time":"2026-01-14T23:10:43", "level":"WARNING", "message":"Metric_vi 3. Phải trả nội bộ về vốn kinh doanh is not supported", "caller":"/mnt/c/Users/Admin/Downloads/Project/Github/ETL_Project/platforms/ingestion/cophieu68/load/load_datawarehouse_cophieu68.py:543"}
{"time":"2026-01-14T23:10:43", "level":"WARNING", "message":"Metric_vi 4. Phải trả nội bộ dài hạn is not supported", "caller":"/mnt/c/Users/Admin/Downloads/Project/Github/ETL_Project/platforms/ingestion/cophieu68/load/load_datawarehouse_cophieu68.py:543"}
{"time":"2026-01-14T23:10:43", "level":"WARNING", "message":"Metric_vi 5. Phải trả dài hạn khác is not supported", "caller":"/mnt/c/Users/Admin/Downloads/Project/Github/ETL_Project/platforms/ingestion/cophieu68/load/load_datawarehouse_cophieu68.py:543"}
{"time":"2026-01-14T23:10:43", "level":"WARNING", "message":"Metric_vi 6. Vay và nợ thuê tài chính dài hạn is not supported", "caller":"/mnt/c/Users/Admin/Downloads/Project/Github/ETL_Project/platforms/ingestion/cophieu68/load/load_datawarehouse_cophieu68.py:543"}
{"time":"2026-01-14T23:10:43", "level":"WARNING", "message":"Metric_vi 7. Trái phiếu chuyển đổi is not supported", "caller":"/mnt/c/Users/Admin/Downloads/Project/Github/ETL_Project/platforms/ingestion/cophieu68/load/load_datawarehouse_cophieu68.py:543"}
{"time":"2026-01-14T23:10:43", "level":"WARNING", "message":"Metric_vi 8. Thuế thu nhập hoãn lại phải trả is not supported", "caller":"/mnt/c/Users/Admin/Downloads/Project/Github/ETL_Project/platforms/ingestion/cophieu68/load/load_datawarehouse_cophieu68.py:543"}
{"time":"2026-01-14T23:10:43", "level":"WARNING", "message":"Metric_vi 9. Dự phòng trợ cấp mất việc làm is not supported", "caller":"/mnt/c/Users/Admin/Downloads/Project/Github/ETL_Project/platforms/ingestion/cophieu68/load/load_datawarehouse_cophieu68.py:543"}
{"time":"2026-01-14T23:10:43", "level":"WARNING", "message":"Metric_vi 10. Dự phòng phải trả dài hạn is not supported", "caller":"/mnt/c/Users/Admin/Downloads/Project/Github/ETL_Project/platforms/ingestion/cophieu68/load/load_datawarehouse_cophieu68.py:543"}
{"time":"2026-01-14T23:10:43", "level":"WARNING", "message":"Metric_vi 11. Doanh thu chưa thực hiện dài hạn is not supported", "caller":"/mnt/c/Users/Admin/Downloads/Project/Github/ETL_Project/platforms/ingestion/cophieu68/load/load_datawarehouse_cophieu68.py:543"}
{"time":"2026-01-14T23:10:43", "level":"WARNING", "message":"Metric_vi 12. Quỹ phát triển khoa học và công nghệ is not supported", "caller":"/mnt/c/Users/Admin/Downloads/Project/Github/ETL_Project/platforms/ingestion/cophieu68/load/load_datawarehouse_cophieu68.py:543"}
{"time":"2026-01-14T23:10:43", "level":"WARNING", "message":"Metric_vi B. Nguồn vốn chủ sở hữu is not supported", "caller":"/mnt/c/Users/Admin/Downloads/Project/Github/ETL_Project/platforms/ingestion/cophieu68/load/load_datawarehouse_cophieu68.py:543"}
{"time":"2026-01-14T23:10:43", "level":"WARNING", "message":"Metric_vi I. Vốn chủ sở hữu is not supported", "caller":"/mnt/c/Users/Admin/Downloads/Project/Github/ETL_Project/platforms/ingestion/cophieu68/load/load_datawarehouse_cophieu68.py:543"}
{"time":"2026-01-14T23:10:43", "level":"WARNING", "message":"Metric_vi 1. Vốn đầu tư của chủ sở hữu is not supported", "caller":"/mnt/c/Users/Admin/Downloads/Project/Github/ETL_Project/platforms/ingestion/cophieu68/load/load_datawarehouse_cophieu68.py:543"}
{"time":"2026-01-14T23:10:43", "level":"WARNING", "message":"Metric_vi 2. Thặng dư vốn cổ phần is not supported", "caller":"/mnt/c/Users/Admin/Downloads/Project/Github/ETL_Project/platforms/ingestion/cophieu68/load/load_datawarehouse_cophieu68.py:543"}
{"time":"2026-01-14T23:10:43", "level":"WARNING", "message":"Metric_vi 3. Quyền chọn chuyển đổi trái phiếu is not supported", "caller":"/mnt/c/Users/Admin/Downloads/Project/Github/ETL_Project/platforms/ingestion/cophieu68/load/load_datawarehouse_cophieu68.py:543"}
{"time":"2026-01-14T23:10:43", "level":"WARNING", "message":"Metric_vi 4. Vốn khác của chủ sở hữu is not supported", "caller":"/mnt/c/Users/Admin/Downloads/Project/Github/ETL_Project/platforms/ingestion/cophieu68/load/load_datawarehouse_cophieu68.py:543"}
{"time":"2026-01-14T23:10:43", "level":"WARNING", "message":"Metric_vi 5. Cổ phiếu quỹ is not supported", "caller":"/mnt/c/Users/Admin/Downloads/Project/Github/ETL_Project/platforms/ingestion/cophieu68/load/load_datawarehouse_cophieu68.py:543"}
{"time":"2026-01-14T23:10:43", "level":"WARNING", "message":"Metric_vi 6. Chênh lệch đánh giá lại tài sản is not supported", "caller":"/mnt/c/Users/Admin/Downloads/Project/Github/ETL_Project/platforms/ingestion/cophieu68/load/load_datawarehouse_cophieu68.py:543"}
{"time":"2026-01-14T23:10:43", "level":"WARNING", "message":"Metric_vi 7. Chênh lệch tỷ giá hối đoái is not supported", "caller":"/mnt/c/Users/Admin/Downloads/Project/Github/ETL_Project/platforms/ingestion/cophieu68/load/load_datawarehouse_cophieu68.py:543"}
{"time":"2026-01-14T23:10:43", "level":"WARNING", "message":"Metric_vi 8. Quỹ đầu tư phát triển is not supported", "caller":"/mnt/c/Users/Admin/Downloads/Project/Github/ETL_Project/platforms/ingestion/cophieu68/load/load_datawarehouse_cophieu68.py:543"}
{"time":"2026-01-14T23:10:43", "level":"WARNING", "message":"Metric_vi 9. Quỹ dự phòng tài chính is not supported", "caller":"/mnt/c/Users/Admin/Downloads/Project/Github/ETL_Project/platforms/ingestion/cophieu68/load/load_datawarehouse_cophieu68.py:543"}
{"time":"2026-01-14T23:10:43", "level":"WARNING", "message":"Metric_vi 10. Quỹ khác thuộc vốn chủ sở hữu is not supported", "caller":"/mnt/c/Users/Admin/Downloads/Project/Github/ETL_Project/platforms/ingestion/cophieu68/load/load_datawarehouse_cophieu68.py:543"}
{"time":"2026-01-14T23:10:43", "level":"WARNING", "message":"Metric_vi 11. Lợi nhuận sau thuế chưa phân phối is not supported", "caller":"/mnt/c/Users/Admin/Downloads/Project/Github/ETL_Project/platforms/ingestion/cophieu68/load/load_datawarehouse_cophieu68.py:543"}
{"time":"2026-01-14T23:10:43", "level":"WARNING", "message":"Metric_vi 12. Nguồn vốn đầu tư xây dựng cơ bản is not supported", "caller":"/mnt/c/Users/Admin/Downloads/Project/Github/ETL_Project/platforms/ingestion/cophieu68/load/load_datawarehouse_cophieu68.py:543"}
{"time":"2026-01-14T23:10:43", "level":"WARNING", "message":"Metric_vi 13. Quỹ hỗ trợ sắp xếp doanh nghiệp is not supported", "caller":"/mnt/c/Users/Admin/Downloads/Project/Github/ETL_Project/platforms/ingestion/cophieu68/load/load_datawarehouse_cophieu68.py:543"}
{"time":"2026-01-14T23:10:43", "level":"WARNING", "message":"Metric_vi 14. Lợi ích của cổ đông không kiểm soát is not supported", "caller":"/mnt/c/Users/Admin/Downloads/Project/Github/ETL_Project/platforms/ingestion/cophieu68/load/load_datawarehouse_cophieu68.py:543"}
{"time":"2026-01-14T23:10:43", "level":"WARNING", "message":"Metric_vi II. Nguồn kinh phí và quỹ khác is not supported", "caller":"/mnt/c/Users/Admin/Downloads/Project/Github/ETL_Project/platforms/ingestion/cophieu68/load/load_datawarehouse_cophieu68.py:543"}
{"time":"2026-01-14T23:10:43", "level":"WARNING", "message":"Metric_vi 1. Nguồn kinh phí is not supported", "caller":"/mnt/c/Users/Admin/Downloads/Project/Github/ETL_Project/platforms/ingestion/cophieu68/load/load_datawarehouse_cophieu68.py:543"}
{"time":"2026-01-14T23:10:43", "level":"WARNING", "message":"Metric_vi 2. Nguồn kinh phí đã hình thành tài sản cố định is not supported", "caller":"/mnt/c/Users/Admin/Downloads/Project/Github/ETL_Project/platforms/ingestion/cophieu68/load/load_datawarehouse_cophieu68.py:543"}
{"time":"2026-01-14T23:10:43", "level":"WARNING", "message":"Metric_vi 3. Quỹ dự phòng trợ cấp mất việc làm is not supported", "caller":"/mnt/c/Users/Admin/Downloads/Project/Github/ETL_Project/platforms/ingestion/cophieu68/load/load_datawarehouse_cophieu68.py:543"}
{"time":"2026-01-14T23:10:43", "level":"WARNING", "message":"Metric_vi TỔNG CỘNG NGUỒN VỐN is not supported", "caller":"/mnt/c/Users/Admin/Downloads/Project/Github/ETL_Project/platforms/ingestion/cophieu68/load/load_datawarehouse_cophieu68.py:543"}
{"time":"2026-01-14T23:10:43", "level":"WARNING", "message":"Metric_vi TÀI SẢN is not supported", "caller":"/mnt/c/Users/Admin/Downloads/Project/Github/ETL_Project/platforms/ingestion/cophieu68/load/load_datawarehouse_cophieu68.py:543"}
{"time":"2026-01-14T23:10:43", "level":"WARNING", "message":"Metric_vi NGUỒN VỐN is not supported", "caller":"/mnt/c/Users/Admin/Downloads/Project/Github/ETL_Project/platforms/ingestion/cophieu68/load/load_datawarehouse_cophieu68.py:543"}
{"time":"2026-01-14T23:10:43", "level":"WARNING", "message":"Metric_vi V. Vốn tài trợ uỷ thác đầu tư mà ngân hàng chịu rủi ro is not supported", "caller":"/mnt/c/Users/Admin/Downloads/Project/Github/ETL_Project/platforms/ingestion/cophieu68/load/load_datawarehouse_cophieu68.py:543"}
{"time":"2026-01-14T23:10:43", "level":"WARNING", "message":"Metric_vi 2.Thuế TNDN hoãn lại phải trả is not supported", "caller":"/mnt/c/Users/Admin/Downloads/Project/Github/ETL_Project/platforms/ingestion/cophieu68/load/load_datawarehouse_cophieu68.py:543"}
{"time":"2026-01-14T23:10:43", "level":"WARNING", "message":"Metric_vi 6. Nguồn kinh phí Quỹ khác is not supported", "caller":"/mnt/c/Users/Admin/Downloads/Project/Github/ETL_Project/platforms/ingestion/cophieu68/load/load_datawarehouse_cophieu68.py:543"}
{"time":"2026-01-14T23:10:44", "level":"WARNING", "message":"Metric_vi TÀI SẢN is not supported", "caller":"/mnt/c/Users/Admin/Downloads/Project/Github/ETL_Project/platforms/ingestion/cophieu68/load/load_datawarehouse_cophieu68.py:543"}
{"time":"2026-01-14T23:10:44", "level":"WARNING", "message":"Metric_vi A. Tài sản lưu động và đầu tư ngắn hạn is not supported", "caller":"/mnt/c/Users/Admin/Downloads/Project/Github/ETL_Project/platforms/ingestion/cophieu68/load/load_datawarehouse_cophieu68.py:543"}
{"time":"2026-01-14T23:10:44", "level":"WARNING", "message":"Metric_vi I. Tiền và các khoản tương đương tiền is not supported", "caller":"/mnt/c/Users/Admin/Downloads/Project/Github/ETL_Project/platforms/ingestion/cophieu68/load/load_datawarehouse_cophieu68.py:543"}
{"time":"2026-01-14T23:10:44", "level":"WARNING", "message":"Metric_vi 1. Tiền is not supported", "caller":"/mnt/c/Users/Admin/Downloads/Project/Github/ETL_Project/platforms/ingestion/cophieu68/load/load_datawarehouse_cophieu68.py:543"}
{"time":"2026-01-14T23:10:44", "level":"WARNING", "message":"Metric_vi 2. Các khoản tương đương tiền is not supported", "caller":"/mnt/c/Users/Admin/Downloads/Project/Github/ETL_Project/platforms/ingestion/cophieu68/load/load_datawarehouse_cophieu68.py:543"}
{"time":"2026-01-14T23:10:44", "level":"WARNING", "message":"Metric_vi II. Các khoản đầu tư tài chính ngắn hạn is not supported", "caller":"/mnt/c/Users/Admin/Downloads/Project/Github/ETL_Project/platforms/ingestion/cophieu68/load/load_datawarehouse_cophieu68.py:543"}
{"time":"2026-01-14T23:10:44", "level":"WARNING", "message":"Metric_vi 3. Đầu tư nắm giữ đến ngày đáo hạn is not supported", "caller":"/mnt/c/Users/Admin/Downloads/Project/Github/ETL_Project/platforms/ingestion/cophieu68/load/load_datawarehouse_cophieu68.py:543"}
{"time":"2026-01-14T23:10:44", "level":"WARNING", "message":"Metric_vi III. Các khoản phải thu ngắn hạn is not supported", "caller":"/mnt/c/Users/Admin/Downloads/Project/Github/ETL_Project/platforms/ingestion/cophieu68/load/load_datawarehouse_cophieu68.py:543"}
{"time":"2026-01-14T23:10:44", "level":"WARNING", "message":"Metric_vi 1. Phải thu ngắn hạn của khách hàng is not supported", "caller":"/mnt/c/Users/Admin/Downloads/Project/Github/ETL_Project/platforms/ingestion/cophieu68/load/load_datawarehouse_cophieu68.py:543"}
{"time":"2026-01-14T23:10:44", "level":"WARNING", "message":"Metric_vi 2. Trả trước cho người bán is not supported", "caller":"/mnt/c/Users/Admin/Downloads/Project/Github/ETL_Project/platforms/ingestion/cophieu68/load/load_datawarehouse_cophieu68.py:543"}
{"time":"2026-01-14T23:10:44", "level":"WARNING", "message":"Metric_vi 3. Phải thu nội bộ ngắn hạn is not supported", "caller":"/mnt/c/Users/Admin/Downloads/Project/Github/ETL_Project/platforms/ingestion/cophieu68/load/load_datawarehouse_cophieu68.py:543"}
{"time":"2026-01-14T23:10:44", "level":"WARNING", "message":"Metric_vi 4. Phải thu theo tiến độ hợp đồng xây dựng is not supported", "caller":"/mnt/c/Users/Admin/Downloads/Project/Github/ETL_Project/platforms/ingestion/cophieu68/load/load_datawarehouse_cophieu68.py:543"}
{"time":"2026-01-14T23:10:44", "level":"WARNING", "message":"Metric_vi 5. Phải thu về cho vay ngắn hạn is not supported", "caller":"/mnt/c/Users/Admin/Downloads/Project/Github/ETL_Project/platforms/ingestion/cophieu68/load/load_datawarehouse_cophieu68.py:543"}
{"time":"2026-01-14T23:10:44", "level":"WARNING", "message":"Metric_vi 6. Phải thu ngắn hạn khác is not supported", "caller":"/mnt/c/Users/Admin/Downloads/Project/Github/ETL_Project/platforms/ingestion/cophieu68/load/load_datawarehouse_cophieu68.py:543"}
{"time":"2026-01-14T23:10:44", "level":"WARNING", "message":"Metric_vi 7. Dự phòng phải thu ngắn hạn khó đòi is not supported", "caller":"/mnt/c/Users/Admin/Downloads/Project/Github/ETL_Project/platforms/ingestion/cophieu68/load/load_datawarehouse_cophieu68.py:543"}
{"time":"2026-01-14T23:10:44", "level":"WARNING", "message":"Metric_vi IV. Tổng hàng tồn kho is not supported", "caller":"/mnt/c/Users/Admin/Downloads/Project/Github/ETL_Project/platforms/ingestion/cophieu68/load/load_datawarehouse_cophieu68.py:543"}
{"time":"2026-01-14T23:10:44", "level":"WARNING", "message":"Metric_vi 1. Hàng tồn kho is not supported", "caller":"/mnt/c/Users/Admin/Downloads/Project/Github/ETL_Project/platforms/ingestion/cophieu68/load/load_datawarehouse_cophieu68.py:543"}
{"time":"2026-01-14T23:10:44", "level":"WARNING", "message":"Metric_vi 2. Dự phòng giảm giá hàng tồn kho is not supported", "caller":"/mnt/c/Users/Admin/Downloads/Project/Github/ETL_Project/platforms/ingestion/cophieu68/load/load_datawarehouse_cophieu68.py:543"}
{"time":"2026-01-14T23:10:44", "level":"WARNING", "message":"Metric_vi V. Tài sản ngắn hạn khác is not supported", "caller":"/mnt/c/Users/Admin/Downloads/Project/Github/ETL_Project/platforms/ingestion/cophieu68/load/load_datawarehouse_cophieu68.py:543"}
{"time":"2026-01-14T23:10:44", "level":"WARNING", "message":"Metric_vi 1. Chi phí trả trước ngắn hạn is not supported", "caller":"/mnt/c/Users/Admin/Downloads/Project/Github/ETL_Project/platforms/ingestion/cophieu68/load/load_datawarehouse_cophieu68.py:543"}
{"time":"2026-01-14T23:10:44", "level":"WARNING", "message":"Metric_vi 2. Thuế giá trị gia tăng được khấu trừ is not supported", "caller":"/mnt/c/Users/Admin/Downloads/Project/Github/ETL_Project/platforms/ingestion/cophieu68/load/load_datawarehouse_cophieu68.py:543"}
{"time":"2026-01-14T23:10:44", "level":"WARNING", "message":"Metric_vi 3. Thuế và các khoản phải thu Nhà nước is not supported", "caller":"/mnt/c/Users/Admin/Downloads/Project/Github/ETL_Project/platforms/ingestion/cophieu68/load/load_datawarehouse_cophieu68.py:543"}
{"time":"2026-01-14T23:10:44", "level":"WARNING", "message":"Metric_vi 4. Giao dịch mua bán lại trái phiếu chính phủ is not supported", "caller":"/mnt/c/Users/Admin/Downloads/Project/Github/ETL_Project/platforms/ingestion/cophieu68/load/load_datawarehouse_cophieu68.py:543"}
{"time":"2026-01-14T23:10:44", "level":"WARNING", "message":"Metric_vi 5. Tài sản ngắn hạn khác is not supported", "caller":"/mnt/c/Users/Admin/Downloads/Project/Github/ETL_Project/platforms/ingestion/cophieu68/load/load_datawarehouse_cophieu68.py:543"}
{"time":"2026-01-14T23:10:44", "level":"WARNING", "message":"Metric_vi B. Tài sản cố định và đầu tư dài hạn is not supported", "caller":"/mnt/c/Users/Admin/Downloads/Project/Github/ETL_Project/platforms/ingestion/cophieu68/load/load_datawarehouse_cophieu68.py:543"}
{"time":"2026-01-14T23:10:44", "level":"WARNING", "message":"Metric_vi I. Các khoản phải thu dài hạn is not supported", "caller":"/mnt/c/Users/Admin/Downloads/Project/Github/ETL_Project/platforms/ingestion/cophieu68/load/load_datawarehouse_cophieu68.py:543"}
{"time":"2026-01-14T23:10:44", "level":"WARNING", "message":"Metric_vi 1. Phải thu dài hạn của khách hàng is not supported", "caller":"/mnt/c/Users/Admin/Downloads/Project/Github/ETL_Project/platforms/ingestion/cophieu68/load/load_datawarehouse_cophieu68.py:543"}
{"time":"2026-01-14T23:10:44", "level":"WARNING", "message":"Metric_vi 2. Vốn kinh doanh tại các đơn vị trực thuộc is not supported", "caller":"/mnt/c/Users/Admin/Downloads/Project/Github/ETL_Project/platforms/ingestion/cophieu68/load/load_datawarehouse_cophieu68.py:543"}
{"time":"2026-01-14T23:10:44", "level":"WARNING", "message":"Metric_vi 3. Phải thu dài hạn nội bộ is not supported", "caller":"/mnt/c/Users/Admin/Downloads/Project/Github/ETL_Project/platforms/ingestion/cophieu68/load/load_datawarehouse_cophieu68.py:543"}
{"time":"2026-01-14T23:10:44", "level":"WARNING", "message":"Metric_vi 4. Phải thu về cho vay dài hạn is not supported", "caller":"/mnt/c/Users/Admin/Downloads/Project/Github/ETL_Project/platforms/ingestion/cophieu68/load/load_datawarehouse_cophieu68.py:543"}
{"time":"2026-01-14T23:10:44", "level":"WARNING", "message":"Metric_vi 5. Phải thu dài hạn khác is not supported", "caller":"/mnt/c/Users/Admin/Downloads/Project/Github/ETL_Project/platforms/ingestion/cophieu68/load/load_datawarehouse_cophieu68.py:543"}
{"time":"2026-01-14T23:10:44", "level":"WARNING", "message":"Metric_vi 6. Dự phòng phải thu dài hạn khó đòi is not supported", "caller":"/mnt/c/Users/Admin/Downloads/Project/Github/ETL_Project/platforms/ingestion/cophieu68/load/load_datawarehouse_cophieu68.py:543"}
{"time":"2026-01-14T23:10:44", "level":"WARNING", "message":"Metric_vi II. Tài sản cố định is not supported", "caller":"/mnt/c/Users/Admin/Downloads/Project/Github/ETL_Project/platforms/ingestion/cophieu68/load/load_datawarehouse_cophieu68.py:543"}
{"time":"2026-01-14T23:10:44", "level":"WARNING", "message":"Metric_vi III. Bất động sản đầu tư is not supported", "caller":"/mnt/c/Users/Admin/Downloads/Project/Github/ETL_Project/platforms/ingestion/cophieu68/load/load_datawarehouse_cophieu68.py:543"}
{"time":"2026-01-14T23:10:44", "level":"WARNING", "message":"Metric_vi IV. Tài sản dở dang dài hạn is not supported", "caller":"/mnt/c/Users/Admin/Downloads/Project/Github/ETL_Project/platforms/ingestion/cophieu68/load/load_datawarehouse_cophieu68.py:543"}
{"time":"2026-01-14T23:10:44", "level":"WARNING", "message":"Metric_vi 1. Chi phí sản xuất kinh doanh dở dang dài hạn is not supported", "caller":"/mnt/c/Users/Admin/Downloads/Project/Github/ETL_Project/platforms/ingestion/cophieu68/load/load_datawarehouse_cophieu68.py:543"}
{"time":"2026-01-14T23:10:44", "level":"WARNING", "message":"Metric_vi 2. chi phí xây dựng cơ bản dở dang is not supported", "caller":"/mnt/c/Users/Admin/Downloads/Project/Github/ETL_Project/platforms/ingestion/cophieu68/load/load_datawarehouse_cophieu68.py:543"}
{"time":"2026-01-14T23:10:44", "level":"WARNING", "message":"Metric_vi V. Các khoản đầu tư tài chính dài hạn is not supported", "caller":"/mnt/c/Users/Admin/Downloads/Project/Github/ETL_Project/platforms/ingestion/cophieu68/load/load_datawarehouse_cophieu68.py:543"}
{"time":"2026-01-14T23:10:44", "level":"WARNING", "message":"Metric_vi 2. Đầu tư vào công ty liên kết liên doanh is not supported", "caller":"/mnt/c/Users/Admin/Downloads/Project/Github/ETL_Project/platforms/ingestion/cophieu68/load/load_datawarehouse_cophieu68.py:543"}
{"time":"2026-01-14T23:10:44", "level":"WARNING", "message":"Metric_vi 3. Đầu tư khác vào công cụ vốn is not supported", "caller":"/mnt/c/Users/Admin/Downloads/Project/Github/ETL_Project/platforms/ingestion/cophieu68/load/load_datawarehouse_cophieu68.py:543"}
{"time":"2026-01-14T23:10:44", "level":"WARNING", "message":"Metric_vi 4. Dự phòng giảm giá đầu tư tài chính dài hạn is not supported", "caller":"/mnt/c/Users/Admin/Downloads/Project/Github/ETL_Project/platforms/ingestion/cophieu68/load/load_datawarehouse_cophieu68.py:543"}
{"time":"2026-01-14T23:10:44", "level":"WARNING", "message":"Metric_vi 5. Đầu tư nắm giữ đến ngày đáo hạn is not supported", "caller":"/mnt/c/Users/Admin/Downloads/Project/Github/ETL_Project/platforms/ingestion/cophieu68/load/load_datawarehouse_cophieu68.py:543"}
{"time":"2026-01-14T23:10:44", "level":"WARNING", "message":"Metric_vi VI. Tổng tài sản dài hạn khác is not supported", "caller":"/mnt/c/Users/Admin/Downloads/Project/Github/ETL_Project/platforms/ingestion/cophieu68/load/load_datawarehouse_cophieu68.py:543"}
{"time":"2026-01-14T23:10:44", "level":"WARNING", "message":"Metric_vi 1. Chi phí trả trước dài hạn is not supported", "caller":"/mnt/c/Users/Admin/Downloads/Project/Github/ETL_Project/platforms/ingestion/cophieu68/load/load_datawarehouse_cophieu68.py:543"}
{"time":"2026-01-14T23:10:44", "level":"WARNING", "message":"Metric_vi 2. Tài sản Thuế thu nhập hoãn lại is not supported", "caller":"/mnt/c/Users/Admin/Downloads/Project/Github/ETL_Project/platforms/ingestion/cophieu68/load/load_datawarehouse_cophieu68.py:543"}
{"time":"2026-01-14T23:10:44", "level":"WARNING", "message":"Metric_vi 3. Tài sản dài hạn khác is not supported", "caller":"/mnt/c/Users/Admin/Downloads/Project/Github/ETL_Project/platforms/ingestion/cophieu68/load/load_datawarehouse_cophieu68.py:543"}
{"time":"2026-01-14T23:10:44", "level":"WARNING", "message":"Metric_vi VII. Lợi thế thương mại is not supported", "caller":"/mnt/c/Users/Admin/Downloads/Project/Github/ETL_Project/platforms/ingestion/cophieu68/load/load_datawarehouse_cophieu68.py:543"}
{"time":"2026-01-14T23:10:44", "level":"WARNING", "message":"Metric_vi NGUỒN VỐN is not supported", "caller":"/mnt/c/Users/Admin/Downloads/Project/Github/ETL_Project/platforms/ingestion/cophieu68/load/load_datawarehouse_cophieu68.py:543"}
{"time":"2026-01-14T23:10:44", "level":"WARNING", "message":"Metric_vi A. Nợ phải trả is not supported", "caller":"/mnt/c/Users/Admin/Downloads/Project/Github/ETL_Project/platforms/ingestion/cophieu68/load/load_datawarehouse_cophieu68.py:543"}
{"time":"2026-01-14T23:10:45", "level":"WARNING", "message":"Metric_vi I. Nợ ngắn hạn is not supported", "caller":"/mnt/c/Users/Admin/Downloads/Project/Github/ETL_Project/platforms/ingestion/cophieu68/load/load_datawarehouse_cophieu68.py:543"}
{"time":"2026-01-14T23:10:45", "level":"WARNING", "message":"Metric_vi 1. Vay và nợ thuê tài chính ngắn hạn is not supported", "caller":"/mnt/c/Users/Admin/Downloads/Project/Github/ETL_Project/platforms/ingestion/cophieu68/load/load_datawarehouse_cophieu68.py:543"}
{"time":"2026-01-14T23:10:45", "level":"WARNING", "message":"Metric_vi 2. Vay và nợ dài hạn đến hạn phải trả is not supported", "caller":"/mnt/c/Users/Admin/Downloads/Project/Github/ETL_Project/platforms/ingestion/cophieu68/load/load_datawarehouse_cophieu68.py:543"}
{"time":"2026-01-14T23:10:45", "level":"WARNING", "message":"Metric_vi 3. Phải trả người bán ngắn hạn is not supported", "caller":"/mnt/c/Users/Admin/Downloads/Project/Github/ETL_Project/platforms/ingestion/cophieu68/load/load_datawarehouse_cophieu68.py:543"}
{"time":"2026-01-14T23:10:45", "level":"WARNING", "message":"Metric_vi 4. Người mua trả tiền trước is not supported", "caller":"/mnt/c/Users/Admin/Downloads/Project/Github/ETL_Project/platforms/ingestion/cophieu68/load/load_datawarehouse_cophieu68.py:543"}
{"time":"2026-01-14T23:10:45", "level":"WARNING", "message":"Metric_vi 5. Thuế và các khoản phải nộp nhà nước is not supported", "caller":"/mnt/c/Users/Admin/Downloads/Project/Github/ETL_Project/platforms/ingestion/cophieu68/load/load_datawarehouse_cophieu68.py:543"}
{"time":"2026-01-14T23:10:45", "level":"WARNING", "message":"Metric_vi 6. Phải trả người lao động is not supported", "caller":"/mnt/c/Users/Admin/Downloads/Project/Github/ETL_Project/platforms/ingestion/cophieu68/load/load_datawarehouse_cophieu68.py:543"}
{"time":"2026-01-14T23:10:45", "level":"WARNING", "message":"Metric_vi 7. Chi phí phải trả ngắn hạn is not supported", "caller":"/mnt/c/Users/Admin/Downloads/Project/Github/ETL_Project/platforms/ingestion/cophieu68/load/load_datawarehouse_cophieu68.py:543"}
{"time":"2026-01-14T23:10:45", "level":"WARNING", "message":"Metric_vi 8. Phải trả nội bộ ngắn hạn is not supported", "caller":"/mnt/c/Users/Admin/Downloads/Project/Github/ETL_Project/platforms/ingestion/cophieu68/load/load_datawarehouse_cophieu68.py:543"}
{"time":"2026-01-14T23:10:45", "level":"WARNING", "message":"Metric_vi 9. Phải trả theo tiến độ kế hoạch hợp đồng xây dựng is not supported", "caller":"/mnt/c/Users/Admin/Downloads/Project/Github/ETL_Project/platforms/ingestion/cophieu68/load/load_datawarehouse_cophieu68.py:543"}
{"time":"2026-01-14T23:10:45", "level":"WARNING", "message":"Metric_vi 10. Doanh thu chưa thực hiện ngắn hạn is not supported", "caller":"/mnt/c/Users/Admin/Downloads/Project/Github/ETL_Project/platforms/ingestion/cophieu68/load/load_datawarehouse_cophieu68.py:543"}
{"time":"2026-01-14T23:10:45", "level":"WARNING", "message":"Metric_vi 11. Phải trả ngắn hạn khác is not supported", "caller":"/mnt/c/Users/Admin/Downloads/Project/Github/ETL_Project/platforms/ingestion/cophieu68/load/load_datawarehouse_cophieu68.py:543"}
{"time":"2026-01-14T23:10:45", "level":"WARNING", "message":"Metric_vi 12. Dự phòng phải trả ngắn hạn is not supported", "caller":"/mnt/c/Users/Admin/Downloads/Project/Github/ETL_Project/platforms/ingestion/cophieu68/load/load_datawarehouse_cophieu68.py:543"}
{"time":"2026-01-14T23:10:45", "level":"WARNING", "message":"Metric_vi 13. Quỹ khen thưởng phúc lợi is not supported", "caller":"/mnt/c/Users/Admin/Downloads/Project/Github/ETL_Project/platforms/ingestion/cophieu68/load/load_datawarehouse_cophieu68.py:543"}
{"time":"2026-01-14T23:10:45", "level":"WARNING", "message":"Metric_vi 14. Quỹ bình ổn giá is not supported", "caller":"/mnt/c/Users/Admin/Downloads/Project/Github/ETL_Project/platforms/ingestion/cophieu68/load/load_datawarehouse_cophieu68.py:543"}
{"time":"2026-01-14T23:10:45", "level":"WARNING", "message":"Metric_vi 15. Giao dịch mua bán lại trái phiếu chính phủ is not supported", "caller":"/mnt/c/Users/Admin/Downloads/Project/Github/ETL_Project/platforms/ingestion/cophieu68/load/load_datawarehouse_cophieu68.py:543"}
{"time":"2026-01-14T23:10:45", "level":"WARNING", "message":"Metric_vi II. Nợ dài hạn is not supported", "caller":"/mnt/c/Users/Admin/Downloads/Project/Github/ETL_Project/platforms/ingestion/cophieu68/load/load_datawarehouse_cophieu68.py:543"}
{"time":"2026-01-14T23:10:45", "level":"WARNING", "message":"Metric_vi 1. Phải trả người bán dài hạn is not supported", "caller":"/mnt/c/Users/Admin/Downloads/Project/Github/ETL_Project/platforms/ingestion/cophieu68/load/load_datawarehouse_cophieu68.py:543"}
{"time":"2026-01-14T23:10:46", "level":"WARNING", "message":"Metric_vi 2. Chi phí phải trả dài hạn is not supported", "caller":"/mnt/c/Users/Admin/Downloads/Project/Github/ETL_Project/platforms/ingestion/cophieu68/load/load_datawarehouse_cophieu68.py:543"}
{"time":"2026-01-14T23:10:46", "level":"WARNING", "message":"Metric_vi 3. Phải trả nội bộ về vốn kinh doanh is not supported", "caller":"/mnt/c/Users/Admin/Downloads/Project/Github/ETL_Project/platforms/ingestion/cophieu68/load/load_datawarehouse_cophieu68.py:543"}
{"time":"2026-01-14T23:10:46", "level":"WARNING", "message":"Metric_vi 4. Phải trả nội bộ dài hạn is not supported", "caller":"/mnt/c/Users/Admin/Downloads/Project/Github/ETL_Project/platforms/ingestion/cophieu68/load/load_datawarehouse_cophieu68.py:543"}
{"time":"2026-01-14T23:10:46", "level":"WARNING", "message":"Metric_vi 5. Phải trả dài hạn khác is not supported", "caller":"/mnt/c/Users/Admin/Downloads/Project/Github/ETL_Project/platforms/ingestion/cophieu68/load/load_datawarehouse_cophieu68.py:543"}
{"time":"2026-01-14T23:10:46", "level":"WARNING", "message":"Metric_vi 6. Vay và nợ thuê tài chính dài hạn is not supported", "caller":"/mnt/c/Users/Admin/Downloads/Project/Github/ETL_Project/platforms/ingestion/cophieu68/load/load_datawarehouse_cophieu68.py:543"}
{"time":"2026-01-14T23:10:46", "level":"WARNING", "message":"Metric_vi 7. Trái phiếu chuyển đổi is not supported", "caller":"/mnt/c/Users/Admin/Downloads/Project/Github/ETL_Project/platforms/ingestion/cophieu68/load/load_datawarehouse_cophieu68.py:543"}
{"time":"2026-01-14T23:10:46", "level":"WARNING", "message":"Metric_vi 8. Thuế thu nhập hoãn lại phải trả is not supported", "caller":"/mnt/c/Users/Admin/Downloads/Project/Github/ETL_Project/platforms/ingestion/cophieu68/load/load_datawarehouse_cophieu68.py:543"}
{"time":"2026-01-14T23:10:46", "level":"WARNING", "message":"Metric_vi 9. Dự phòng trợ cấp mất việc làm is not supported", "caller":"/mnt/c/Users/Admin/Downloads/Project/Github/ETL_Project/platforms/ingestion/cophieu68/load/load_datawarehouse_cophieu68.py:543"}
{"time":"2026-01-14T23:10:46", "level":"WARNING", "message":"Metric_vi 10. Dự phòng phải trả dài hạn is not supported", "caller":"/mnt/c/Users/Admin/Downloads/Project/Github/ETL_Project/platforms/ingestion/cophieu68/load/load_datawarehouse_cophieu68.py:543"}
{"time":"2026-01-14T23:10:46", "level":"WARNING", "message":"Metric_vi 11. Doanh thu chưa thực hiện dài hạn is not supported", "caller":"/mnt/c/Users/Admin/Downloads/Project/Github/ETL_Project/platforms/ingestion/cophieu68/load/load_datawarehouse_cophieu68.py:543"}
{"time":"2026-01-14T23:10:46", "level":"WARNING", "message":"Metric_vi 12. Quỹ phát triển khoa học và công nghệ is not supported", "caller":"/mnt/c/Users/Admin/Downloads/Project/Github/ETL_Project/platforms/ingestion/cophieu68/load/load_datawarehouse_cophieu68.py:543"}
{"time":"2026-01-14T23:10:46", "level":"WARNING", "message":"Metric_vi B. Nguồn vốn chủ sở hữu is not supported", "caller":"/mnt/c/Users/Admin/Downloads/Project/Github/ETL_Project/platforms/ingestion/cophieu68/load/load_datawarehouse_cophieu68.py:543"}
{"time":"2026-01-14T23:10:46", "level":"WARNING", "message":"Metric_vi I. Vốn chủ sở hữu is not supported", "caller":"/mnt/c/Users/Admin/Downloads/Project/Github/ETL_Project/platforms/ingestion/cophieu68/load/load_datawarehouse_cophieu68.py:543"}
{"time":"2026-01-14T23:10:46", "level":"WARNING", "message":"Metric_vi 1. Vốn đầu tư của chủ sở hữu is not supported", "caller":"/mnt/c/Users/Admin/Downloads/Project/Github/ETL_Project/platforms/ingestion/cophieu68/load/load_datawarehouse_cophieu68.py:543"}
{"time":"2026-01-14T23:10:46", "level":"WARNING", "message":"Metric_vi 2. Thặng dư vốn cổ phần is not supported", "caller":"/mnt/c/Users/Admin/Downloads/Project/Github/ETL_Project/platforms/ingestion/cophieu68/load/load_datawarehouse_cophieu68.py:543"}
{"time":"2026-01-14T23:10:46", "level":"WARNING", "message":"Metric_vi 3. Quyền chọn chuyển đổi trái phiếu is not supported", "caller":"/mnt/c/Users/Admin/Downloads/Project/Github/ETL_Project/platforms/ingestion/cophieu68/load/load_datawarehouse_cophieu68.py:543"}
{"time":"2026-01-14T23:10:46", "level":"WARNING", "message":"Metric_vi 4. Vốn khác của chủ sở hữu is not supported", "caller":"/mnt/c/Users/Admin/Downloads/Project/Github/ETL_Project/platforms/ingestion/cophieu68/load/load_datawarehouse_cophieu68.py:543"}
{"time":"2026-01-14T23:10:46", "level":"WARNING", "message":"Metric_vi 5. Cổ phiếu quỹ is not supported", "caller":"/mnt/c/Users/Admin/Downloads/Project/Github/ETL_Project/platforms/ingestion/cophieu68/load/load_datawarehouse_cophieu68.py:543"}
{"time":"2026-01-14T23:10:46", "level":"WARNING", "message":"Metric_vi 6. Chênh lệch đánh giá lại tài sản is not supported", "caller":"/mnt/c/Users/Admin/Downloads/Project/Github/ETL_Project/platforms/ingestion/cophieu68/load/load_datawarehouse_cophieu68.py:543"}
{"time":"2026-01-14T23:10:46", "level":"WARNING", "message":"Metric_vi 7. Chênh lệch tỷ giá hối đoái is not supported", "caller":"/mnt/c/Users/Admin/Downloads/Project/Github/ETL_Project/platforms/ingestion/cophieu68/load/load_datawarehouse_cophieu68.py:543"}
{"time":"2026-01-14T23:10:46", "level":"WARNING", "message":"Metric_vi 8. Quỹ đầu tư phát triển is not supported", "caller":"/mnt/c/Users/Admin/Downloads/Project/Github/ETL_Project/platforms/ingestion/cophieu68/load/load_datawarehouse_cophieu68.py:543"}
{"time":"2026-01-14T23:10:46", "level":"WARNING", "message":"Metric_vi 9. Quỹ dự phòng tài chính is not supported", "caller":"/mnt/c/Users/Admin/Downloads/Project/Github/ETL_Project/platforms/ingestion/cophieu68/load/load_datawarehouse_cophieu68.py:543"}
{"time":"2026-01-14T23:10:46", "level":"WARNING", "message":"Metric_vi 10. Quỹ khác thuộc vốn chủ sở hữu is not supported", "caller":"/mnt/c/Users/Admin/Downloads/Project/Github/ETL_Project/platforms/ingestion/cophieu68/load/load_datawarehouse_cophieu68.py:543"}
{"time":"2026-01-14T23:10:46", "level":"WARNING", "message":"Metric_vi 11. Lợi nhuận sau thuế chưa phân phối is not supported", "caller":"/mnt/c/Users/Admin/Downloads/Project/Github/ETL_Project/platforms/ingestion/cophieu68/load/load_datawarehouse_cophieu68.py:543"}
{"time":"2026-01-14T23:10:46", "level":"WARNING", "message":"Metric_vi 12. Nguồn vốn đầu tư xây dựng cơ bản is not supported", "caller":"/mnt/c/Users/Admin/Downloads/Project/Github/ETL_Project/platforms/ingestion/cophieu68/load/load_datawarehouse_cophieu68.py:543"}
{"time":"2026-01-14T23:10:46", "level":"WARNING", "message":"Metric_vi 13. Quỹ hỗ trợ sắp xếp doanh nghiệp is not supported", "caller":"/mnt/c/Users/Admin/Downloads/Project/Github/ETL_Project/platforms/ingestion/cophieu68/load/load_datawarehouse_cophieu68.py:543"}
{"time":"2026-01-14T23:10:46", "level":"WARNING", "message":"Metric_vi 14. Lợi ích của cổ đông không kiểm soát is not supported", "caller":"/mnt/c/Users/Admin/Downloads/Project/Github/ETL_Project/platforms/ingestion/cophieu68/load/load_datawarehouse_cophieu68.py:543"}
{"time":"2026-01-14T23:10:46", "level":"WARNING", "message":"Metric_vi II. Nguồn kinh phí và quỹ khác is not supported", "caller":"/mnt/c/Users/Admin/Downloads/Project/Github/ETL_Project/platforms/ingestion/cophieu68/load/load_datawarehouse_cophieu68.py:543"}
{"time":"2026-01-14T23:10:46", "level":"WARNING", "message":"Metric_vi 1. Nguồn kinh phí is not supported", "caller":"/mnt/c/Users/Admin/Downloads/Project/Github/ETL_Project/platforms/ingestion/cophieu68/load/load_datawarehouse_cophieu68.py:543"}
{"time":"2026-01-14T23:10:46", "level":"WARNING", "message":"Metric_vi 2. Nguồn kinh phí đã hình thành tài sản cố định is not supported", "caller":"/mnt/c/Users/Admin/Downloads/Project/Github/ETL_Project/platforms/ingestion/cophieu68/load/load_datawarehouse_cophieu68.py:543"}
{"time":"2026-01-14T23:10:46", "level":"WARNING", "message":"Metric_vi 3. Quỹ dự phòng trợ cấp mất việc làm is not supported", "caller":"/mnt/c/Users/Admin/Downloads/Project/Github/ETL_Project/platforms/ingestion/cophieu68/load/load_datawarehouse_cophieu68.py:543"}
{"time":"2026-01-14T23:10:46", "level":"WARNING", "message":"Metric_vi TỔNG CỘNG NGUỒN VỐN is not supported", "caller":"/mnt/c/Users/Admin/Downloads/Project/Github/ETL_Project/platforms/ingestion/cophieu68/load/load_datawarehouse_cophieu68.py:543"}
{"time":"2026-01-14T23:10:46", "level":"WARNING", "message":"Metric_vi TÀI SẢN is not supported", "caller":"/mnt/c/Users/Admin/Downloads/Project/Github/ETL_Project/platforms/ingestion/cophieu68/load/load_datawarehouse_cophieu68.py:543"}
{"time":"2026-01-14T23:10:46", "level":"WARNING", "message":"Metric_vi A. Tài sản lưu động và đầu tư ngắn hạn is not supported", "caller":"/mnt/c/Users/Admin/Downloads/Project/Github/ETL_Project/platforms/ingestion/cophieu68/load/load_datawarehouse_cophieu68.py:543"}
{"time":"2026-01-14T23:10:47", "level":"WARNING", "message":"Metric_vi I. Tiền và các khoản tương đương tiền is not supported", "caller":"/mnt/c/Users/Admin/Downloads/Project/Github/ETL_Project/platforms/ingestion/cophieu68/load/load_datawarehouse_cophieu68.py:543"}
{"time":"2026-01-14T23:10:47", "level":"WARNING", "message":"Metric_vi 1. Tiền is not supported", "caller":"/mnt/c/Users/Admin/Downloads/Project/Github/ETL_Project/platforms/ingestion/cophieu68/load/load_datawarehouse_cophieu68.py:543"}
{"time":"2026-01-14T23:10:47", "level":"WARNING", "message":"Metric_vi 2. Các khoản tương đương tiền is not supported", "caller":"/mnt/c/Users/Admin/Downloads/Project/Github/ETL_Project/platforms/ingestion/cophieu68/load/load_datawarehouse_cophieu68.py:543"}
{"time":"2026-01-14T23:10:47", "level":"WARNING", "message":"Metric_vi II. Các khoản đầu tư tài chính ngắn hạn is not supported", "caller":"/mnt/c/Users/Admin/Downloads/Project/Github/ETL_Project/platforms/ingestion/cophieu68/load/load_datawarehouse_cophieu68.py:543"}
{"time":"2026-01-14T23:10:47", "level":"WARNING", "message":"Metric_vi 3. Đầu tư nắm giữ đến ngày đáo hạn is not supported", "caller":"/mnt/c/Users/Admin/Downloads/Project/Github/ETL_Project/platforms/ingestion/cophieu68/load/load_datawarehouse_cophieu68.py:543"}
{"time":"2026-01-14T23:10:47", "level":"WARNING", "message":"Metric_vi III. Các khoản phải thu ngắn hạn is not supported", "caller":"/mnt/c/Users/Admin/Downloads/Project/Github/ETL_Project/platforms/ingestion/cophieu68/load/load_datawarehouse_cophieu68.py:543"}
{"time":"2026-01-14T23:10:47", "level":"WARNING", "message":"Metric_vi 1. Phải thu ngắn hạn của khách hàng is not supported", "caller":"/mnt/c/Users/Admin/Downloads/Project/Github/ETL_Project/platforms/ingestion/cophieu68/load/load_datawarehouse_cophieu68.py:543"}
{"time":"2026-01-14T23:10:47", "level":"WARNING", "message":"Metric_vi 2. Trả trước cho người bán is not supported", "caller":"/mnt/c/Users/Admin/Downloads/Project/Github/ETL_Project/platforms/ingestion/cophieu68/load/load_datawarehouse_cophieu68.py:543"}
{"time":"2026-01-14T23:10:47", "level":"WARNING", "message":"Metric_vi 3. Phải thu nội bộ ngắn hạn is not supported", "caller":"/mnt/c/Users/Admin/Downloads/Project/Github/ETL_Project/platforms/ingestion/cophieu68/load/load_datawarehouse_cophieu68.py:543"}
{"time":"2026-01-14T23:10:47", "level":"WARNING", "message":"Metric_vi 4. Phải thu theo tiến độ hợp đồng xây dựng is not supported", "caller":"/mnt/c/Users/Admin/Downloads/Project/Github/ETL_Project/platforms/ingestion/cophieu68/load/load_datawarehouse_cophieu68.py:543"}
{"time":"2026-01-14T23:10:47", "level":"WARNING", "message":"Metric_vi 5. Phải thu về cho vay ngắn hạn is not supported", "caller":"/mnt/c/Users/Admin/Downloads/Project/Github/ETL_Project/platforms/ingestion/cophieu68/load/load_datawarehouse_cophieu68.py:543"}
{"time":"2026-01-14T23:10:47", "level":"WARNING", "message":"Metric_vi 6. Phải thu ngắn hạn khác is not supported", "caller":"/mnt/c/Users/Admin/Downloads/Project/Github/ETL_Project/platforms/ingestion/cophieu68/load/load_datawarehouse_cophieu68.py:543"}
{"time":"2026-01-14T23:10:47", "level":"WARNING", "message":"Metric_vi 7. Dự phòng phải thu ngắn hạn khó đòi is not supported", "caller":"/mnt/c/Users/Admin/Downloads/Project/Github/ETL_Project/platforms/ingestion/cophieu68/load/load_datawarehouse_cophieu68.py:543"}
{"time":"2026-01-14T23:10:47", "level":"WARNING", "message":"Metric_vi IV. Tổng hàng tồn kho is not supported", "caller":"/mnt/c/Users/Admin/Downloads/Project/Github/ETL_Project/platforms/ingestion/cophieu68/load/load_datawarehouse_cophieu68.py:543"}
{"time":"2026-01-14T23:10:47", "level":"WARNING", "message":"Metric_vi 1. Hàng tồn kho is not supported", "caller":"/mnt/c/Users/Admin/Downloads/Project/Github/ETL_Project/platforms/ingestion/cophieu68/load/load_datawarehouse_cophieu68.py:543"}
{"time":"2026-01-14T23:10:47", "level":"WARNING", "message":"Metric_vi 2. Dự phòng giảm giá hàng tồn kho is not supported", "caller":"/mnt/c/Users/Admin/Downloads/Project/Github/ETL_Project/platforms/ingestion/cophieu68/load/load_datawarehouse_cophieu68.py:543"}
{"time":"2026-01-14T23:10:47", "level":"WARNING", "message":"Metric_vi V. Tài sản ngắn hạn khác is not supported", "caller":"/mnt/c/Users/Admin/Downloads/Project/Github/ETL_Project/platforms/ingestion/cophieu68/load/load_datawarehouse_cophieu68.py:543"}
{"time":"2026-01-14T23:10:47", "level":"WARNING", "message":"Metric_vi 1. Chi phí trả trước ngắn hạn is not supported", "caller":"/mnt/c/Users/Admin/Downloads/Project/Github/ETL_Project/platforms/ingestion/cophieu68/load/load_datawarehouse_cophieu68.py:543"}
{"time":"2026-01-14T23:10:48", "level":"WARNING", "message":"Metric_vi 2. Thuế giá trị gia tăng được khấu trừ is not supported", "caller":"/mnt/c/Users/Admin/Downloads/Project/Github/ETL_Project/platforms/ingestion/cophieu68/load/load_datawarehouse_cophieu68.py:543"}
{"time":"2026-01-14T23:10:48", "level":"WARNING", "message":"Metric_vi 3. Thuế và các khoản phải thu Nhà nước is not supported", "caller":"/mnt/c/Users/Admin/Downloads/Project/Github/ETL_Project/platforms/ingestion/cophieu68/load/load_datawarehouse_cophieu68.py:543"}
{"time":"2026-01-14T23:10:48", "level":"WARNING", "message":"Metric_vi 4. Giao dịch mua bán lại trái phiếu chính phủ is not supported", "caller":"/mnt/c/Users/Admin/Downloads/Project/Github/ETL_Project/platforms/ingestion/cophieu68/load/load_datawarehouse_cophieu68.py:543"}
{"time":"2026-01-14T23:10:48", "level":"WARNING", "message":"Metric_vi 5. Tài sản ngắn hạn khác is not supported", "caller":"/mnt/c/Users/Admin/Downloads/Project/Github/ETL_Project/platforms/ingestion/cophieu68/load/load_datawarehouse_cophieu68.py:543"}
{"time":"2026-01-14T23:10:48", "level":"WARNING", "message":"Metric_vi B. Tài sản cố định và đầu tư dài hạn is not supported", "caller":"/mnt/c/Users/Admin/Downloads/Project/Github/ETL_Project/platforms/ingestion/cophieu68/load/load_datawarehouse_cophieu68.py:543"}
{"time":"2026-01-15T00:01:52", "level":"ERROR", "message":"Insert failed: column "period" of relation "fact_income_statement_quarterly" does not exist
LINE 1: ...l, time_report_type, financial_report_type, year, period, me...
                                                             ^
", "caller":"/mnt/c/Users/Admin/Downloads/Project/Github/ETL_Project/platforms/storage/datawarehouse/postgresql/datawarehouse_storage.py:51"}
{"time":"2026-01-15T00:03:16", "level":"ERROR", "message":"Insert failed: column "period" of relation "fact_income_statement_quarterly" does not exist
LINE 1: ...l, time_report_type, financial_report_type, year, period, me...
                                                             ^
", "caller":"/mnt/c/Users/Admin/Downloads/Project/Github/ETL_Project/platforms/storage/datawarehouse/postgresql/datawarehouse_storage.py:51"}
{"time":"2026-01-15T00:04:39", "level":"ERROR", "message":"Insert failed: column "period" of relation "fact_income_statement_quarterly" does not exist
LINE 1: ...l, time_report_type, financial_report_type, year, period, me...
                                                             ^
", "caller":"/mnt/c/Users/Admin/Downloads/Project/Github/ETL_Project/platforms/storage/datawarehouse/postgresql/datawarehouse_storage.py:51"}
{"time":"2026-01-15T00:07:45", "level":"ERROR", "message":"Insert failed: column "period" of relation "fact_income_statement_quarterly" does not exist
LINE 1: ...l, time_report_type, financial_report_type, year, period, me...
                                                             ^
", "caller":"/mnt/c/Users/Admin/Downloads/Project/Github/ETL_Project/platforms/storage/datawarehouse/postgresql/datawarehouse_storage.py:51"}
{"time":"2026-01-15T00:10:16", "level":"ERROR", "message":"Insert failed: column "period" of relation "fact_income_statement_quarterly" does not exist
LINE 1: ...l, time_report_type, financial_report_type, year, period, me...
                                                             ^
", "caller":"/mnt/c/Users/Admin/Downloads/Project/Github/ETL_Project/platforms/storage/datawarehouse/postgresql/datawarehouse_storage.py:51"}
{"time":"2026-01-15T00:11:32", "level":"ERROR", "message":"Insert failed: duplicate key value violates unique constraint "dim_report_type_pkey"
DETAIL:  Key (report_type_key)=(Y) already exists.
", "caller":"/mnt/c/Users/Admin/Downloads/Project/Github/ETL_Project/platforms/storage/datawarehouse/postgresql/datawarehouse_storage.py:51"}
{"time":"2026-01-15T00:12:20", "level":"ERROR", "message":"Insert failed: invalid input syntax for type numeric: "NET_INTEREST_INCOME"
LINE 1: ...VCB', 'quarter', 'income_statement', '2024', '4', 'NET_INTER...
                                                             ^
", "caller":"/mnt/c/Users/Admin/Downloads/Project/Github/ETL_Project/platforms/storage/datawarehouse/postgresql/datawarehouse_storage.py:51"}
{"time":"2026-01-15T07:10:22", "level":"ERROR", "message":"Execute failed: null value in column "symbol" of relation "dim_company" violates not-null constraint
DETAIL:  Failing row contains (fact_match_detail_799430243059240960, null, null, null, null, null, null, null, null, null, null, null, null, null, null, null, null, null, null, t, null, 2026-01-15 00:10:22.732061+00).
", "caller":"/mnt/c/Users/Admin/Downloads/Project/Github/ETL_Project/platforms/storage/datawarehouse/postgresql/datawarehouse_storage.py:196"}
{"time":"2026-01-15T07:10:23", "level":"ERROR", "message":"Insert failed: value too long for type character varying(32)
", "caller":"/mnt/c/Users/Admin/Downloads/Project/Github/ETL_Project/platforms/storage/datawarehouse/postgresql/datawarehouse_storage.py:51"}
